TeuB_maduro_1-335	2ioy-assembly2_B	0.223	282	4.193E-23	772	1.000	8.956E-01	0.821	0.993	2ioy-assembly2_B Crystal structure of Thermoanaerobacter tengcongensis ribose binding protein
TeuB_maduro_1-335	5ocp-assembly2_B	0.236	288	1.077E-21	732	1.000	9.197E-01	0.827	0.934	5ocp-assembly2_B The periplasmic binding protein component of the arabinose ABC transporter from Shewanella sp. ANA-3 bound to alpha and beta-L-arabinofuranose
TeuB_maduro_1-335	2gx6-assembly1_A	0.208	273	5.296E-21	716	1.000	9.156E-01	0.809	0.985	2gx6-assembly1_A Rational stabilization of E. coli ribose binding protein
TeuB_maduro_1-335	1drj-assembly1_A	0.201	273	6.706E-21	711	1.000	9.147E-01	0.809	0.985	1drj-assembly1_A PROBING PROTEIN-PROTEIN INTERACTIONS: THE RIBOSE-BINDING PROTEIN IN BACTERIAL TRANSPORT AND CHEMOTAXIS
TeuB_maduro_1-335	7e7m-assembly4_D	0.223	282	2.060E-21	711	1.000	9.132E-01	0.833	0.996	7e7m-assembly4_D Crystal Structure Analysis of the Streptococcus agalactiae Ribose Binding Protein RbsB
TeuB_maduro_1-335	4rsm-assembly3_C	0.250	287	1.627E-21	710	1.000	8.812E-01	0.830	0.876	4rsm-assembly3_C Crystal structure of carbohydrate transporter msmeg_3599 from mycobacterium smegmatis str. mc2 155, target efi-510970, in complex with d-threitol
TeuB_maduro_1-335	1dbp-assembly1_A	0.203	275	4.183E-21	709	1.000	9.058E-01	0.809	0.985	1dbp-assembly1_A IDENTICAL MUTATIONS AT CORRESPONDING POSITIONS IN TWO HOMOLOGOUS PROTEINS WITH NON-IDENTICAL EFFECTS
TeuB_maduro_1-335	4ry0-assembly1_A	0.199	296	1.446E-21	695	1.000	8.598E-01	0.863	0.990	4ry0-assembly1_A Crystal structure of ribose transporter solute binding protein RHE_PF00037 from Rhizobium etli CFN 42, TARGET EFI-511357, in complex with D-ribose
TeuB_maduro_1-335	2vk2-assembly1_A	0.191	293	6.706E-21	692	1.000	9.037E-01	0.833	0.966	2vk2-assembly1_A Crystal structure of a galactofuranose binding protein
TeuB_maduro_1-335	1drk-assembly1_A	0.201	273	4.432E-20	685	1.000	9.124E-01	0.809	0.985	1drk-assembly1_A PROBING PROTEIN-PROTEIN INTERACTIONS: THE RIBOSE-BINDING PROTEIN IN BACTERIAL TRANSPORT AND CHEMOTAXIS
TeuB_maduro_1-335	5hko-assembly1_A	0.243	287	2.606E-20	680	1.000	8.891E-01	0.830	0.876	5hko-assembly1_A Crystal structure of ABC transporter Solute Binding Protein MSMEG_3598 from Mycobacterium smegmatis str. MC2 155, target EFI-510969, in complex with L-sorbitol
TeuB_maduro_1-335	5dte-assembly3_C	0.214	289	2.932E-20	675	1.000	9.038E-01	0.830	0.993	5dte-assembly3_C Crystal Structure of an ABC transporter periplasmic solute binding protein (IPR025997) from Actinobacillus succinogenes 130z(Asuc_0081, TARGET EFI-511065) with bound D-allose
TeuB_maduro_1-335	4zjp-assembly1_A	0.169	277	8.998E-20	663	1.000	8.964E-01	0.815	0.993	4zjp-assembly1_A Structure of an ABC-Transporter Solute Binding Protein (SBP_IPR025997) from Actinobacillus Succinogenes (Asuc_0197, TARGET EFI-511067) with bound beta-D-ribopyranose
TeuB_maduro_1-335	4yo7-assembly1_A	0.197	293	3.300E-20	662	1.000	8.875E-01	0.845	0.979	4yo7-assembly1_A Crystal Structure of an ABC transporter solute binding protein (IPR025997) from Bacillus halodurans C-125 (BH2323, TARGET EFI-511484) with bound myo-inositol
TeuB_maduro_1-335	6hyh-assembly1_A	0.221	289	1.282E-19	657	1.000	9.083E-01	0.830	0.931	6hyh-assembly1_A Crystal structure of MSMEG_1712 from Mycobacterium smegmatis in complex with Beta-D-Fucofuranose
TeuB_maduro_1-335	4pe6-assembly1_A	0.237	312	7.996E-20	650	1.000	8.654E-01	0.899	0.938	4pe6-assembly1_A Crystal structure of ABC transporter solute binding protein from Thermobispora bispora DSM 43833
TeuB_maduro_1-335	5dte-assembly4_D	0.220	290	7.996E-20	648	1.000	8.743E-01	0.830	0.993	5dte-assembly4_D Crystal Structure of an ABC transporter periplasmic solute binding protein (IPR025997) from Actinobacillus succinogenes 130z(Asuc_0081, TARGET EFI-511065) with bound D-allose
TeuB_maduro_1-335	2fn8-assembly1_A	0.188	302	2.058E-20	644	1.000	8.387E-01	0.836	0.979	2fn8-assembly1_A Thermotoga maritima Ribose Binding Protein Ribose Bound Form
TeuB_maduro_1-335	1urp-assembly1_A	0.205	273	7.547E-21	634	1.000	7.561E-01	0.809	0.985	1urp-assembly1_A D-RIBOSE-BINDING PROTEIN FROM ESCHERICHIA COLI
TeuB_maduro_1-335	2x7x-assembly1_B	0.200	284	2.310E-18	633	1.000	9.088E-01	0.830	0.923	2x7x-assembly1_B Fructose binding periplasmic domain of hybrid two component system BT1754
TeuB_maduro_1-335	4yv7-assembly1_A	0.207	299	7.098E-19	627	1.000	8.956E-01	0.875	1.000	4yv7-assembly1_A CRYSTAL STRUCTURE OF AN ABC TRANSPORTER SOLUTE BINDING PROTEIN (IPR025997) FROM MYCOBACTERIUM SMEGMATIS (MSMEI_3018, TARGET EFI-511327) WITH BOUND GLYCEROL
TeuB_maduro_1-335	4ry9-assembly2_B	0.232	301	2.761E-19	619	1.000	8.859E-01	0.848	0.987	4ry9-assembly2_B Crystal structure of carbohydrate transporter solute binding protein VEIS_2079 from Verminephrobacter eiseniae EF01-2, TARGET EFI-511009, a complex with D-TALITOL
TeuB_maduro_1-335	4joq-assembly1_B	0.252	297	1.625E-20	617	1.000	7.925E-01	0.860	0.990	4joq-assembly1_B Putative ribose ABC transporter, periplasmic solute-binding protein from Rhodobacter sphaeroides
TeuB_maduro_1-335	5dkv-assembly4_D	0.220	304	1.282E-19	609	1.000	8.407E-01	0.842	0.993	5dkv-assembly4_D Crystal Structure of an ABC transporter Solute Binding Protein from Agrobacterium vitis(Avis_5339, TARGET EFI-511225) bound with alpha-D-Tagatopyranose
TeuB_maduro_1-335	4wut-assembly1_A	0.195	282	5.278E-18	592	1.000	8.854E-01	0.821	0.962	4wut-assembly1_A CRYSTAL STRUCTURE OF AN ABC TRANSPORTER SOLUTE BINDING PROTEIN (IPR025997) FROM AGROBACTERIUM VITIS (Avi_5133, TARGET EFI-511220) WITH BOUND D-FUCOSE
TeuB_maduro_1-335	2fn9-assembly2_B	0.184	292	2.929E-19	579	1.000	8.137E-01	0.809	0.989	2fn9-assembly2_B Thermotoga maritima Ribose Binding Protein Unliganded Form
TeuB_maduro_1-335	1ba2-assembly2_B	0.203	275	6.699E-20	578	1.000	6.941E-01	0.809	0.985	1ba2-assembly2_B D67R MUTANT OF D-RIBOSE-BINDING PROTEIN FROM ESCHERICHIA COLI
TeuB_maduro_1-335	7x0p-assembly1_A	0.197	288	2.051E-17	571	1.000	8.896E-01	0.833	0.913	7x0p-assembly1_A Crystal structure of sugar binding protein CbpD from Clostridium thermocellum
TeuB_maduro_1-335	3l6u-assembly1_B	0.163	276	2.922E-17	564	1.000	8.736E-01	0.800	0.985	3l6u-assembly1_B Crystal structure of abc-type sugar transport system, Periplasmic component from exiguobacterium sibiricum
TeuB_maduro_1-335	2rjo-assembly1_A	0.175	308	1.935E-18	564	1.000	8.107E-01	0.839	0.919	2rjo-assembly1_A Crystal structure of Twin-arginine translocation pathway signal protein from Burkholderia phytofirmans
TeuB_maduro_1-335	4irx-assembly2_B	0.183	295	2.755E-17	561	1.000	8.754E-01	0.845	0.966	4irx-assembly2_B Crystal structure of Caulobacter myo-inositol binding protein bound to myo-inositol
TeuB_maduro_1-335	4rwe-assembly1_A	0.209	291	3.929E-18	555	1.000	7.879E-01	0.830	0.976	4rwe-assembly1_A The crystal structure of a sugar-binding transport protein from Yersinia pestis CO92
TeuB_maduro_1-335	5hqj-assembly1_A	0.188	297	1.822E-17	555	1.000	8.689E-01	0.851	0.993	5hqj-assembly1_A Crystal structure of ABC transporter Solute Binding Protein B1G1H7 from Burkholderia graminis C4D1M, target EFI-511179, in complex with D-arabinose
TeuB_maduro_1-335	3ksm-assembly2_A	0.185	280	6.675E-17	553	1.000	8.789E-01	0.812	0.996	3ksm-assembly2_A Crystal structure of ABC-type sugar transport system, periplasmic component from Hahella chejuensis
TeuB_maduro_1-335	4rxt-assembly1_A	0.160	299	1.357E-17	551	1.000	8.482E-01	0.839	0.986	4rxt-assembly1_A Crystal structure of carbohydrate transporter solute binding protein Arad_9553 from Agrobacterium Radiobacter, Target EFI-511541, in complex with D-arabinose
TeuB_maduro_1-335	4yle-assembly1_A	0.213	291	2.597E-17	545	1.000	8.394E-01	0.821	1.000	4yle-assembly1_A Crystal structure of an ABC transpoter solute binding protein (IPR025997) from Burkholderia multivorans (Bmul_1631, Target EFI-511115) with an unknown ligand modelled as alpha-D-erythrofuranose
TeuB_maduro_1-335	4rxm-assembly2_B	0.192	291	3.096E-16	543	1.000	8.965E-01	0.839	0.979	4rxm-assembly2_B Crystal structure of periplasmic ABC transporter solute binding protein A7JW62 from Mannheimia haemolytica PHL213, Target EFI-511105, in complex with Myo-inositol
TeuB_maduro_1-335	3ksm-assembly3_B	0.182	279	5.272E-17	536	1.000	8.592E-01	0.812	0.993	3ksm-assembly3_B Crystal structure of ABC-type sugar transport system, periplasmic component from Hahella chejuensis
TeuB_maduro_1-335	8wlb-assembly1_A	0.200	269	1.618E-16	536	1.000	8.606E-01	0.767	0.920	8wlb-assembly1_A X-ray structure of Enterobacter cloacae allose-binding protein in complex with D-psicose
TeuB_maduro_1-335	3l49-assembly1_A	0.213	291	1.070E-16	534	1.000	8.712E-01	0.833	1.000	3l49-assembly1_A CRYSTAL STRUCTURE OF ABC SUGAR TRANSPORTER SUBUNIT FROM Rhodobacter sphaeroides 2.4.1
TeuB_maduro_1-335	3c6q-assembly3_C	0.174	298	1.618E-16	533	1.000	8.626E-01	0.833	0.954	3c6q-assembly3_C Apo and ligand-bound form of a thermophilic glucose/xylose binding protein
TeuB_maduro_1-335	4wzz-assembly1_A	0.168	327	3.704E-18	531	1.000	7.995E-01	0.845	0.988	4wzz-assembly1_A CRYSTAL STRUCTURE OF AN ABC TRANSPORTER SOLUTE BINDING PROTEIN (IPR025997) FROM CLOSTRIDIUM PHYTOFERMENTAS (Cphy_0583, TARGET EFI-511148) WITH BOUND L-RHAMNOSE
TeuB_maduro_1-335	4ywh-assembly2_B	0.177	299	2.751E-16	530	1.000	8.629E-01	0.830	0.951	4ywh-assembly2_B CRYSTAL STRUCTURE OF AN ABC TRANSPORTER SOLUTE BINDING PROTEIN (IPR025997) FROM ACTINOBACILLUS SUCCINOGENES 130Z (Asuc_0499, TARGET EFI-511068) WITH BOUND D-XYLOSE
TeuB_maduro_1-335	4kq9-assembly1_A	0.179	295	3.288E-17	528	1.000	8.221E-01	0.845	0.950	4kq9-assembly1_A Crystal structure of periplasmic ribose ABC transporter from Conexibacter woesei DSM 14684
TeuB_maduro_1-335	6gq0-assembly1_A	0.170	281	7.959E-16	520	1.000	8.719E-01	0.824	0.982	6gq0-assembly1_A Crystal structure of GanP, a glucose-galactose binding protein from Geobacillus stearothermophilus
TeuB_maduro_1-335	6hb0-assembly2_B	0.228	293	3.929E-18	518	1.000	7.282E-01	0.836	0.933	6hb0-assembly2_B Crystal structure of MSMEG_1712 from Mycobacterium smegmatis
TeuB_maduro_1-335	4yhs-assembly1_A	0.171	314	3.488E-17	518	1.000	7.994E-01	0.910	0.892	4yhs-assembly1_A CRYSTAL STRUCTURE OF AN ABC TRANSPORTER SOLUTE BINDING PROTEIN (IPR025997) FROM BRADYRHIZOBIUM sp. BTAi1 (BBta_2440, TARGET EFI-511490) WITH BOUND BIS-TRIS
TeuB_maduro_1-335	5br1-assembly1_A	0.170	310	2.919E-16	515	1.000	8.568E-01	0.824	0.934	5br1-assembly1_A CRYSTAL STRUCTURE OF AN ABC TRANSPORTER SOLUTE BINDING PROTEIN (IPR025997) FROM AGROBACTERIUM VITIS S4 (Avi_5305, TARGET EFI-511224) WITH BOUND ALPHA-D-GALACTOSAMINE
TeuB_maduro_1-335	5hsg-assembly1_A	0.186	289	1.620E-17	514	1.000	7.619E-01	0.839	0.986	5hsg-assembly1_A Crystal structure of an ABC transporter Solute Binding Protein from Klebsiella pneumoniae (KPN_01730, target EFI-511059), APO open structure
TeuB_maduro_1-335	1gud-assembly2_B	0.184	292	2.755E-17	512	1.000	7.249E-01	0.809	0.983	1gud-assembly2_B Hinge-bending motion of D-allose binding protein from Escherichia coli: three open conformations
TeuB_maduro_1-335	3brs-assembly2_B	0.146	280	5.266E-16	510	1.000	8.586E-01	0.815	0.989	3brs-assembly2_B Crystal structure of sugar transporter from Clostridium phytofermentans
TeuB_maduro_1-335	4wt7-assembly2_B	0.209	291	6.667E-16	503	1.000	8.554E-01	0.830	0.969	4wt7-assembly2_B Crystal structure of an ABC transporter solute binding protein (IPR025997) from Agrobacterium vitis (Avi_5165, Target EFI-511223) with bound allitol
TeuB_maduro_1-335	6sw4-assembly1_A	0.166	301	1.278E-16	501	1.000	7.709E-01	0.839	0.993	6sw4-assembly1_A The structure of AraP, an arabinose binding protein from Geobacillus stearothermophilus
TeuB_maduro_1-335	4ry8-assembly1_C	0.177	299	4.158E-16	498	1.000	8.472E-01	0.863	0.900	4ry8-assembly1_C Crystal structure of 5-methylthioribose transporter solute binding protein TLET_1677 from Thermotoga lettingae TMO TARGET EFI-511109 in complex with 5-methylthioribose
TeuB_maduro_1-335	3brs-assembly1_A	0.146	287	1.276E-15	492	1.000	8.380E-01	0.815	0.989	3brs-assembly1_A Crystal structure of sugar transporter from Clostridium phytofermentans
TeuB_maduro_1-335	3h75-assembly1_A	0.163	305	3.284E-16	492	1.000	8.159E-01	0.827	0.881	3h75-assembly1_A Crystal Structure of a Periplasmic Sugar-binding protein from the Pseudomonas fluorescens
TeuB_maduro_1-335	2qvc-assembly2_D	0.171	303	1.069E-15	489	1.000	8.244E-01	0.830	0.960	2qvc-assembly2_D Crystal structure of a periplasmic sugar ABC transporter from Thermotoga maritima
TeuB_maduro_1-335	3g1w-assembly1_A	0.172	301	1.008E-15	487	1.000	8.187E-01	0.833	0.993	3g1w-assembly1_A Crystal structure of sugar ABC transporter (sugar-binding protein) from Bacillus halodurans
TeuB_maduro_1-335	4pz0-assembly1_A	0.149	327	3.920E-16	487	1.000	8.127E-01	0.851	0.991	4pz0-assembly1_A The crystal structure of a solute binding protein from Bacillus anthracis str. Ames in complex with quorum-sensing signal autoinducer-2 (AI-2)
TeuB_maduro_1-335	8fxt-assembly1_A	0.163	319	8.443E-16	486	1.000	8.166E-01	0.833	0.997	8fxt-assembly1_A Escherichia coli periplasmic Glucose-Binding Protein glucose complex: Acrylodan conjugate attached at W183C
TeuB_maduro_1-335	3ejw-assembly2_B	0.136	322	6.667E-16	481	1.000	8.213E-01	0.836	0.994	3ejw-assembly2_B Crystal Structure of the Sinorhizobium meliloti AI-2 receptor, SmLsrB
TeuB_maduro_1-335	5ix8-assembly1_A	0.184	325	2.751E-16	480	1.000	8.019E-01	0.896	0.965	5ix8-assembly1_A Crystal structure of sugar ABC transport system, substrate-binding protein from Bordetella parapertussis 12822
TeuB_maduro_1-335	3t95-assembly1_A	0.127	322	2.302E-15	475	1.000	8.276E-01	0.839	0.997	3t95-assembly1_A Crystal structure of LsrB from Yersinia pestis complexed with autoinducer-2
TeuB_maduro_1-335	8fxu-assembly1_A	0.171	320	3.280E-15	472	1.000	8.223E-01	0.830	0.984	8fxu-assembly1_A Thermoanaerobacter thermosaccharolyticum periplasmic Glucose-Binding Protein glucose complex: Badan conjugate attached at F17C
TeuB_maduro_1-335	5ulb-assembly1_A	0.175	291	1.007E-14	472	1.000	8.604E-01	0.830	0.844	5ulb-assembly1_A Crystal structure of sugar ABC transporter from Yersinia enterocolitica subsp. enterocolitica 8081
TeuB_maduro_1-335	2ipl-assembly1_A	0.175	320	1.354E-15	469	1.000	8.028E-01	0.833	0.993	2ipl-assembly1_A Crystal structure of a disulfide mutant glucose binding protein
TeuB_maduro_1-335	3g1w-assembly1_B	0.174	303	8.443E-16	468	1.000	7.800E-01	0.833	0.990	3g1w-assembly1_B Crystal structure of sugar ABC transporter (sugar-binding protein) from Bacillus halodurans
TeuB_maduro_1-335	4wwh-assembly2_B	0.195	322	7.949E-15	466	1.000	8.381E-01	0.827	0.948	4wwh-assembly2_B CRYSTAL STRUCTURE OF AN ABC TRANSPORTER SOLUTE BINDING PROTEIN (IPR025997) FROM MYCOBACTERIUM SMEGMATIS (MSMEG_1704, TARGET EFI-510967) WITH BOUND D-GALACTOSE
TeuB_maduro_1-335	4ry8-assembly1_A	0.180	288	1.068E-14	465	1.000	8.619E-01	0.827	0.879	4ry8-assembly1_A Crystal structure of 5-methylthioribose transporter solute binding protein TLET_1677 from Thermotoga lettingae TMO TARGET EFI-511109 in complex with 5-methylthioribose
TeuB_maduro_1-335	3d02-assembly1_A	0.185	308	4.406E-15	463	1.000	8.324E-01	0.836	0.997	3d02-assembly1_A Crystal structure of periplasmic sugar-binding protein (YP_001338366.1) from Klebsiella pneumoniae subsp. pneumoniae MGH 78578 at 1.30 A resolution
TeuB_maduro_1-335	5kws-assembly1_A	0.174	321	8.956E-16	461	1.000	7.801E-01	0.833	0.990	5kws-assembly1_A Crystal Structure of Galactose Binding Protein from Yersinia pestis in the Complex with beta D Glucose
TeuB_maduro_1-335	7x0h-assembly1_A	0.142	302	4.674E-15	457	1.000	7.990E-01	0.863	1.000	7x0h-assembly1_A Crystal structure of sugar binding protein CbpA complexed wtih glucose from Clostridium thermocellum
TeuB_maduro_1-335	5xsj-assembly1_X-2	0.171	269	2.745E-14	456	1.000	8.563E-01	0.782	0.971	5xsj-assembly1_X-2 XylFII-LytSN complex
TeuB_maduro_1-335	5xss-assembly3_B	0.166	276	1.005E-13	454	1.000	8.788E-01	0.809	0.978	5xss-assembly3_B XylFII molecule
TeuB_maduro_1-335	5bq3-assembly4_D	0.149	315	6.660E-15	451	1.000	7.849E-01	0.854	0.994	5bq3-assembly4_D Crystal structure of a sugar ABC transporter (ACTODO_00688) from Actinomyces odontolyticus ATCC 17982 at 2.60 A resolution
TeuB_maduro_1-335	2ipn-assembly1_A	0.178	320	7.503E-16	446	1.000	7.612E-01	0.833	0.997	2ipn-assembly1_A Crystal structure of a disulfide mutant glucose binding protein
TeuB_maduro_1-335	3m9w-assembly1_A	0.195	302	7.494E-15	445	1.000	7.395E-01	0.827	0.954	3m9w-assembly1_A Open ligand-free crystal structure of xylose binding protein from Escherichia coli
TeuB_maduro_1-335	2ipm-assembly1_A	0.170	322	4.958E-15	442	1.000	7.814E-01	0.833	0.990	2ipm-assembly1_A Crystal structure of a disulfide mutant glucose binding protein
TeuB_maduro_1-335	4ys6-assembly1_A	0.181	331	3.089E-14	440	1.000	8.271E-01	0.842	0.988	4ys6-assembly1_A CRYSTAL STRUCTURE OF AN ABC TRANSPORTER SOLUTE BINDING PROTEIN (IPR025997) FROM CLOSTRIDIUM PHYTOFERMENTANS (Cphy_1585, TARGET EFI-511156) WITH BOUND BETA-D-GLUCOSE
TeuB_maduro_1-335	3gbp-assembly1_A	0.162	320	1.202E-14	437	1.000	7.859E-01	0.830	0.993	3gbp-assembly1_A STRUCTURE OF THE PERIPLASMIC GLUCOSE/GALACTOSE RECEPTOR OF SALMONELLA TYPHIMURIUM
TeuB_maduro_1-335	3urm-assembly1_A	0.182	335	3.089E-14	430	1.000	8.110E-01	0.851	0.991	3urm-assembly1_A Crystal structure of the periplasmic sugar binding protein ChvE
TeuB_maduro_1-335	4z0n-assembly1_A	0.154	318	4.952E-14	425	1.000	8.188E-01	0.839	0.997	4z0n-assembly1_A Crystal Structure of a Periplasmic Solute binding protein (IPR025997) from Streptobacillus moniliformis DSM-12112 (Smon_0317, TARGET EFI-511281) with bound D-Galactose
TeuB_maduro_1-335	2gbp-assembly1_A	0.175	325	3.092E-15	424	1.000	7.453E-01	0.842	0.994	2gbp-assembly1_A SUGAR AND SIGNAL-TRANSDUCER BINDING SITES OF THE ESCHERICHIA COLI GALACTOSE CHEMORECEPTOR PROTEIN
TeuB_maduro_1-335	4ru1-assembly3_C	0.173	289	1.433E-13	418	1.000	8.304E-01	0.830	0.958	4ru1-assembly3_C Crystal structure of carbohydrate transporter ACEI_1806 from Acidothermus cellulolyticus 11B, TARGET EFI-510965, in complex with myo-inositol
TeuB_maduro_1-335	1tm2-assembly1_A	0.154	323	5.253E-14	418	1.000	7.980E-01	0.839	0.997	1tm2-assembly1_A Crystal Structure of the apo form of the Salmonella typhimurium AI-2 receptor LsrB
TeuB_maduro_1-335	4rxu-assembly1_A	0.173	334	8.924E-13	411	1.000	8.574E-01	0.836	0.962	4rxu-assembly1_A Crystal structure of carbohydrate transporter solute binding protein CAUR_1924 from Chloroflexus aurantiacus, Target EFI-511158, in complex with D-glucose
TeuB_maduro_1-335	5bra-assembly1_A	0.175	324	1.924E-13	398	1.000	7.677E-01	0.851	0.975	5bra-assembly1_A Crystal Structure of a putative Periplasmic Solute binding protein (IPR025997) from Ochrobactrum Anthropi ATCC49188 (Oant_2843, TARGET EFI-511085)
TeuB_maduro_1-335	6dsp-assembly2_B	0.128	335	1.710E-13	392	1.000	7.754E-01	0.836	0.997	6dsp-assembly2_B LsrB from Clostridium saccharobutylicum in complex with AI-2
TeuB_maduro_1-335	4kvf-assembly1_A	0.169	325	1.612E-13	390	1.000	7.343E-01	0.866	0.997	4kvf-assembly1_A The crystal structure of a rhamnose ABC transporter, periplasmic rhamnose-binding protein from Kribbella flavida DSM 17836
TeuB_maduro_1-335	1jx6-assembly1_A	0.153	307	2.436E-13	390	1.000	8.034E-01	0.866	0.885	1jx6-assembly1_A CRYSTAL STRUCTURE OF LUXP FROM VIBRIO HARVEYI COMPLEXED WITH AUTOINDUCER-2
TeuB_maduro_1-335	1jft-assembly1_A-2	0.173	282	2.294E-12	378	1.000	8.279E-01	0.809	0.779	1jft-assembly1_A-2 PURINE REPRESSOR MUTANT-HYPOXANTHINE-PURF OPERATOR COMPLEX
TeuB_maduro_1-335	3rot-assembly1_A	0.138	268	3.269E-12	374	1.000	8.209E-01	0.761	0.938	3rot-assembly1_A Crystal structure of ABC sugar transporter (periplasmic sugar binding protein) from Legionella pneumophila
TeuB_maduro_1-335	3o75-assembly1_B	0.158	277	2.039E-12	371	1.000	8.148E-01	0.806	0.967	3o75-assembly1_B Crystal structure of Cra transcriptional dual regulator from Pseudomonas putida in complex with fructose 1-phosphate'
TeuB_maduro_1-335	3o1i-assembly1_C	0.131	312	1.708E-12	367	1.000	7.899E-01	0.881	0.987	3o1i-assembly1_C Crystal Structure of the TorS sensor domain - TorT complex in the absence of ligand
TeuB_maduro_1-335	1vpw-assembly1_A-2	0.166	283	4.658E-12	364	1.000	8.230E-01	0.809	0.784	1vpw-assembly1_A-2 STRUCTURE OF THE PURR MUTANT, L54M, BOUND TO HYPOXANTHINE AND PURF OPERATOR DNA
TeuB_maduro_1-335	2pua-assembly1_A	0.178	286	2.739E-12	364	1.000	8.095E-01	0.809	0.782	2pua-assembly1_A CRYSTAL STRUCTURE OF THE LACI FAMILY MEMBER, PURR, BOUND TO DNA: MINOR GROOVE BINDING BY ALPHA HELICES
TeuB_maduro_1-335	5ysz-assembly1_A-2	0.161	298	2.294E-12	359	1.000	7.677E-01	0.827	0.844	5ysz-assembly1_A-2 transcriptional regulator CelR-cellobiose complex
TeuB_maduro_1-335	1jh9-assembly1_A-2	0.176	284	5.560E-12	359	1.000	8.124E-01	0.809	0.782	1jh9-assembly1_A-2 PURINE REPRESSOR MUTANT-HYPOXANTHINE-PURF OPERATOR COMPLEX
TeuB_maduro_1-335	3o1i-assembly1_D	0.141	311	6.256E-12	356	1.000	7.937E-01	0.881	0.983	3o1i-assembly1_D Crystal Structure of the TorS sensor domain - TorT complex in the absence of ligand
TeuB_maduro_1-335	1qpz-assembly1_A	0.182	285	5.560E-12	355	1.000	8.069E-01	0.809	0.782	1qpz-assembly1_A PURINE REPRESSOR-HYPOXANTHINE-PALINDROMIC OPERATOR COMPLEX
TeuB_maduro_1-335	2o20-assembly3_E	0.182	279	3.468E-12	354	1.000	7.893E-01	0.812	0.967	2o20-assembly3_E Crystal structure of transcription regulator CcpA of Lactococcus lactis
TeuB_maduro_1-335	5xsd-assembly1_B	0.164	286	5.247E-13	353	1.000	6.474E-01	0.824	0.986	5xsd-assembly1_B XylFII-LytSN complex mutant - D103A
TeuB_maduro_1-335	2paf-assembly1_B	0.160	280	1.429E-11	352	1.000	8.273E-01	0.809	0.978	2paf-assembly1_B Crystal Structure of the Lactose Repressor bound to anti-inducer ONPF in induced state
TeuB_maduro_1-335	1jfs-assembly1_A-2	0.179	284	1.706E-11	351	1.000	8.247E-01	0.809	0.782	1jfs-assembly1_A-2 PURINE REPRESSOR MUTANT-HYPOXANTHINE-PURF OPERATOR COMPLEX
TeuB_maduro_1-335	4kqc-assembly1_A	0.149	327	5.241E-12	349	1.000	7.648E-01	0.839	0.984	4kqc-assembly1_A ABC transporter, LacI family transcriptional regulator from Brachyspira murdochii
TeuB_maduro_1-335	2fep-assembly1_A-2	0.185	280	7.912E-11	345	1.000	8.532E-01	0.809	0.974	2fep-assembly1_A-2 Structure of truncated CcpA in complex with P-Ser-HPr and Sulfate ions
TeuB_maduro_1-335	3bbl-assembly1_A	0.178	286	1.920E-11	345	1.000	8.074E-01	0.815	0.972	3bbl-assembly1_A Crystal structure of a regulatory protein of LacI family from Chloroflexus aggregans
TeuB_maduro_1-335	3e3m-assembly2_D	0.170	281	3.468E-12	344	1.000	7.759E-01	0.809	0.963	3e3m-assembly2_D Crystal structure of a LacI family transcriptional regulator from Silicibacter pomeroyi
TeuB_maduro_1-335	2pue-assembly1_A	0.180	283	3.078E-11	343	1.000	8.186E-01	0.809	0.784	2pue-assembly1_A CRYSTAL STRUCTURE OF THE LACI FAMILY MEMBER, PURR, BOUND TO DNA: MINOR GROOVE BINDING BY ALPHA HELICES
TeuB_maduro_1-335	1bdh-assembly1_A	0.172	290	1.003E-11	340	1.000	7.848E-01	0.809	0.784	1bdh-assembly1_A PURINE REPRESSOR MUTANT-HYPOXANTHINE-PALINDROMIC OPERATOR COMPLEX
TeuB_maduro_1-335	3oqo-assembly1_C	0.173	277	8.904E-11	339	1.000	8.517E-01	0.809	0.795	3oqo-assembly1_C Ccpa-hpr-ser46p-syn cre
TeuB_maduro_1-335	2pe5-assembly2_C-2	0.160	281	7.912E-11	338	1.000	8.420E-01	0.809	0.802	2pe5-assembly2_C-2 Crystal Structure of the Lac Repressor bound to ONPG in repressed state
TeuB_maduro_1-335	1jye-assembly1_A-2	0.157	280	8.904E-11	335	1.000	8.381E-01	0.806	0.967	1jye-assembly1_A-2 Structure of a Dimeric Lac Repressor with C-terminal Deletion and K84L Substitution
TeuB_maduro_1-335	3gbv-assembly1_A	0.145	296	6.629E-11	334	1.000	8.304E-01	0.836	0.993	3gbv-assembly1_A Crystal structure of a putative LacI transcriptional regulator from Bacteroides fragilis
TeuB_maduro_1-335	3gbv-assembly1_B	0.129	293	1.002E-10	332	1.000	8.333E-01	0.836	0.993	3gbv-assembly1_B Crystal structure of a putative LacI transcriptional regulator from Bacteroides fragilis
TeuB_maduro_1-335	5abp-assembly1_A	0.142	309	7.468E-12	332	1.000	7.352E-01	0.830	0.964	5abp-assembly1_A SUBSTRATE SPECIFICITY AND AFFINITY OF A PROTEIN MODULATED BY BOUND WATER MOLECULES
TeuB_maduro_1-335	1lbi-assembly1_D	0.157	280	1.063E-10	328	1.000	8.136E-01	0.803	0.892	1lbi-assembly1_D LAC REPRESSOR
TeuB_maduro_1-335	1bap-assembly1_A	0.130	307	1.706E-11	328	1.000	7.473E-01	0.830	0.964	1bap-assembly1_A A PRO TO GLY MUTATION IN THE HINGE OF THE ARABINOSE-BINDING PROTEIN ENHANCES BINDING AND ALTERS SPECIFICITY: SUGAR-BINDING AND CRYSTALLOGRAPHIC STUDIES
TeuB_maduro_1-335	1rzr-assembly1_G	0.177	270	8.393E-11	323	1.000	8.098E-01	0.758	0.747	1rzr-assembly1_G crystal structure of transcriptional regulator-phosphoprotein-DNA complex
TeuB_maduro_1-335	4yp9-assembly1_A	0.157	305	1.810E-11	323	1.000	7.650E-01	0.866	0.872	4yp9-assembly1_A Crystal Structure of LuxP In Complex With a Formose Derived AI-2 Analogue
TeuB_maduro_1-335	8abp-assembly1_A	0.127	305	1.706E-11	322	1.000	7.413E-01	0.830	0.964	8abp-assembly1_A SUGAR-BINDING AND CRYSTALLOGRAPHIC STUDIES OF AN ARABINOSE-BINDING PROTEIN MUTANT (MET108LEU) WHICH EXHIBITS ENHANCED AFFINITY AND ALTERED SPECIFICITY
TeuB_maduro_1-335	2hj9-assembly1_B	0.160	305	1.270E-11	322	1.000	7.514E-01	0.866	0.878	2hj9-assembly1_B Crystal structure of the Autoinducer-2-bound form of Vibrio harveyi LuxP complexed with the periplasmic domain of LuxQ
TeuB_maduro_1-335	3k4h-assembly1_A	0.143	300	4.941E-12	321	1.000	7.264E-01	0.809	0.989	3k4h-assembly1_A CRYSTAL STRUCTURE OF putative transcriptional regulator LacI from Bacillus cereus subsp. cytotoxis NVH 391-98
TeuB_maduro_1-335	1jyf-assembly1_A	0.158	272	2.158E-10	319	1.000	8.195E-01	0.782	0.934	1jyf-assembly1_A Structure of the Dimeric Lac Repressor with an 11-residue C-terminal Deletion.
TeuB_maduro_1-335	2nzu-assembly1_G-2	0.184	287	5.891E-11	319	1.000	7.775E-01	0.797	0.985	2nzu-assembly1_G-2 Structural mechanism for the fine-tuning of CcpA function by the small molecule effectors G6P and FBP
TeuB_maduro_1-335	3jvd-assembly1_B	0.175	279	8.904E-11	318	1.000	8.005E-01	0.809	0.969	3jvd-assembly1_B Crystal structure of putative transcription regulation repressor (LACI family) FROM Corynebacterium glutamicum
TeuB_maduro_1-335	1efa-assembly2_C	0.157	279	2.428E-10	315	1.000	8.067E-01	0.785	0.892	1efa-assembly2_C CRYSTAL STRUCTURE OF THE LAC REPRESSOR DIMER BOUND TO OPERATOR AND THE ANTI-INDUCER ONPF
TeuB_maduro_1-335	1zvv-assembly2_B	0.179	279	1.704E-10	314	1.000	8.111E-01	0.782	0.795	1zvv-assembly2_B Crystal structure of a ccpa-crh-dna complex
TeuB_maduro_1-335	2jcg-assembly1_A-2	0.192	285	1.917E-10	313	1.000	7.679E-01	0.827	0.839	2jcg-assembly1_A-2 Apo form of the catabolite control protein A (ccpA) from bacillus megaterium, with the DNA binding domain
TeuB_maduro_1-335	4rk1-assembly3_F	0.185	281	5.891E-11	312	1.000	7.866E-01	0.812	0.963	4rk1-assembly3_F Crystal structure of LacI family transcriptional regulator from Enterococcus faecium, Target EFI-512930, with bound ribose
TeuB_maduro_1-335	3o1h-assembly1_B	0.152	314	1.063E-10	311	1.000	7.620E-01	0.881	0.983	3o1h-assembly1_B Crystal Structure of the TorS sensor domain - TorT complex in the presence of TMAO
TeuB_maduro_1-335	3ctp-assembly1_B	0.166	283	5.235E-11	310	1.000	7.637E-01	0.806	0.966	3ctp-assembly1_B Crystal structure of periplasmic binding protein/LacI transcriptional regulator from Alkaliphilus metalliredigens QYMF complexed with D-xylulofuranose
TeuB_maduro_1-335	3huu-assembly2_C	0.129	286	2.036E-11	310	1.000	7.594E-01	0.815	0.970	3huu-assembly2_C Crystal structure of transcription regulator like protein from Staphylococcus haemolyticus
TeuB_maduro_1-335	3tb6-assembly1_B	0.180	300	2.898E-10	308	1.000	7.827E-01	0.836	0.982	3tb6-assembly1_B Structure of the effector-binding domain of arabinose repressor AraR from Bacillus subtilis
TeuB_maduro_1-335	7e5w-assembly1_A-2	0.166	283	1.127E-10	308	1.000	7.886E-01	0.812	0.819	7e5w-assembly1_A-2 The structure of CcpA from Staphylococcus aureus
TeuB_maduro_1-335	7x7h-assembly1_C	0.161	279	3.074E-10	307	1.000	7.695E-01	0.812	0.985	7x7h-assembly1_C Crystal structure of Fructose regulator/Histidine phosphocarrier protein complex from Vibrio cholerae
TeuB_maduro_1-335	1efa-assembly1_B	0.163	276	7.023E-10	307	1.000	8.180E-01	0.785	0.773	1efa-assembly1_B CRYSTAL STRUCTURE OF THE LAC REPRESSOR DIMER BOUND TO OPERATOR AND THE ANTI-INDUCER ONPF
TeuB_maduro_1-335	2qu7-assembly1_B	0.142	295	6.249E-11	305	1.000	7.320E-01	0.821	0.978	2qu7-assembly1_B Crystal structure of a putative transcription regulator from Staphylococcus saprophyticus subsp. saprophyticus
TeuB_maduro_1-335	4rk1-assembly2_D	0.195	282	5.891E-11	303	1.000	7.667E-01	0.812	0.963	4rk1-assembly2_D Crystal structure of LacI family transcriptional regulator from Enterococcus faecium, Target EFI-512930, with bound ribose
TeuB_maduro_1-335	4rzt-assembly1_A	0.158	322	1.428E-10	303	1.000	7.488E-01	0.901	0.944	4rzt-assembly1_A Lac repressor engineered to bind sucralose, sucralose-bound tetramer
TeuB_maduro_1-335	3jvd-assembly1_A	0.175	280	2.898E-10	301	1.000	7.985E-01	0.809	0.969	3jvd-assembly1_A Crystal structure of putative transcription regulation repressor (LACI family) FROM Corynebacterium glutamicum
TeuB_maduro_1-335	4rk1-assembly1_A	0.197	283	9.445E-11	301	1.000	7.729E-01	0.812	0.963	4rk1-assembly1_A Crystal structure of LacI family transcriptional regulator from Enterococcus faecium, Target EFI-512930, with bound ribose
TeuB_maduro_1-335	4o5a-assembly1_A-2	0.158	277	3.670E-10	300	1.000	8.226E-01	0.809	0.948	4o5a-assembly1_A-2 The crystal structure of a LacI family transcriptional regulator from Bifidobacterium animalis subsp. lactis DSM 10140
TeuB_maduro_1-335	3brq-assembly1_A	0.173	283	2.898E-10	299	1.000	7.874E-01	0.809	0.970	3brq-assembly1_A Crystal structure of the Escherichia coli transcriptional repressor ascG
TeuB_maduro_1-335	7dob-assembly1_A	0.162	283	1.127E-10	298	1.000	7.583E-01	0.809	0.949	7dob-assembly1_A Crystal structure of Catabolite repressor activator (Apo)
TeuB_maduro_1-335	1tlf-assembly1_A	0.157	317	2.576E-10	298	1.000	7.567E-01	0.899	0.953	1tlf-assembly1_A UNPRECEDENTED QUATERNARY STRUCTURE OF E. COLI LAC REPRESSOR CORE TETRAMER: IMPLICATIONS FOR DNA LOOPING
TeuB_maduro_1-335	4kzk-assembly1_A	0.140	305	2.158E-10	297	1.000	7.480E-01	0.827	0.973	4kzk-assembly1_A The structure of the periplasmic L-arabinose binding protein from Burkholderia thailandensis
TeuB_maduro_1-335	1zvv-assembly2_G-3	0.184	277	1.605E-09	297	1.000	8.291E-01	0.779	0.805	1zvv-assembly2_G-3 Crystal structure of a ccpa-crh-dna complex
TeuB_maduro_1-335	3egc-assembly3_F	0.165	284	3.261E-10	295	1.000	7.759E-01	0.809	0.985	3egc-assembly3_F Crystal structure of a putative ribose operon repressor from Burkholderia thailandensis
TeuB_maduro_1-335	3huu-assembly1_A	0.128	289	4.386E-11	295	1.000	7.474E-01	0.815	0.970	3huu-assembly1_A Crystal structure of transcription regulator like protein from Staphylococcus haemolyticus
TeuB_maduro_1-335	1dbq-assembly1_B	0.185	285	3.074E-10	294	1.000	7.653E-01	0.806	0.942	1dbq-assembly1_B DNA-BINDING REGULATORY PROTEIN
TeuB_maduro_1-335	3kke-assembly1_A	0.165	290	1.917E-10	294	1.000	7.319E-01	0.806	0.960	3kke-assembly1_A Crystal structure of a LacI family transcriptional regulator from Mycobacterium smegmatis
TeuB_maduro_1-335	3d8u-assembly1_A	0.111	270	4.130E-10	292	1.000	7.925E-01	0.776	0.958	3d8u-assembly1_A The crystal structure of a PurR family transcriptional regulator from Vibrio parahaemolyticus RIMD 2210633
TeuB_maduro_1-335	3c3k-assembly1_B	0.145	289	1.605E-09	289	1.000	8.092E-01	0.824	0.974	3c3k-assembly1_B Crystal structure of an uncharacterized protein from Actinobacillus succinogenes
TeuB_maduro_1-335	3hcw-assembly1_B	0.138	295	5.547E-10	287	1.000	7.602E-01	0.836	0.989	3hcw-assembly1_B CRYSTAL STRUCTURE OF PROBABLE maltose operon transcriptional repressor malR FROM STAPHYLOCOCCUS AREUS
TeuB_maduro_1-335	7ff4-assembly1_B	0.157	292	3.460E-10	285	1.000	7.128E-01	0.800	0.996	7ff4-assembly1_B The crystal structure of Clostridium cellulolyticum LacI family transcriptional regulator Ccel_1438
TeuB_maduro_1-335	3miz-assembly1_A	0.122	293	6.242E-10	284	1.000	7.448E-01	0.809	0.979	3miz-assembly1_A Crystal structure of a putative transcriptional regulator protein, Lacl family from Rhizobium etli
TeuB_maduro_1-335	4rzs-assembly1_A	0.158	322	5.547E-10	284	1.000	7.453E-01	0.901	0.818	4rzs-assembly1_A Lac repressor engineered to bind sucralose, unliganded tetramer
TeuB_maduro_1-335	3egc-assembly3_E	0.148	283	1.426E-09	283	1.000	7.890E-01	0.818	0.996	3egc-assembly3_E Crystal structure of a putative ribose operon repressor from Burkholderia thailandensis
TeuB_maduro_1-335	2iks-assembly1_B	0.179	284	2.428E-10	283	1.000	7.328E-01	0.806	0.956	2iks-assembly1_B Crystal structure of N-terminal truncated DNA-binding transcriptional dual regulator from Escherichia coli K12
TeuB_maduro_1-335	7e5w-assembly2_C	0.166	295	1.514E-10	283	1.000	7.287E-01	0.821	0.850	7e5w-assembly2_C The structure of CcpA from Staphylococcus aureus
TeuB_maduro_1-335	3h5o-assembly1_A	0.146	287	3.261E-10	281	1.000	7.353E-01	0.803	0.978	3h5o-assembly1_A The crystal structure of transcription regulator GntR from Chromobacterium violaceum
TeuB_maduro_1-335	3h5t-assembly1_A	0.171	304	1.920E-11	281	1.000	6.452E-01	0.800	0.840	3h5t-assembly1_A Crystal structure of a transcriptional regulator, Lacl family protein from Corynebacterium glutamicum
TeuB_maduro_1-335	3kjx-assembly2_C	0.173	288	2.895E-09	279	1.000	8.034E-01	0.836	0.820	3kjx-assembly2_C Crystal structure of a transcriptional regulator, Lacl family protein from Silicibacter pomeroyi
TeuB_maduro_1-335	3cs3-assembly1_A-2	0.164	274	2.155E-09	278	1.000	7.943E-01	0.806	0.951	3cs3-assembly1_A-2 Crystal structure of sugar-binding transcriptional regulator (LacI family) from Enterococcus faecalis
TeuB_maduro_1-335	3huu-assembly2_D	0.120	290	2.034E-10	276	1.000	7.293E-01	0.815	0.974	3huu-assembly2_D Crystal structure of transcription regulator like protein from Staphylococcus haemolyticus
TeuB_maduro_1-335	1jhz-assembly1_B	0.184	287	4.381E-10	276	1.000	7.285E-01	0.806	0.942	1jhz-assembly1_B Purine Repressor Mutant Corepressor Binding Domain Structure
TeuB_maduro_1-335	4rkr-assembly1_B	0.155	289	2.032E-09	275	1.000	7.714E-01	0.812	0.974	4rkr-assembly1_B Crystal structure of LacI family transcriptional regulator from Arthrobacter sp. FB24, target EFI-560007, complex with lactose
TeuB_maduro_1-335	4xxh-assembly1_B	0.120	282	1.195E-09	274	1.000	7.844E-01	0.821	1.000	4xxh-assembly1_B TREHALOSE REPRESSOR FROM ESCHERICHIA COLI
TeuB_maduro_1-335	3k9c-assembly1_A	0.156	293	2.289E-10	274	1.000	6.961E-01	0.794	0.978	3k9c-assembly1_A Crystal structure of LacI Transcriptional regulator from Rhodococcus species.
TeuB_maduro_1-335	4rkr-assembly2_D	0.155	295	2.032E-09	271	1.000	7.581E-01	0.812	0.978	4rkr-assembly2_D Crystal structure of LacI family transcriptional regulator from Arthrobacter sp. FB24, target EFI-560007, complex with lactose
TeuB_maduro_1-335	2rgy-assembly1_A-2	0.141	296	1.806E-09	271	1.000	7.361E-01	0.800	0.993	2rgy-assembly1_A-2 Crystal structure of transcriptional regulator of LacI family from Burkhoderia phymatum
TeuB_maduro_1-335	7cdx-assembly1_B	0.137	269	1.426E-09	270	1.000	7.670E-01	0.764	0.923	7cdx-assembly1_B Complex STRUCTURE OF A NOVEL VIRULENCE REGULATION FACTOR SghR with its effector sucrose
TeuB_maduro_1-335	4kmr-assembly1_A	0.173	289	2.425E-09	270	1.000	7.618E-01	0.818	0.967	4kmr-assembly1_A Structure of a putative transcriptional regulator of LacI family from Sanguibacter keddieii DSM 10542.
TeuB_maduro_1-335	3d8u-assembly1_B	0.115	286	2.032E-09	269	1.000	7.733E-01	0.812	0.974	3d8u-assembly1_B The crystal structure of a PurR family transcriptional regulator from Vibrio parahaemolyticus RIMD 2210633
TeuB_maduro_1-335	4kmr-assembly1_B	0.190	300	1.344E-09	268	1.000	7.307E-01	0.824	0.989	4kmr-assembly1_B Structure of a putative transcriptional regulator of LacI family from Sanguibacter keddieii DSM 10542.
TeuB_maduro_1-335	4rkr-assembly2_C	0.153	287	4.641E-09	268	1.000	7.755E-01	0.812	0.974	4rkr-assembly2_C Crystal structure of LacI family transcriptional regulator from Arthrobacter sp. FB24, target EFI-560007, complex with lactose
TeuB_maduro_1-335	5xsd-assembly1_A	0.160	293	4.929E-10	267	1.000	6.258E-01	0.824	0.992	5xsd-assembly1_A XylFII-LytSN complex mutant - D103A
TeuB_maduro_1-335	4rzs-assembly1_B	0.158	322	1.267E-09	267	1.000	7.290E-01	0.901	0.800	4rzs-assembly1_B Lac repressor engineered to bind sucralose, unliganded tetramer
TeuB_maduro_1-335	3c3k-assembly1_A	0.137	284	2.029E-08	265	1.000	8.261E-01	0.824	0.974	3c3k-assembly1_A Crystal structure of an uncharacterized protein from Actinobacillus succinogenes
TeuB_maduro_1-335	3gyb-assembly1_A	0.157	285	7.023E-10	264	1.000	7.064E-01	0.809	0.973	3gyb-assembly1_A Crystal structure of a LacI-family transcriptional regulatory protein from Corynebacterium glutamicum
TeuB_maduro_1-335	3bil-assembly1_B	0.138	274	2.729E-09	261	1.000	7.461E-01	0.791	0.984	3bil-assembly1_B Crystal structure of a probable LacI family transcriptional regulator from Corynebacterium glutamicum
TeuB_maduro_1-335	4rk0-assembly1_B	0.183	283	1.126E-09	261	1.000	7.460E-01	0.806	0.963	4rk0-assembly1_B Crystal structure of LacI family transcriptional regulator from Enterococcus faecalis V583, Target EFI-512923, with bound ribose
TeuB_maduro_1-335	3jy6-assembly1_B	0.126	276	4.375E-09	260	1.000	7.814E-01	0.812	0.996	3jy6-assembly1_B Crystal structure of LacI Transcriptional regulator from Lactobacillus brevis
TeuB_maduro_1-335	7ce1-assembly1_B	0.113	282	1.511E-08	260	1.000	8.099E-01	0.818	0.814	7ce1-assembly1_B Complex STRUCTURE OF TRANSCRIPTION FACTOR SghR with its COGNATE DNA
TeuB_maduro_1-335	4rkq-assembly1_B	0.162	290	6.234E-09	257	1.000	7.602E-01	0.812	0.970	4rkq-assembly1_B Crystal structure of LacI family transcriptional regulator from Arthrobacter sp. FB24, target EFI-560007
TeuB_maduro_1-335	3gv0-assembly1_A	0.128	281	2.286E-09	256	1.000	7.354E-01	0.776	0.974	3gv0-assembly1_A Crystal structure of LacI family transcription regulator from Agrobacterium tumefaciens
TeuB_maduro_1-335	3clk-assembly1_A	0.133	285	7.894E-09	253	1.000	7.821E-01	0.809	0.964	3clk-assembly1_A Crystal structure of a transcription regulator from Lactobacillus plantarum
TeuB_maduro_1-335	3dbi-assembly2_B	0.173	306	9.996E-09	253	1.000	7.696E-01	0.881	1.000	3dbi-assembly2_B CRYSTAL STRUCTURE OF SUGAR-BINDING TRANSCRIPTIONAL REGULATOR (LACI FAMILY) FROM ESCHERICHIA COLI COMPLEXED WITH PHOSPHATE
TeuB_maduro_1-335	4wxe-assembly1_A	0.157	299	2.573E-09	253	1.000	7.370E-01	0.827	0.971	4wxe-assembly1_A CRYSTAL STRUCTURE OF A LACI REGULATOR FROM LACTOBACILLUS CASEI (LSEI_2103, TARGET EFI-512911) WITH BOUND TRIS
TeuB_maduro_1-335	6rux-assembly3_C	0.151	323	6.234E-09	253	1.000	6.692E-01	0.788	0.863	6rux-assembly3_C P46, an immunodominant surface protein from Mycoplasma hyopneumoniae
TeuB_maduro_1-335	3huu-assembly1_B	0.116	308	3.893E-10	252	1.000	6.940E-01	0.875	0.996	3huu-assembly1_B Crystal structure of transcription regulator like protein from Staphylococcus haemolyticus
TeuB_maduro_1-335	4rk5-assembly1_A-2	0.157	280	4.125E-09	251	1.000	7.446E-01	0.767	0.920	4rk5-assembly1_A-2 Crystal structure of LacI family transcriptional regulator from Lactobacillus casei, Target EFI-512911, with bound sucrose
TeuB_maduro_1-335	3clk-assembly1_B	0.134	291	1.605E-09	250	1.000	7.187E-01	0.809	0.966	3clk-assembly1_B Crystal structure of a transcription regulator from Lactobacillus plantarum
TeuB_maduro_1-335	3qk7-assembly1_A	0.156	294	6.234E-09	249	1.000	7.369E-01	0.812	0.975	3qk7-assembly1_A Crystal structure of putative Transcriptional regulator from Yersinia pestis biovar Microtus str. 91001
TeuB_maduro_1-335	4rk4-assembly1_A-2	0.156	281	3.071E-09	248	1.000	7.329E-01	0.767	0.937	4rk4-assembly1_A-2 Crystal structure of LacI family transcriptional regulator from Lactobacillus casei, Target EFI-512911, with bound glucose
TeuB_maduro_1-335	5ufh-assembly1_A-2	0.123	299	9.423E-09	247	1.000	7.268E-01	0.809	0.968	5ufh-assembly1_A-2 The crystal structure of a LacI-type transcription regulator from Bifidobacterium animalis subsp. lactis DSM 10140
TeuB_maduro_1-335	3hs3-assembly1_B	0.150	292	3.455E-09	244	1.000	7.064E-01	0.815	1.000	3hs3-assembly1_B Crystal structure of periplasmic binding ribose operon repressor protein from Lactobacillus acidophilus
TeuB_maduro_1-335	3lft-assembly1_A	0.136	301	2.286E-09	239	1.000	6.391E-01	0.830	0.932	3lft-assembly1_A The Crystal Structure of the ABC domain in complex with L-Trp from Streptococcus pneumonia to 1.35A
TeuB_maduro_1-335	2fqy-assembly1_A	0.150	286	2.425E-09	235	1.000	6.257E-01	0.797	0.842	2fqy-assembly1_A PnrA from Treponema pallidum complexed with adenosine.
TeuB_maduro_1-335	4iil-assembly1_A	0.137	313	9.996E-09	232	1.000	6.922E-01	0.842	0.927	4iil-assembly1_A Crystal Structure of RfuA (TP0298) of T. pallidum Bound to Riboflavin
TeuB_maduro_1-335	6rqg-assembly1_A	0.146	328	3.884E-08	232	1.000	6.973E-01	0.788	0.845	6rqg-assembly1_A P46, an immunodominant surface protein from Mycoplasma hyopneumoniae
TeuB_maduro_1-335	2hsg-assembly1_A	0.170	281	7.007E-08	230	1.000	7.140E-01	0.782	0.805	2hsg-assembly1_A Structure of transcription regulator CcpA in its DNA-free state
TeuB_maduro_1-335	6chk-assembly1_A-2	0.155	276	3.661E-08	228	1.000	7.471E-01	0.767	0.919	6chk-assembly1_A-2 Crystal structure of LacI family transcriptional regulator from Lactobacillus casei, Target EFI-512911, with bound TRIS
TeuB_maduro_1-335	3g85-assembly1_A	0.131	273	2.153E-08	228	1.000	7.210E-01	0.761	0.907	3g85-assembly1_A Crystal structure of LacI family transcription regulator from Clostridium acetobutylicum
TeuB_maduro_1-335	4evs-assembly1_A	0.157	286	4.375E-09	228	1.000	6.548E-01	0.767	0.747	4evs-assembly1_A Crystal structure of ABC transporter from R. palustris - solute binding protein (RPA0985) in complex with 4-hydroxybenzoate
TeuB_maduro_1-335	4rk6-assembly1_B	0.143	286	7.885E-08	222	1.000	7.541E-01	0.809	0.955	4rk6-assembly1_B Crystal structure of LacI family transcriptional regulator CCPA from Weissella paramesenteroides, Target EFI-512926, with bound glucose
TeuB_maduro_1-335	4oat-assembly1_A	0.127	282	2.422E-08	222	1.000	6.685E-01	0.776	0.758	4oat-assembly1_A The crystal structure of a solute-binding protein (N280D mutant) from Anabaena variabilis ATCC 29413 in complex with isoleucine.
TeuB_maduro_1-335	4rk7-assembly1_B	0.139	287	5.870E-08	220	1.000	7.413E-01	0.809	0.959	4rk7-assembly1_B Crystal structure of LacI family transcriptional regulator CCPA from Weissella paramesenteroides, Target EFI-512926, with bound sucrose
TeuB_maduro_1-335	3e61-assembly1_B	0.126	276	1.509E-07	218	1.000	7.531E-01	0.794	0.996	3e61-assembly1_B Crystal structure of a putative transcriptional repressor of ribose operon from Staphylococcus saprophyticus subsp. saprophyticus
TeuB_maduro_1-335	7x0r-assembly1_A	0.165	321	1.513E-09	218	1.000	5.656E-01	0.901	0.887	7x0r-assembly1_A Crystal structure of substrate binding protein Lbp complexed wtih guanosine from Clostridium thermocellum
TeuB_maduro_1-335	7ce1-assembly5_P	0.121	288	1.192E-07	217	1.000	7.520E-01	0.806	0.799	7ce1-assembly5_P Complex STRUCTURE OF TRANSCRIPTION FACTOR SghR with its COGNATE DNA
TeuB_maduro_1-335	3jy6-assembly2_C	0.122	277	6.227E-08	216	1.000	7.380E-01	0.800	0.988	3jy6-assembly2_C Crystal structure of LacI Transcriptional regulator from Lactobacillus brevis
TeuB_maduro_1-335	7pu4-assembly1_B	0.168	166	1.599E-06	215	1.000	8.167E-01	0.463	0.981	7pu4-assembly1_B Crystal structure of the dimer RBP-N and RBP-Trunc from Thermotoga maritima Ribose Binding Protein
TeuB_maduro_1-335	4f06-assembly1_A	0.162	289	8.883E-09	215	1.000	6.392E-01	0.767	0.747	4f06-assembly1_A Crystal structure of solute binding protein of ABC transporter from Rhodopseudomonas palustris HaA2 RPB_2270 in complex with P-HYDROXYBENZOIC ACID
TeuB_maduro_1-335	3jy6-assembly2_D	0.140	284	7.885E-08	214	1.000	7.286E-01	0.809	0.989	3jy6-assembly2_D Crystal structure of LacI Transcriptional regulator from Lactobacillus brevis
TeuB_maduro_1-335	3lft-assembly2_B	0.143	307	5.217E-08	214	1.000	6.641E-01	0.824	0.934	3lft-assembly2_B The Crystal Structure of the ABC domain in complex with L-Trp from Streptococcus pneumonia to 1.35A
TeuB_maduro_1-335	7ce1-assembly5_O	0.120	298	1.059E-07	211	1.000	7.294E-01	0.827	0.822	7ce1-assembly5_O Complex STRUCTURE OF TRANSCRIPTION FACTOR SghR with its COGNATE DNA
TeuB_maduro_1-335	8x0g-assembly1_A	0.115	303	1.060E-08	210	1.000	6.051E-01	0.767	0.373	8x0g-assembly1_A Human FL Metabotropic glutamate receptor 5, mGlu5-5M with quisqualate, Acc conformation (purified with PAM VU0409551 but not modelled)
TeuB_maduro_1-335	3gyb-assembly1_B	0.133	285	2.891E-08	209	1.000	6.623E-01	0.809	0.976	3gyb-assembly1_B Crystal structure of a LacI-family transcriptional regulatory protein from Corynebacterium glutamicum
TeuB_maduro_1-335	8x0f-assembly1_A	0.123	300	2.029E-08	206	1.000	6.049E-01	0.761	0.374	8x0f-assembly1_A Human FL Metabotropic glutamate receptor 5, mGlu5-5M with quisqualate and PAM VU29
TeuB_maduro_1-335	8x0c-assembly1_B	0.122	302	1.913E-08	206	1.000	5.929E-01	0.761	0.371	8x0c-assembly1_B Human FL Metabotropic glutamate receptor 5, mGlu5-5M with quisqualate and VU0424465, conformer 1
TeuB_maduro_1-335	4eyk-assembly1_A	0.147	285	4.120E-08	204	1.000	6.505E-01	0.764	0.727	4eyk-assembly1_A Crystal structure of solute binding protein of ABC transporter from Rhodopseudomonas palustris BisB5 in complex with 3,4-dihydroxy benzoic acid
TeuB_maduro_1-335	4pev-assembly3_B	0.133	292	2.153E-08	204	1.000	6.167E-01	0.788	0.724	4pev-assembly3_B Crystal structure of ABC transporter system solute-binding proteins from Aeropyrum pernix K1
TeuB_maduro_1-335	5cnk-assembly2_B	0.108	304	2.284E-08	204	1.000	6.059E-01	0.770	0.642	5cnk-assembly2_B mglur3 with glutamate
TeuB_maduro_1-335	6ndi-assembly1_B	0.133	293	1.801E-07	203	1.000	6.859E-01	0.815	0.978	6ndi-assembly1_B Crystal Structure of the Sugar Binding Domain of LacI Family Protein from Klebsiella pneumoniae
TeuB_maduro_1-335	3lmk-assembly1_B	0.120	282	4.636E-08	202	1.000	6.286E-01	0.716	0.622	3lmk-assembly1_B Ligand Binding Domain of Metabotropoc glutamate receptor mGluR5 complexed with glutamate
TeuB_maduro_1-335	6shu-assembly1_A	0.147	311	1.123E-07	201	1.000	6.446E-01	0.857	0.886	6shu-assembly1_A Borrelia burgdorferi BmpD nucleoside binding protein bound to adenosine
TeuB_maduro_1-335	6n50-assembly1_A	0.123	300	3.067E-08	201	1.000	6.094E-01	0.761	0.548	6n50-assembly1_A Metabotropic Glutamate Receptor 5 Extracellular Domain in Complex with Nb43 and L-quisqualic acid
TeuB_maduro_1-335	8x0e-assembly1_B	0.112	303	2.153E-08	201	1.000	6.000E-01	0.767	0.373	8x0e-assembly1_B Human FL Metabotropic glutamate receptor 5, mGlu5-5M with agonist and PAM, W785A mutant
TeuB_maduro_1-335	2h0a-assembly1_A	0.164	297	1.911E-07	200	1.000	6.938E-01	0.806	0.950	2h0a-assembly1_A Crystal structure of probable Transcription regulator from Thermus thermophilus
TeuB_maduro_1-335	8t8m-assembly1_B	0.124	305	2.153E-08	200	1.000	5.898E-01	0.767	0.372	8t8m-assembly1_B Quis-bound intermediate mGlu5
TeuB_maduro_1-335	3ipc-assembly1_A	0.134	261	1.059E-07	199	1.000	6.466E-01	0.713	0.710	3ipc-assembly1_A Structure of ATU2422-GABA F77A mutant receptor in complex with leucine
TeuB_maduro_1-335	4xaq-assembly1_A	0.110	300	2.029E-08	199	1.000	5.897E-01	0.764	0.625	4xaq-assembly1_A mGluR2 ECD and mGluR3 ECD with ligands
TeuB_maduro_1-335	3lmk-assembly1_A	0.132	302	2.891E-08	198	1.000	5.932E-01	0.761	0.646	3lmk-assembly1_A Ligand Binding Domain of Metabotropoc glutamate receptor mGluR5 complexed with glutamate
TeuB_maduro_1-335	2wrz-assembly2_B	0.142	302	2.425E-09	197	1.000	4.412E-01	0.821	0.990	2wrz-assembly2_B Crystal structure of an arabinose binding protein with designed serotonin binding site in open, ligand-free state
TeuB_maduro_1-335	6yab-assembly3_BBB	0.129	285	8.873E-08	197	1.000	6.361E-01	0.782	0.809	6yab-assembly3_BBB Crystal structure of PnrA from S. pneumoniae in complex with uridine
TeuB_maduro_1-335	8tao-assembly1_B	0.117	307	8.374E-09	194	1.000	5.536E-01	0.767	0.376	8tao-assembly1_B Quis and CDPPB bound active mGlu5
TeuB_maduro_1-335	3lkv-assembly1_A-2	0.124	306	6.220E-07	193	1.000	6.728E-01	0.836	0.939	3lkv-assembly1_A-2 Crystal structure of conserved domain protein from vibrio cholerae o1 biovar eltor str. n16961
TeuB_maduro_1-335	4obb-assembly2_B	0.125	286	1.801E-07	192	1.000	6.285E-01	0.776	0.758	4obb-assembly2_B The crystal structure of a solute-binding protein from Anabaena variabilis ATCC 29413 in complex with (3S)-3-methyl-2-oxopentanoic acid.
TeuB_maduro_1-335	6bsz-assembly1_B	0.121	296	3.451E-08	192	1.000	5.845E-01	0.752	0.635	6bsz-assembly1_B Human mGlu8 Receptor complexed with glutamate
TeuB_maduro_1-335	6n50-assembly2_B	0.126	308	5.217E-08	190	1.000	5.814E-01	0.767	0.649	6n50-assembly2_B Metabotropic Glutamate Receptor 5 Extracellular Domain in Complex with Nb43 and L-quisqualic acid
TeuB_maduro_1-335	7e9g-assembly1_S	0.104	296	7.007E-08	190	1.000	5.900E-01	0.755	0.363	7e9g-assembly1_S Cryo-EM structure of Gi-bound metabotropic glutamate receptor mGlu2
TeuB_maduro_1-335	8x0h-assembly1_A	0.124	306	4.636E-08	190	1.000	5.845E-01	0.761	0.365	8x0h-assembly1_A Human FL Metabotropic glutamate receptor 5, mGlu5-5M with quisqualate, Rcc conformation
TeuB_maduro_1-335	7ylt-assembly2_D	0.157	292	1.913E-08	189	1.000	5.688E-01	0.773	0.761	7ylt-assembly2_D Structure of a bacteria protein
TeuB_maduro_1-335	9jti-assembly1_A	0.122	245	1.911E-07	187	1.000	6.447E-01	0.675	0.402	9jti-assembly1_A X-ray structure of NeIle indicator complexed with isoleucine
TeuB_maduro_1-335	2hqb-assembly1_A	0.140	298	9.412E-08	186	1.000	5.967E-01	0.827	0.936	2hqb-assembly1_A Crystal Structure of a Transcriptional Activator of comK gene from Bacillus halodurans
TeuB_maduro_1-335	5cnk-assembly2_C-3	0.108	304	8.364E-08	186	1.000	5.779E-01	0.770	0.632	5cnk-assembly2_C-3 mglur3 with glutamate
TeuB_maduro_1-335	1ewk-assembly1_A	0.121	296	2.281E-07	186	1.000	6.234E-01	0.755	0.625	1ewk-assembly1_A CRYSTAL STRUCTURE OF METABOTROPIC GLUTAMATE RECEPTOR SUBTYPE 1 COMPLEXED WITH GLUTAMATE
TeuB_maduro_1-335	3ip9-assembly1_A	0.122	261	7.876E-07	184	1.000	6.617E-01	0.713	0.710	3ip9-assembly1_A Structure of Atu2422-GABA receptor in complex with GABA
TeuB_maduro_1-335	7ks0-assembly1_D	0.159	339	3.250E-07	184	1.000	6.512E-01	0.833	0.440	7ks0-assembly1_D GluK2/K5 with 6-Cyano-7-nitroquinoxaline-2,3-dione (CNQX)
TeuB_maduro_1-335	8t7h-assembly1_B	0.118	311	7.433E-08	184	1.000	5.828E-01	0.767	0.377	8t7h-assembly1_B Quis-bound intermediate mGlu5
TeuB_maduro_1-335	4xas-assembly1_B	0.116	308	6.606E-08	183	1.000	5.663E-01	0.788	0.648	4xas-assembly1_B mGluR2 ECD ligand complex
TeuB_maduro_1-335	6n50-assembly3_C	0.126	309	2.150E-07	183	1.000	6.007E-01	0.761	0.568	6n50-assembly3_C Metabotropic Glutamate Receptor 5 Extracellular Domain in Complex with Nb43 and L-quisqualic acid
TeuB_maduro_1-335	7e9g-assembly1_R	0.112	303	8.364E-08	183	1.000	5.797E-01	0.788	0.368	7e9g-assembly1_R Cryo-EM structure of Gi-bound metabotropic glutamate receptor mGlu2
TeuB_maduro_1-335	3s99-assembly1_A	0.125	352	1.511E-08	182	1.000	5.423E-01	0.907	0.970	3s99-assembly1_A Crystal structure of a basic membrane lipoprotein from brucella melitensis, iodide soak
TeuB_maduro_1-335	1z17-assembly1_A	0.116	292	1.123E-07	181	1.000	6.054E-01	0.770	0.794	1z17-assembly1_A Crystal structure analysis of periplasmic Leu/Ile/Val-binding protein with bound ligand isoleucine
TeuB_maduro_1-335	1lbg-assembly2_C	0.140	284	1.057E-05	181	1.000	7.954E-01	0.812	0.728	1lbg-assembly2_C LACTOSE OPERON REPRESSOR BOUND TO 21-BASE PAIR SYMMETRIC OPERATOR DNA, ALPHA CARBONS ONLY
TeuB_maduro_1-335	4evr-assembly1_A	0.151	290	1.698E-07	181	1.000	6.104E-01	0.785	0.758	4evr-assembly1_A Crystal structure of ABC transporter from R. palustris - solute binding protein (RPA0668) in complex with benzoate
TeuB_maduro_1-335	6bgc-assembly2_B	0.145	281	5.205E-06	181	1.000	7.475E-01	0.585	0.734	6bgc-assembly2_B The crystal structure of the W145A variant of TpMglB-2 (Tp0684) with bound glucose
TeuB_maduro_1-335	1qo0-assembly1_B	0.109	292	2.723E-07	181	1.000	6.165E-01	0.779	0.738	1qo0-assembly1_B Amide receptor of the amidase operon of Pseudomonas aeruginosa (AmiC) complexed with the negative regulator AmiR.
TeuB_maduro_1-335	5cni-assembly1_B	0.123	308	4.370E-08	181	1.000	5.472E-01	0.779	0.646	5cni-assembly1_B mGlu2 with Glutamate
TeuB_maduro_1-335	6pi6-assembly1_A	0.132	339	2.567E-07	180	1.000	6.011E-01	0.899	0.952	6pi6-assembly1_A The evolving story of AtzT, a periplasmic binding protein
TeuB_maduro_1-335	5cni-assembly1_A	0.116	308	5.217E-08	180	1.000	5.528E-01	0.788	0.648	5cni-assembly1_A mGlu2 with Glutamate
TeuB_maduro_1-335	4jb2-assembly1_A	0.133	254	1.122E-06	179	1.000	6.570E-01	0.707	0.669	4jb2-assembly1_A Rhodopseudomonas palustris (strain CGA009) Rp1789
TeuB_maduro_1-335	8tao-assembly1_A	0.126	309	5.534E-08	179	1.000	5.629E-01	0.770	0.375	8tao-assembly1_A Quis and CDPPB bound active mGlu5
TeuB_maduro_1-335	6bt5-assembly1_B	0.120	298	1.601E-07	178	1.000	5.819E-01	0.761	0.635	6bt5-assembly1_B Human mGlu8 Receptor complexed with L-AP4
TeuB_maduro_1-335	6n4y-assembly4_D	0.125	304	4.918E-08	178	1.000	5.109E-01	0.767	0.564	6n4y-assembly4_D Metabotropic Glutamate Receptor 5 Extracellular Domain with Nb43
TeuB_maduro_1-335	7mts-assembly1_B	0.123	299	1.264E-07	178	1.000	5.759E-01	0.761	0.360	7mts-assembly1_B CryoEM Structure of mGlu2 - Gi Complex
TeuB_maduro_1-335	7fd8-assembly1_A	0.140	285	6.598E-07	178	1.000	6.239E-01	0.716	0.360	7fd8-assembly1_A Thermostabilised full length human mGluR5-5M bound with L-quisqualic acid
TeuB_maduro_1-335	8jd5-assembly1_2	0.117	297	1.192E-07	178	1.000	5.769E-01	0.752	0.348	8jd5-assembly1_2 Cryo-EM structure of Gi1-bound mGlu2-mGlu4 heterodimer
TeuB_maduro_1-335	8jd4-assembly1_2	0.120	298	1.601E-07	177	1.000	5.756E-01	0.758	0.372	8jd4-assembly1_2 Cryo-EM structure of G protein-free mGlu2-mGlu4 heterodimer in Acc state
TeuB_maduro_1-335	8t8m-assembly1_A	0.115	303	2.723E-07	177	1.000	5.950E-01	0.767	0.376	8t8m-assembly1_A Quis-bound intermediate mGlu5
TeuB_maduro_1-335	3sg0-assembly1_A	0.150	300	3.447E-07	176	1.000	6.063E-01	0.776	0.770	3sg0-assembly1_A The crystal structure of an extracellular ligand-binding receptor from Rhodopseudomonas palustris HaA2
TeuB_maduro_1-335	2e4y-assembly1_B	0.098	314	1.423E-07	176	1.000	5.488E-01	0.779	0.619	2e4y-assembly1_B Crystal structure of the extracellular region of the group II metabotropic glutamate receptor complexed with 2R,4R-APDC
TeuB_maduro_1-335	6n4y-assembly1_A	0.133	306	9.412E-08	176	1.000	5.381E-01	0.764	0.570	6n4y-assembly1_A Metabotropic Glutamate Receptor 5 Extracellular Domain with Nb43
TeuB_maduro_1-335	4xas-assembly1_A	0.111	304	1.911E-07	175	1.000	5.786E-01	0.779	0.643	4xas-assembly1_A mGluR2 ECD ligand complex
TeuB_maduro_1-335	2e4y-assembly1_A	0.095	313	1.423E-07	175	1.000	5.633E-01	0.779	0.548	2e4y-assembly1_A Crystal structure of the extracellular region of the group II metabotropic glutamate receptor complexed with 2R,4R-APDC
TeuB_maduro_1-335	8tqb-assembly1_B	0.094	306	2.888E-07	175	1.000	5.744E-01	0.779	0.382	8tqb-assembly1_B mGluR3 in the presence of the agonist LY379268 and PAM VU6023326
TeuB_maduro_1-335	3ukj-assembly1_A	0.131	296	7.424E-07	174	1.000	6.245E-01	0.770	0.782	3ukj-assembly1_A Crystal structure of extracellular ligand-binding receptor from Rhodopseudomonas palustris HaA2
TeuB_maduro_1-335	3uk0-assembly1_A	0.124	290	9.972E-07	174	1.000	6.364E-01	0.782	0.766	3uk0-assembly1_A RPD_1889 protein, an extracellular ligand-binding receptor from Rhodopseudomonas palustris.
TeuB_maduro_1-335	7ylt-assembly3_C	0.160	292	1.601E-07	174	1.000	5.888E-01	0.776	0.764	7ylt-assembly3_C Structure of a bacteria protein
TeuB_maduro_1-335	4zpj-assembly1_A	0.125	294	3.064E-07	174	1.000	6.038E-01	0.779	0.757	4zpj-assembly1_A ABC transporter substrate-binding protein from Sphaerobacter thermophilus
TeuB_maduro_1-335	7mtr-assembly1_A	0.123	299	2.420E-07	174	1.000	5.835E-01	0.758	0.359	7mtr-assembly1_A CryoEM Structure of Full-Length mGlu2 Bound to Ago-PAM ADX55164 and Glutamate
TeuB_maduro_1-335	4n0q-assembly4_D	0.143	264	7.876E-07	173	1.000	6.257E-01	0.713	0.724	4n0q-assembly4_D Crystal Structure of an ABC transporter, substrate-binding protein from Brucella melitensis 16M in complex with L-Leucine using a crystal grown in a Crystal Former (Microlytic)
TeuB_maduro_1-335	4q6b-assembly1_A	0.110	300	9.984E-08	172	1.000	5.251E-01	0.764	0.827	4q6b-assembly1_A Crystal Structure of ABC Transporter Substrate-Binding Protein fromDesulfitobacterium hafniense complex with Leu
TeuB_maduro_1-335	3qlt-assembly1_B	0.158	252	1.799E-06	172	1.000	6.615E-01	0.704	0.640	3qlt-assembly1_B Crystal structure of a GluK2 (GluR6) glycan wedge homodimer assembly
TeuB_maduro_1-335	4xar-assembly1_A-2	0.105	303	2.420E-07	172	1.000	5.528E-01	0.770	0.631	4xar-assembly1_A-2 mGluR2 ECD and mGluR3 ECD complex with ligands
TeuB_maduro_1-335	2e4u-assembly1_A	0.113	292	4.365E-07	172	1.000	6.046E-01	0.737	0.541	2e4u-assembly1_A Crystal structure of the extracellular region of the group II metabotropic glutamate receptor complexed with L-glutamate
TeuB_maduro_1-335	4maa-assembly1_A	0.117	282	6.598E-07	171	1.000	6.260E-01	0.770	0.716	4maa-assembly1_A The Crystal Structure of Amino Acid ABC Transporter Substrate-binding Protein from Pseudomonas fluorescens Pf-5
TeuB_maduro_1-335	8t6j-assembly1_B	0.110	300	1.264E-07	171	1.000	5.238E-01	0.758	0.365	8t6j-assembly1_B CDPPB-bound inactive mGlu5
TeuB_maduro_1-335	7lzh-assembly1_D	0.102	313	6.598E-07	171	1.000	6.015E-01	0.758	0.367	7lzh-assembly1_D Structure of the glutamate receptor-like channel AtGLR3.4
TeuB_maduro_1-335	3td9-assembly1_A-2	0.127	266	7.876E-07	170	1.000	6.267E-01	0.722	0.711	3td9-assembly1_A-2 Crystal structure of a Leucine binding protein LivK (TM1135) from Thermotoga maritima MSB8 at 1.90 A resolution
TeuB_maduro_1-335	3sm9-assembly1_A-2	0.115	285	3.879E-07	170	1.000	5.637E-01	0.737	0.620	3sm9-assembly1_A-2 Crystal Structure of Metabotropic glutamate receptor 3 precursor in presence of LY341495 antagonist
TeuB_maduro_1-335	6n4y-assembly3_C	0.129	302	2.281E-07	170	1.000	5.244E-01	0.755	0.598	6n4y-assembly3_C Metabotropic Glutamate Receptor 5 Extracellular Domain with Nb43
TeuB_maduro_1-335	7mts-assembly1_A	0.124	297	3.657E-07	170	1.000	5.812E-01	0.761	0.351	7mts-assembly1_A CryoEM Structure of mGlu2 - Gi Complex
TeuB_maduro_1-335	8wpu-assembly1_B	0.111	333	6.999E-07	170	1.000	5.881E-01	0.767	0.391	8wpu-assembly1_B Human calcium-sensing receptor(CaSR) bound to cinacalcet in complex with Gq protein
TeuB_maduro_1-335	1qnl-assembly1_A	0.116	292	2.888E-07	169	1.000	5.779E-01	0.779	0.750	1qnl-assembly1_A AMIDE RECEPTOR/NEGATIVE REGULATOR OF THE AMIDASE OPERON OF PSEUDOMONAS AERUGINOSA (AMIC) COMPLEXED WITH BUTYRAMIDE
TeuB_maduro_1-335	6n4x-assembly1_A	0.134	304	5.211E-07	169	1.000	5.646E-01	0.764	0.571	6n4x-assembly1_A Metabotropic Glutamate Receptor 5 Apo Form Ligand Binding Domain
TeuB_maduro_1-335	3hut-assembly1_A	0.110	262	9.972E-07	168	1.000	5.459E-01	0.716	0.714	3hut-assembly1_A Crystal structure of a putative branched-chain amino acid ABC transporter from Rhodospirillum rubrum
TeuB_maduro_1-335	6n4x-assembly1_B	0.128	303	6.220E-07	168	1.000	5.650E-01	0.764	0.591	6n4x-assembly1_B Metabotropic Glutamate Receptor 5 Apo Form Ligand Binding Domain
TeuB_maduro_1-335	4mlc-assembly1_A	0.107	288	3.250E-07	167	1.000	5.408E-01	0.758	0.815	4mlc-assembly1_A ABC Transporter Substrate-Binding Protein fromDesulfitobacterium hafniense
TeuB_maduro_1-335	6bgc-assembly1_A	0.128	281	2.881E-05	167	1.000	7.611E-01	0.594	0.758	6bgc-assembly1_A The crystal structure of the W145A variant of TpMglB-2 (Tp0684) with bound glucose
TeuB_maduro_1-335	3h5l-assembly1_A	0.142	386	2.281E-07	167	1.000	5.507E-01	0.899	0.912	3h5l-assembly1_A Crystal structure of a putative branched-chain amino acid ABC transporter from Silicibacter pomeroyi
TeuB_maduro_1-335	5cnm-assembly1_A	0.116	292	4.115E-07	167	1.000	5.410E-01	0.737	0.631	5cnm-assembly1_A mGluR3 complexed with glutamate analog
TeuB_maduro_1-335	6b7h-assembly1_A	0.099	301	1.421E-06	167	1.000	6.031E-01	0.770	0.628	6b7h-assembly1_A Structure of mGluR3 with an agonist
TeuB_maduro_1-335	3ks9-assembly3_B	0.138	295	5.863E-07	167	1.000	5.350E-01	0.755	0.636	3ks9-assembly3_B Metabotropic glutamate receptor mGluR1 complexed with LY341495 antagonist
TeuB_maduro_1-335	5kuf-assembly1_D	0.147	326	2.888E-07	167	1.000	5.710E-01	0.901	0.385	5kuf-assembly1_D GluK2EM with 2S,4R-4-methylglutamate
TeuB_maduro_1-335	5cnk-assembly1_A	0.116	310	2.723E-07	166	1.000	5.426E-01	0.770	0.637	5cnk-assembly1_A mglur3 with glutamate
TeuB_maduro_1-335	8x0h-assembly1_B	0.140	300	3.064E-07	166	1.000	5.929E-01	0.761	0.364	8x0h-assembly1_B Human FL Metabotropic glutamate receptor 5, mGlu5-5M with quisqualate, Rcc conformation
TeuB_maduro_1-335	8szh-assembly1_B	0.110	335	4.631E-07	166	1.000	5.731E-01	0.767	0.390	8szh-assembly1_B Cryo-EM structure of cinacalcet-bound human calcium-sensing receptor CaSR-Gi complex in lipid nanodiscs
TeuB_maduro_1-335	3eaf-assembly1_A	0.139	294	1.909E-06	165	1.000	6.133E-01	0.761	0.721	3eaf-assembly1_A Crystal structure of ABC transporter, substrate binding protein Aeropyrum pernix
TeuB_maduro_1-335	4xaq-assembly1_B	0.119	310	3.657E-07	165	1.000	5.515E-01	0.788	0.645	4xaq-assembly1_B mGluR2 ECD and mGluR3 ECD with ligands
TeuB_maduro_1-335	6n4y-assembly2_B	0.124	305	3.657E-07	165	1.000	5.336E-01	0.770	0.557	6n4y-assembly2_B Metabotropic Glutamate Receptor 5 Extracellular Domain with Nb43
TeuB_maduro_1-335	6hnk-assembly1_A	0.134	335	4.631E-07	164	1.000	5.437E-01	0.893	0.973	6hnk-assembly1_A The ligand-free, open structure of CD0873, a substrate binding protein with adhesive properties from Clostridium difficile.
TeuB_maduro_1-335	3p3w-assembly2_B	0.115	304	3.875E-06	164	1.000	6.574E-01	0.761	0.773	3p3w-assembly2_B Structure of a dimeric GluA3 N-terminal domain (NTD) at 4.2 A resolution
TeuB_maduro_1-335	8jd2-assembly1_2	0.117	299	4.365E-07	164	1.000	5.675E-01	0.758	0.367	8jd2-assembly1_2 Cryo-EM structure of G protein-free mGlu2-mGlu3 heterodimer in Acc state
TeuB_maduro_1-335	8jd6-assembly1_S	0.111	295	1.799E-06	164	1.000	5.962E-01	0.755	0.363	8jd6-assembly1_S Cryo-EM structure of Gi1-bound metabotropic glutamate receptor mGlu4
TeuB_maduro_1-335	7dd7-assembly1_B	0.113	325	1.058E-06	164	1.000	5.825E-01	0.767	0.389	7dd7-assembly1_B Structure of Calcium-Sensing Receptor in complex with Evocalcet
TeuB_maduro_1-335	3qlt-assembly1_A	0.154	253	4.360E-06	163	1.000	6.631E-01	0.704	0.647	3qlt-assembly1_A Crystal structure of a GluK2 (GluR6) glycan wedge homodimer assembly
TeuB_maduro_1-335	3ks9-assembly2_A	0.132	310	5.863E-07	163	1.000	5.361E-01	0.782	0.652	3ks9-assembly2_A Metabotropic glutamate receptor mGluR1 complexed with LY341495 antagonist
TeuB_maduro_1-335	8jcy-assembly1_3	0.112	302	1.801E-07	163	1.000	5.149E-01	0.749	0.366	8jcy-assembly1_3 Cryo-EM structure of mGlu2-mGlu3 heterodimer in presence of LY341495, NAM563, and LY2389575 (dimerization mode I)
TeuB_maduro_1-335	7qsp-assembly1_A	0.215	93	1.335E-03	162	1.000	9.326E-01	0.275	0.748	7qsp-assembly1_A Permutated C-terminal lobe of the ribose binding protein from Thermotoga maritima
TeuB_maduro_1-335	3olz-assembly1_A	0.134	260	3.060E-06	162	1.000	6.568E-01	0.704	0.661	3olz-assembly1_A Crystal structure of the GluK3 (GluR7) ATD dimer at 2.75 Angstrom resolution
TeuB_maduro_1-335	3h6h-assembly1_B	0.157	304	6.213E-06	161	1.000	6.736E-01	0.755	0.770	3h6h-assembly1_B Crystal structure of the GluR6 amino terminal domain dimer assembly MPD form
TeuB_maduro_1-335	7ks3-assembly1_D	0.147	306	2.025E-06	161	1.000	6.249E-01	0.755	0.398	7ks3-assembly1_D GluK2/K5 with L-Glu
TeuB_maduro_1-335	8jd2-assembly1_3	0.099	301	8.354E-07	161	1.000	5.622E-01	0.761	0.370	8jd2-assembly1_3 Cryo-EM structure of G protein-free mGlu2-mGlu3 heterodimer in Acc state
TeuB_maduro_1-335	4m88-assembly1_A	0.132	302	8.862E-07	160	1.000	5.880E-01	0.770	0.811	4m88-assembly1_A Crystal structure of extracellular ligand-binding receptor from Verminephrobacter eiseniae ef01-2
TeuB_maduro_1-335	8wch-assembly2_B	0.144	319	6.598E-07	160	1.000	5.861E-01	0.791	0.763	8wch-assembly2_B Crystal structure of SAR11_0655 bound to a co-purified ligand, L-pyroglutamate
TeuB_maduro_1-335	6e5v-assembly2_B	0.129	309	5.527E-07	160	1.000	5.405E-01	0.755	0.620	6e5v-assembly2_B human mGlu8 receptor amino terminal domain in complex with (S)-3,4-Dicarboxyphenylglycine (DCPG)
TeuB_maduro_1-335	8jcx-assembly1_2	0.107	298	9.972E-07	160	1.000	5.424E-01	0.755	0.364	8jcx-assembly1_2 Cryo-EM structure of mGlu2-mGlu3 heterodimer in presence of LY341495 and NAM563 (dimerization mode II)
TeuB_maduro_1-335	8jd3-assembly1_3	0.121	305	4.912E-07	160	1.000	5.607E-01	0.767	0.367	8jd3-assembly1_3 Cryo-EM structure of Gi1-bound mGlu2-mGlu3 heterodimer
TeuB_maduro_1-335	6n51-assembly1_A	0.122	319	1.058E-06	160	1.000	5.876E-01	0.761	0.375	6n51-assembly1_A Metabotropic Glutamate Receptor 5 bound to L-quisqualate and Nb43
TeuB_maduro_1-335	5cnj-assembly1_A	0.119	309	5.211E-07	159	1.000	5.600E-01	0.782	0.643	5cnj-assembly1_A mGlur2 with glutamate analog
TeuB_maduro_1-335	5cnj-assembly1_B	0.105	303	6.598E-07	159	1.000	5.602E-01	0.761	0.625	5cnj-assembly1_B mGlur2 with glutamate analog
TeuB_maduro_1-335	8tr0-assembly1_A	0.098	305	2.278E-06	158	1.000	5.648E-01	0.749	0.383	8tr0-assembly1_A Metabotropic glutamate receptor 3 class 3 bound to antagonist LY 341495
TeuB_maduro_1-335	7dge-assembly1_B	0.133	308	8.862E-07	158	1.000	5.331E-01	0.767	0.370	7dge-assembly1_B intermediate state of class C GPCR
TeuB_maduro_1-335	3i45-assembly1_A	0.102	284	7.867E-06	157	1.000	6.398E-01	0.743	0.714	3i45-assembly1_A CRYSTAL STRUCTURE OF putative twin-arginine translocation pathway signal protein from Rhodospirillum rubrum Atcc 11170
TeuB_maduro_1-335	4fe7-assembly1_A-2	0.121	312	4.625E-06	157	1.000	6.220E-01	0.842	0.703	4fe7-assembly1_A-2 structure of xylose-binding transcription activator xylR
TeuB_maduro_1-335	3lkb-assembly1_A	0.148	262	5.205E-06	157	1.000	6.431E-01	0.710	0.644	3lkb-assembly1_A Crystal structure of a branched chain amino acid ABC transporter from Thermus thermophilus with bound valine
TeuB_maduro_1-335	8gc5-assembly1_D	0.137	277	3.246E-06	157	1.000	6.292E-01	0.758	0.354	8gc5-assembly1_D Domoate-bound GluK2 kainate receptors in non-active conformation
TeuB_maduro_1-335	8jcy-assembly1_2	0.122	295	9.401E-07	157	1.000	5.401E-01	0.755	0.363	8jcy-assembly1_2 Cryo-EM structure of mGlu2-mGlu3 heterodimer in presence of LY341495, NAM563, and LY2389575 (dimerization mode I)
TeuB_maduro_1-335	3n0x-assembly1_A	0.133	308	4.912E-07	156	1.000	5.194E-01	0.761	0.787	3n0x-assembly1_A Crystal structure of an ABC-type branched-chain amino acid transporter (RPA4397) from Rhodopseudomonas palustris CGA009 at 1.50 A resolution
TeuB_maduro_1-335	7wih-assembly1_A	0.109	291	2.278E-06	156	1.000	5.899E-01	0.761	0.359	7wih-assembly1_A Cryo-EM structure of LY2794193-bound mGlu3
TeuB_maduro_1-335	8jd1-assembly1_3	0.117	282	7.867E-06	156	1.000	6.346E-01	0.719	0.354	8jd1-assembly1_3 Cryo-EM structure of mGlu2-mGlu3 heterodimer in Rco state
TeuB_maduro_1-335	5k5s-assembly1_B	0.107	325	1.909E-06	155	1.000	5.801E-01	0.767	0.574	5k5s-assembly1_B Crystal structure of the active form of human calcium-sensing receptor extracellular domain
TeuB_maduro_1-335	4p98-assembly1_A	0.124	321	2.567E-07	154	1.000	5.131E-01	0.833	0.933	4p98-assembly1_A ABC transporter system solute-bindng protein from Conexibacter woesei DSM 14684
TeuB_maduro_1-335	6flr-assembly1_A	0.119	251	5.521E-06	154	1.000	6.385E-01	0.704	0.638	6flr-assembly1_A Super-open structure of the AMPAR GluA3 N-terminal domain
TeuB_maduro_1-335	6e5v-assembly1_A	0.140	307	5.863E-07	154	1.000	5.411E-01	0.755	0.639	6e5v-assembly1_A human mGlu8 receptor amino terminal domain in complex with (S)-3,4-Dicarboxyphenylglycine (DCPG)
TeuB_maduro_1-335	8z0g-assembly1_A	0.126	246	3.443E-06	154	1.000	6.104E-01	0.666	0.402	8z0g-assembly1_A Crystal structure of NeIle complexed with isoleucine
TeuB_maduro_1-335	7wi6-assembly1_B	0.114	289	1.122E-06	154	1.000	5.283E-01	0.767	0.364	7wi6-assembly1_B Cryo-EM structure of LY341495/NAM-bound mGlu3
TeuB_maduro_1-335	8gc2-assembly1_D	0.153	254	7.416E-06	154	1.000	6.542E-01	0.704	0.320	8gc2-assembly1_D Domoate-bound GluK2 kainate receptor in partially-open conformation 1
TeuB_maduro_1-335	5jx2-assembly1_A	0.144	291	2.881E-05	153	1.000	6.450E-01	0.615	0.776	5jx2-assembly1_A Crystal structure of MglB-2 (Tp0684) from Treponema pallidum
TeuB_maduro_1-335	8jd4-assembly1_4	0.129	286	5.521E-06	153	1.000	6.199E-01	0.716	0.357	8jd4-assembly1_4 Cryo-EM structure of G protein-free mGlu2-mGlu4 heterodimer in Acc state
TeuB_maduro_1-335	8jd3-assembly1_2	0.110	299	1.339E-06	153	1.000	5.719E-01	0.758	0.355	8jd3-assembly1_2 Cryo-EM structure of Gi1-bound mGlu2-mGlu3 heterodimer
TeuB_maduro_1-335	7qsp-assembly1_B	0.142	133	2.713E-04	152	1.000	7.559E-01	0.385	0.920	7qsp-assembly1_B Permutated C-terminal lobe of the ribose binding protein from Thermotoga maritima
TeuB_maduro_1-335	3olz-assembly1_B	0.136	263	4.110E-06	152	1.000	6.348E-01	0.704	0.663	3olz-assembly1_B Crystal structure of the GluK3 (GluR7) ATD dimer at 2.75 Angstrom resolution
TeuB_maduro_1-335	5k5s-assembly1_A	0.116	327	1.909E-06	152	1.000	5.556E-01	0.764	0.582	5k5s-assembly1_A Crystal structure of the active form of human calcium-sensing receptor extracellular domain
TeuB_maduro_1-335	8szi-assembly1_B	0.127	329	9.972E-07	152	1.000	5.299E-01	0.767	0.383	8szi-assembly1_B Cryo-EM structure of PAM-free human calcium-sensing receptor CaSR-Gi complex in lipid nanodiscs
TeuB_maduro_1-335	5fbh-assembly1_A	0.109	337	1.421E-06	151	1.000	5.475E-01	0.806	0.661	5fbh-assembly1_A Crystal structure of the extracellular domain of human calcium sensing receptor with bound Gd3+
TeuB_maduro_1-335	9asb-assembly1_R	0.108	331	2.719E-06	151	1.000	5.760E-01	0.767	0.388	9asb-assembly1_R Structure of human calcium-sensing receptor in complex with chimeric Gq (miniGisq) protein in nanodiscs
TeuB_maduro_1-335	7m3e-assembly1_A	0.120	315	4.906E-06	151	1.000	5.861E-01	0.737	0.369	7m3e-assembly1_A Asymmetric Activation of the Calcium Sensing Receptor Homodimer
TeuB_maduro_1-335	5k5t-assembly1_A	0.119	317	2.719E-06	150	1.000	5.297E-01	0.737	0.516	5k5t-assembly1_A Crystal structure of the inactive form of human calcium-sensing receptor extracellular domain
TeuB_maduro_1-335	7mtr-assembly1_B	0.131	290	4.625E-06	150	1.000	5.848E-01	0.752	0.355	7mtr-assembly1_B CryoEM Structure of Full-Length mGlu2 Bound to Ago-PAM ADX55164 and Glutamate
TeuB_maduro_1-335	8jd0-assembly1_3	0.108	304	2.417E-06	150	1.000	5.783E-01	0.767	0.369	8jd0-assembly1_3 Cryo-EM structure of mGlu2-mGlu3 heterodimer in presence of NAM563
TeuB_maduro_1-335	8jd5-assembly1_4	0.129	294	2.719E-06	150	1.000	5.751E-01	0.755	0.361	8jd5-assembly1_4 Cryo-EM structure of Gi1-bound mGlu2-mGlu4 heterodimer
TeuB_maduro_1-335	9axf-assembly1_R	0.133	344	1.058E-06	150	1.000	5.270E-01	0.779	0.394	9axf-assembly1_R Structure of human calcium-sensing receptor in complex with chimeric Gq (miniGisq) protein in detergent
TeuB_maduro_1-335	7mtq-assembly1_B	0.114	306	6.999E-07	149	1.000	5.228E-01	0.785	0.380	7mtq-assembly1_B CryoEM Structure of Full-Length mGlu2 in Inactive-State Bound to Antagonist LY341495
TeuB_maduro_1-335	9avl-assembly1_Q	0.128	335	1.696E-06	149	1.000	5.427E-01	0.767	0.392	9avl-assembly1_Q Structure of human calcium-sensing receptor in complex with Gi3 protein in nanodiscs
TeuB_maduro_1-335	7m3f-assembly1_A	0.108	314	8.852E-06	149	1.000	6.027E-01	0.737	0.364	7m3f-assembly1_A Asymmetric Activation of the Calcium Sensing Receptor Homodimer
TeuB_maduro_1-335	6fpj-assembly1_A	0.134	253	1.189E-05	148	1.000	6.336E-01	0.704	0.631	6fpj-assembly1_A Structure of the AMPAR GluA3 N-terminal domain bound to phosphate
TeuB_maduro_1-335	3i09-assembly2_B	0.111	288	2.276E-05	148	1.000	6.381E-01	0.773	0.728	3i09-assembly2_B CRYSTAL STRUCTURE OF A PERIPLASMIC BINDING PROTEIN (BMA2936) FROM BURKHOLDERIA MALLEI AT 1.80 A RESOLUTION
TeuB_maduro_1-335	7lvt-assembly1_A	0.137	261	1.506E-05	148	1.000	6.287E-01	0.704	0.338	7lvt-assembly1_A Structure of full-length GluK1 with L-Glu
TeuB_maduro_1-335	9ayf-assembly1_Q	0.114	331	3.246E-06	148	1.000	5.628E-01	0.767	0.399	9ayf-assembly1_Q Structure of human calcium-sensing receptor in complex with Gi1 (miniGi1) protein in detergent
TeuB_maduro_1-335	8szf-assembly1_B	0.118	345	1.058E-06	148	1.000	5.149E-01	0.815	0.398	8szf-assembly1_B Cryo-EM structure of cinacalcet-bound active-state human calcium-sensing receptor CaSR in lipid nanodiscs
TeuB_maduro_1-335	9b37-assembly1_A	0.145	309	6.991E-06	148	1.000	6.258E-01	0.761	0.348	9b37-assembly1_A Open state of kainate receptor GluK2 in complex with agonist glutamate and positive allosteric modulator BPAM344 bound to one concanavalin A dimer. Composite map.
TeuB_maduro_1-335	8tg1-assembly1_A	0.121	264	1.506E-05	147	1.000	6.225E-01	0.710	0.671	8tg1-assembly1_A Caldicellulosiruptor saccharolyticus periplasmic urea-binding protein
TeuB_maduro_1-335	8jcw-assembly1_2	0.119	301	2.148E-06	147	1.000	5.361E-01	0.749	0.366	8jcw-assembly1_2 Cryo-EM structure of mGlu2-mGlu3 heterodimer in presence of LY341495 and NAM563 (dimerization mode I)
TeuB_maduro_1-335	9c2f-assembly1_B	0.098	314	7.416E-06	147	1.000	5.814E-01	0.776	0.374	9c2f-assembly1_B Structure of Calcium-Sensing Receptor in complex with positive allosteric modulator '54149
TeuB_maduro_1-335	6n52-assembly1_A	0.132	295	2.564E-06	147	1.000	5.477E-01	0.719	0.368	6n52-assembly1_A Metabotropic Glutamate Receptor 5 Apo Form
TeuB_maduro_1-335	9avg-assembly1_R	0.126	323	3.443E-06	147	1.000	5.664E-01	0.767	0.388	9avg-assembly1_R Structure of human calcium-sensing receptor in complex with chimeric Gs (miniGis) protein in nanodiscs
TeuB_maduro_1-335	8szg-assembly1_A	0.116	309	4.360E-06	147	1.000	5.691E-01	0.737	0.349	8szg-assembly1_A Cryo-EM structure of cinacalcet-bound human calcium-sensing receptor CaSR-Gq complex in lipid nanodiscs
TeuB_maduro_1-335	9axf-assembly1_Q	0.123	347	2.417E-06	146	1.000	5.387E-01	0.779	0.415	9axf-assembly1_Q Structure of human calcium-sensing receptor in complex with chimeric Gq (miniGisq) protein in detergent
TeuB_maduro_1-335	7dd7-assembly1_A	0.117	324	7.867E-06	146	1.000	5.844E-01	0.770	0.389	7dd7-assembly1_A Structure of Calcium-Sensing Receptor in complex with Evocalcet
TeuB_maduro_1-335	7dd5-assembly1_A	0.120	339	3.653E-06	146	1.000	5.501E-01	0.806	0.400	7dd5-assembly1_A Structure of Calcium-Sensing Receptor in complex with NPS-2143
TeuB_maduro_1-335	8jcx-assembly1_3	0.091	317	1.799E-06	145	1.000	5.052E-01	0.779	0.379	8jcx-assembly1_3 Cryo-EM structure of mGlu2-mGlu3 heterodimer in presence of LY341495 and NAM563 (dimerization mode II)
TeuB_maduro_1-335	7epb-assembly1_B	0.109	329	4.110E-06	145	1.000	5.730E-01	0.776	0.395	7epb-assembly1_B Cryo-EM structure of LY354740-bound mGlu2 homodimer
TeuB_maduro_1-335	7e6t-assembly1_A	0.119	317	3.443E-06	145	1.000	5.582E-01	0.737	0.381	7e6t-assembly1_A Structural insights into the activation of human calcium-sensing receptor
TeuB_maduro_1-335	7m3f-assembly1_B	0.111	351	1.507E-06	145	1.000	5.113E-01	0.815	0.401	7m3f-assembly1_B Asymmetric Activation of the Calcium Sensing Receptor Homodimer
TeuB_maduro_1-335	5fbk-assembly1_B	0.118	320	5.521E-06	144	1.000	5.620E-01	0.773	0.632	5fbk-assembly1_B Crystal structure of the extracellular domain of human calcium sensing receptor
TeuB_maduro_1-335	5kzq-assembly1_A	0.117	297	5.205E-06	144	1.000	5.444E-01	0.761	0.549	5kzq-assembly1_A Metabotropic Glutamate Receptor in complex with antagonist (1~{S},2~{R},3~{S},4~{S},5~{R},6~{R})-2-azanyl-3-[[3,4-bis(fluoranyl)phenyl]sulfanylmethyl]-4-oxidanyl-bicyclo[3.1.0]hexane-2,6-dicarboxylic acid
TeuB_maduro_1-335	7fd9-assembly1_A	0.129	293	4.110E-06	144	1.000	5.320E-01	0.728	0.370	7fd9-assembly1_A Thermostabilised full length human mGluR5-5M with orthosteric antagonist, LY341495
TeuB_maduro_1-335	9c2f-assembly1_A	0.099	313	5.205E-06	144	1.000	5.622E-01	0.776	0.378	9c2f-assembly1_A Structure of Calcium-Sensing Receptor in complex with positive allosteric modulator '54149
TeuB_maduro_1-335	7m3e-assembly1_B	0.117	332	3.246E-06	144	1.000	5.318E-01	0.785	0.378	7m3e-assembly1_B Asymmetric Activation of the Calcium Sensing Receptor Homodimer
TeuB_maduro_1-335	8szh-assembly1_A	0.113	413	3.879E-07	144	1.000	4.705E-01	0.961	0.443	8szh-assembly1_A Cryo-EM structure of cinacalcet-bound human calcium-sensing receptor CaSR-Gi complex in lipid nanodiscs
TeuB_maduro_1-335	7pu4-assembly2_C	0.214	126	3.239E-04	143	1.000	7.981E-01	0.367	0.976	7pu4-assembly2_C Crystal structure of the dimer RBP-N and RBP-Trunc from Thermotoga maritima Ribose Binding Protein
TeuB_maduro_1-335	4kv7-assembly1_A	0.134	305	1.057E-05	143	1.000	5.898E-01	0.770	0.778	4kv7-assembly1_A The crystal structure of a possible leucine/isoleucine/valine-binding protein from Rhodopirellula baltica SH 1
TeuB_maduro_1-335	4n03-assembly1_A	0.127	299	1.057E-05	143	1.000	6.042E-01	0.791	0.730	4n03-assembly1_A Fatty acid ABC transporter substrate-binding protein from Thermomonospora curvata
TeuB_maduro_1-335	7jfn-assembly1_A	0.143	314	7.416E-06	143	1.000	5.817E-01	0.767	0.756	7jfn-assembly1_A Crystal Structure of Leucine-, isoleucine-, valine-, threonine-, and alanine-binding protein from Brucella ovis, closed conformation
TeuB_maduro_1-335	8wg9-assembly1_C	0.110	299	4.906E-06	143	1.000	5.280E-01	0.764	0.374	8wg9-assembly1_C mGlu2-mGlu4 heterodimer bound mGlu4 agonist E7P
TeuB_maduro_1-335	8wgd-assembly1_B	0.123	284	5.857E-06	143	1.000	5.594E-01	0.716	0.358	8wgd-assembly1_B mGlu2-4 inactive heterodimer
TeuB_maduro_1-335	8jcw-assembly1_3	0.097	308	1.263E-06	143	1.000	5.135E-01	0.779	0.375	8jcw-assembly1_3 Cryo-EM structure of mGlu2-mGlu3 heterodimer in presence of LY341495 and NAM563 (dimerization mode I)
TeuB_maduro_1-335	9c1p-assembly1_A	0.117	306	4.110E-06	143	1.000	5.508E-01	0.737	0.368	9c1p-assembly1_A Structure of Calcium-Sensing Receptor in complex with positive allosteric modulator '6218
TeuB_maduro_1-335	8szf-assembly1_A	0.110	388	1.058E-06	143	1.000	4.953E-01	0.901	0.438	8szf-assembly1_A Cryo-EM structure of cinacalcet-bound active-state human calcium-sensing receptor CaSR in lipid nanodiscs
TeuB_maduro_1-335	9ayf-assembly1_R	0.106	329	6.213E-06	143	1.000	5.687E-01	0.767	0.381	9ayf-assembly1_R Structure of human calcium-sensing receptor in complex with Gi1 (miniGi1) protein in detergent
TeuB_maduro_1-335	3n6v-assembly3_E	0.116	249	4.355E-05	142	1.000	6.751E-01	0.701	0.641	3n6v-assembly3_E Structure of the GluA2 NTD-dimer interface mutant, T78A
TeuB_maduro_1-335	7dgd-assembly1_B	0.139	308	2.719E-06	142	1.000	5.136E-01	0.767	0.372	7dgd-assembly1_B apo state of class C GPCR
TeuB_maduro_1-335	6fpj-assembly1_C	0.122	286	1.338E-05	141	1.000	6.038E-01	0.779	0.742	6fpj-assembly1_C Structure of the AMPAR GluA3 N-terminal domain bound to phosphate
TeuB_maduro_1-335	7mtq-assembly1_A	0.104	307	6.991E-06	141	1.000	5.415E-01	0.785	0.381	7mtq-assembly1_A CryoEM Structure of Full-Length mGlu2 in Inactive-State Bound to Antagonist LY341495
TeuB_maduro_1-335	8tr2-assembly1_B	0.098	324	1.339E-06	141	1.000	5.049E-01	0.779	0.385	8tr2-assembly1_B mGluR3 in the presence of the agonist LY379268
TeuB_maduro_1-335	7sim-assembly1_B	0.100	339	3.060E-06	141	1.000	5.230E-01	0.809	0.406	7sim-assembly1_B Structure of positive allosteric modulator-free active human calcium-sensing receptor
TeuB_maduro_1-335	8szg-assembly1_B	0.128	327	8.354E-07	141	1.000	4.909E-01	0.794	0.378	8szg-assembly1_B Cryo-EM structure of cinacalcet-bound human calcium-sensing receptor CaSR-Gq complex in lipid nanodiscs
TeuB_maduro_1-335	9avg-assembly1_Q	0.099	342	3.875E-06	140	1.000	5.314E-01	0.809	0.398	9avg-assembly1_Q Structure of human calcium-sensing receptor in complex with chimeric Gs (miniGis) protein in nanodiscs
TeuB_maduro_1-335	3qi7-assembly2_B	0.132	309	2.022E-05	139	1.000	6.079E-01	0.758	0.843	3qi7-assembly2_B Crystal structure of a Putative transcriptional regulator (YP_001089212.1) from Clostridium difficile 630 at 1.86 A resolution
TeuB_maduro_1-335	5kzn-assembly1_A	0.107	299	2.719E-06	139	1.000	4.673E-01	0.761	0.551	5kzn-assembly1_A Metabotropic Glutamate Receptor
TeuB_maduro_1-335	1ewt-assembly1_B	0.127	313	3.443E-06	138	1.000	5.026E-01	0.767	0.634	1ewt-assembly1_B CRYSTAL STRUCTURE OF METABOTROPIC GLUTAMATE RECEPTOR SUBTYPE 1 LIGAND FREE FORM I
TeuB_maduro_1-335	8tr0-assembly1_B	0.090	309	9.390E-06	138	1.000	5.342E-01	0.755	0.382	8tr0-assembly1_B Metabotropic glutamate receptor 3 class 3 bound to antagonist LY 341495
TeuB_maduro_1-335	8jiz-assembly1_D	0.121	280	4.360E-06	138	1.000	5.022E-01	0.761	0.335	8jiz-assembly1_D Cryo-EM structure of GluN1-2A NMDAR in complex with human Fab5F6 in two fab bind conformation
TeuB_maduro_1-335	7dd5-assembly1_B	0.123	323	1.597E-05	138	1.000	5.806E-01	0.767	0.385	7dd5-assembly1_B Structure of Calcium-Sensing Receptor in complex with NPS-2143
TeuB_maduro_1-335	6e7u-assembly2_C	0.119	285	1.507E-06	137	1.000	4.497E-01	0.761	0.711	6e7u-assembly2_C Heterodimer of the GluN1b-GluN2B NMDA receptor amino-terminal domains bound to allosteric inhibitor 93-31
TeuB_maduro_1-335	5fbk-assembly1_A	0.115	321	1.694E-05	137	1.000	5.847E-01	0.737	0.622	5fbk-assembly1_A Crystal structure of the extracellular domain of human calcium sensing receptor
TeuB_maduro_1-335	5ere-assembly1_A	0.133	322	3.648E-05	137	1.000	6.155E-01	0.854	0.537	5ere-assembly1_A Extracellular ligand binding receptor from Desulfohalobium retbaense DSM5692
TeuB_maduro_1-335	4u1y-assembly1_D	0.115	302	5.850E-05	137	1.000	6.436E-01	0.752	0.380	4u1y-assembly1_D Full length GluA2-FW-(R,R)-2b complex
TeuB_maduro_1-335	9c1p-assembly1_B	0.130	322	9.390E-06	137	1.000	5.433E-01	0.767	0.393	9c1p-assembly1_B Structure of Calcium-Sensing Receptor in complex with positive allosteric modulator '6218
TeuB_maduro_1-335	7epd-assembly1_A	0.115	313	6.213E-06	137	1.000	5.236E-01	0.749	0.372	7epd-assembly1_A Cryo-EM structure of inactive mGlu2-7 heterodimer
TeuB_maduro_1-335	8ss2-assembly1_B	0.108	259	2.716E-05	137	1.000	6.395E-01	0.713	0.304	8ss2-assembly1_B Structure of AMPA receptor GluA2 complex with auxiliary subunits TARP gamma-5 and cornichon-2 bound to competitive antagonist ZK and channel blocker spermidine (closed state)
TeuB_maduro_1-335	3n6v-assembly1_B	0.119	251	8.335E-05	136	1.000	6.755E-01	0.701	0.629	3n6v-assembly1_B Structure of the GluA2 NTD-dimer interface mutant, T78A
TeuB_maduro_1-335	8hic-assembly1_A	0.121	288	1.692E-04	136	1.000	6.691E-01	0.770	0.706	8hic-assembly1_A Crystal structure of UrtA from Prochlorococcus marinus str. MIT 9313 in complex with urea and calcium
TeuB_maduro_1-335	2e4z-assembly1_A-2	0.137	298	4.110E-06	136	1.000	5.429E-01	0.755	0.636	2e4z-assembly1_A-2 Crystal structure of the ligand-binding region of the group III metabotropic glutamate receptor
TeuB_maduro_1-335	6qkz-assembly1_D	0.124	257	1.504E-04	136	1.000	6.809E-01	0.710	0.307	6qkz-assembly1_D Full length GluA1/2-gamma8 complex
TeuB_maduro_1-335	9avl-assembly1_R	0.119	336	6.213E-06	136	1.000	5.253E-01	0.767	0.382	9avl-assembly1_R Structure of human calcium-sensing receptor in complex with Gi3 protein in nanodiscs
TeuB_maduro_1-335	2liv-assembly1_A	0.117	280	4.625E-06	135	1.000	4.596E-01	0.752	0.773	2liv-assembly1_A PERIPLASMIC BINDING PROTEIN STRUCTURE AND FUNCTION. REFINED X-RAY STRUCTURES OF THE LEUCINE/ISOLEUCINE/VALINE-BINDING PROTEIN AND ITS COMPLEX WITH LEUCINE
TeuB_maduro_1-335	3lop-assembly1_A	0.121	288	4.620E-05	135	1.000	6.236E-01	0.770	0.773	3lop-assembly1_A Crystal structure of substrate-binding periplasmic protein (Pbp) from Ralstonia solanacearum
TeuB_maduro_1-335	3h5w-assembly1_B	0.120	257	4.355E-05	135	1.000	6.266E-01	0.704	0.623	3h5w-assembly1_B Crystal structure of the GluR2-ATD in space group P212121 without solvent
TeuB_maduro_1-335	1iss-assembly1_B	0.122	302	2.716E-05	135	1.000	5.430E-01	0.764	0.631	1iss-assembly1_B Crystal Structure of Metabotropic Glutamate Receptor Subtype 1 Complexed with an antagonist
TeuB_maduro_1-335	3n6v-assembly2_D	0.125	256	3.648E-05	134	1.000	6.197E-01	0.701	0.636	3n6v-assembly2_D Structure of the GluA2 NTD-dimer interface mutant, T78A
TeuB_maduro_1-335	7wi8-assembly1_B	0.114	288	7.867E-06	134	1.000	5.300E-01	0.758	0.361	7wi8-assembly1_B Cryo-EM structure of inactive mGlu3 bound to LY341495
TeuB_maduro_1-335	8wgc-assembly1_A	0.125	279	8.345E-06	134	1.000	5.075E-01	0.710	0.341	8wgc-assembly1_A heterodimer of mGlu2 and mGlu4 bound with mGlu2 agonist LY379268
TeuB_maduro_1-335	7m3g-assembly1_B	0.111	350	1.057E-05	134	1.000	5.286E-01	0.815	0.403	7m3g-assembly1_B Asymmetric Activation of the Calcium Sensing Receptor Homodimer
TeuB_maduro_1-335	5ewm-assembly2_C	0.134	276	4.110E-06	133	1.000	4.745E-01	0.761	0.708	5ewm-assembly2_C CRYSTAL STRUCTURE OF AMINO TERMINAL DOMAINS OF THE NMDA RECEPTOR SUBUNIT GLUN1 AND GLUN2B IN COMPLEX WITH EVT-101
TeuB_maduro_1-335	3qek-assembly3_A	0.126	292	1.696E-06	133	1.000	4.334E-01	0.761	0.717	3qek-assembly3_A Crystal structure of amino terminal domain of the NMDA receptor subunit GluN1
TeuB_maduro_1-335	3n6v-assembly3_F	0.116	257	7.857E-05	133	1.000	6.546E-01	0.701	0.643	3n6v-assembly3_F Structure of the GluA2 NTD-dimer interface mutant, T78A
TeuB_maduro_1-335	5x2m-assembly1_B	0.099	321	4.901E-05	133	1.000	5.879E-01	0.788	0.673	5x2m-assembly1_B Crystal structure of the medaka fish taste receptor T1r2a-T1r3 ligand binding domains in complex with L-glutamine
TeuB_maduro_1-335	7yfg-assembly1_C	0.134	289	4.110E-06	133	1.000	4.782E-01	0.764	0.407	7yfg-assembly1_C Structure of the Rat GluN1-GluN2C NMDA receptor in complex with glycine and glutamate (major class in asymmetry)
TeuB_maduro_1-335	8trc-assembly1_B	0.121	297	5.521E-06	133	1.000	5.158E-01	0.761	0.384	8trc-assembly1_B mGluR3 in the presence of the antagonist LY 341495 and positive allosteric modulator VU6023326
TeuB_maduro_1-335	3n0w-assembly2_B	0.109	283	2.561E-05	132	1.000	5.529E-01	0.761	0.719	3n0w-assembly2_B Crystal structure of a branched chain amino acid ABC transporter periplasmic ligand-binding protein (Bxe_C0949) from BURKHOLDERIA XENOVORANS LB400 at 1.88 A resolution
TeuB_maduro_1-335	8jd0-assembly1_2	0.107	297	1.121E-05	132	1.000	5.075E-01	0.755	0.360	8jd0-assembly1_2 Cryo-EM structure of mGlu2-mGlu3 heterodimer in presence of NAM563
TeuB_maduro_1-335	7sin-assembly1_A	0.112	339	2.414E-05	132	1.000	5.791E-01	0.770	0.406	7sin-assembly1_A Structure of negative allosteric modulator-bound inactive human calcium-sensing receptor
TeuB_maduro_1-335	7m3g-assembly1_A	0.122	377	6.590E-06	132	1.000	5.050E-01	0.851	0.423	7m3g-assembly1_A Asymmetric Activation of the Calcium Sensing Receptor Homodimer
TeuB_maduro_1-335	3qel-assembly2_C	0.142	281	5.863E-07	131	1.000	4.399E-01	0.761	0.715	3qel-assembly2_C Crystal structure of amino terminal domains of the NMDA receptor subunit GluN1 and GluN2B in complex with ifenprodil
TeuB_maduro_1-335	5c5c-assembly1_A	0.125	302	1.419E-05	131	1.000	5.449E-01	0.746	0.639	5c5c-assembly1_A Human metabotropic glutamate receptor 7, extracellular ligand binding domain
TeuB_maduro_1-335	7vm2-assembly1_A	0.147	306	2.564E-06	131	1.000	5.321E-01	0.758	0.388	7vm2-assembly1_A GluK3 D759G mutant receptor complex with UBP310 and spermine
TeuB_maduro_1-335	7e9h-assembly1_R	0.137	319	6.213E-06	131	1.000	5.161E-01	0.770	0.371	7e9h-assembly1_R Cryo-EM structure of Gi-bound metabotropic glutamate receptor mGlu4
TeuB_maduro_1-335	8jj1-assembly1_B	0.116	292	5.857E-06	131	1.000	4.760E-01	0.761	0.334	8jj1-assembly1_B Cryo-EM structure of GluN1-2A NMDAR in complex with human Fab2G7 in two fab conformation
TeuB_maduro_1-335	7epc-assembly1_A	0.129	317	4.906E-06	131	1.000	4.759E-01	0.755	0.373	7epc-assembly1_A Cryo-EM structure of inactive mGlu7 homodimer
TeuB_maduro_1-335	8wpu-assembly1_A	0.113	334	3.870E-05	131	1.000	5.628E-01	0.767	0.395	8wpu-assembly1_A Human calcium-sensing receptor(CaSR) bound to cinacalcet in complex with Gq protein
TeuB_maduro_1-335	8ss2-assembly1_C	0.111	251	2.878E-04	130	1.000	6.825E-01	0.704	0.240	8ss2-assembly1_C Structure of AMPA receptor GluA2 complex with auxiliary subunits TARP gamma-5 and cornichon-2 bound to competitive antagonist ZK and channel blocker spermidine (closed state)
TeuB_maduro_1-335	6e7x-assembly2_C	0.123	284	1.507E-06	129	1.000	4.228E-01	0.761	0.714	6e7x-assembly2_C Heterodimer of the GluN1b-GluN2B NMDA receptor amino-terminal domains bound to allosteric inhibitor 93-97
TeuB_maduro_1-335	8jcz-assembly1_3	0.122	295	1.121E-05	129	1.000	5.240E-01	0.758	0.376	8jcz-assembly1_3 Cryo-EM structure of mGlu2-mGlu3 heterodimer in presence of LY341495, NAM563, and LY2389575 (dimerization mode III)
TeuB_maduro_1-335	8jcv-assembly1_2	0.130	298	9.390E-06	129	1.000	5.247E-01	0.755	0.366	8jcv-assembly1_2 Cryo-EM structure of mGlu2-mGlu3 heterodimer in presence of LY341495 (dimerization mode II)
TeuB_maduro_1-335	6njn-assembly1_C	0.120	250	9.379E-05	129	1.000	6.339E-01	0.704	0.301	6njn-assembly1_C Architecture and subunit arrangement of native AMPA receptors
TeuB_maduro_1-335	7rz6-assembly1_D	0.112	231	1.595E-04	129	1.000	6.811E-01	0.651	0.273	7rz6-assembly1_D Structure of the complex of AMPA receptor GluA2 with auxiliary subunit TARP gamma-5 bound to agonist glutamate
TeuB_maduro_1-335	8szi-assembly1_A	0.111	386	4.906E-06	129	1.000	4.846E-01	0.901	0.419	8szi-assembly1_A Cryo-EM structure of PAM-free human calcium-sensing receptor CaSR-Gi complex in lipid nanodiscs
TeuB_maduro_1-335	4u2q-assembly1_B	0.112	257	2.020E-04	128	1.000	6.658E-01	0.704	0.315	4u2q-assembly1_B Full-length AMPA subtype ionotropic glutamate receptor GluA2 in complex with partial agonist kainate
TeuB_maduro_1-335	8jj2-assembly1_D	0.113	282	5.205E-06	128	1.000	4.599E-01	0.761	0.336	8jj2-assembly1_D Cryo-EM structure of GluN1-2A NMDAR in complex with human Fab2G7 in one fab conformation
TeuB_maduro_1-335	8jj1-assembly1_D	0.125	287	4.906E-06	128	1.000	4.542E-01	0.761	0.333	8jj1-assembly1_D Cryo-EM structure of GluN1-2A NMDAR in complex with human Fab2G7 in two fab conformation
TeuB_maduro_1-335	1t34-assembly1_B	0.113	308	1.261E-05	127	1.000	5.076E-01	0.758	0.710	1t34-assembly1_B ROTATION MECHANISM FOR TRANSMEMBRANE SIGNALING BY THE ATRIAL NATRIURETIC PEPTIDE RECEPTOR
TeuB_maduro_1-335	7yfh-assembly1_A	0.128	281	5.205E-06	127	1.000	4.643E-01	0.761	0.398	7yfh-assembly1_A Structure of the Rat GluN1-GluN2C NMDA receptor in complex with glycine, glutamate and (R)-PYD-106
TeuB_maduro_1-335	5l1b-assembly1_D	0.111	260	1.504E-04	127	1.000	6.474E-01	0.713	0.304	5l1b-assembly1_D AMPA subtype ionotropic glutamate receptor GluA2 in Apo state
TeuB_maduro_1-335	7rz4-assembly1_B	0.114	306	9.949E-05	127	1.000	6.331E-01	0.764	0.356	7rz4-assembly1_B Structure of the complex of AMPA receptor GluA2 with auxiliary subunit TARP gamma-5 bound to competitive antagonist ZK 200775
TeuB_maduro_1-335	8vj7-assembly1_B	0.118	254	2.411E-04	127	1.000	6.718E-01	0.707	0.294	8vj7-assembly1_B GluA2 bound to GYKI-52466 and Glutamate, Inhibited State 2
TeuB_maduro_1-335	4uqk-assembly1_A	0.109	256	1.904E-04	126	1.000	6.457E-01	0.713	0.377	4uqk-assembly1_A Electron density map of GluA2em in complex with quisqualate and LY451646
TeuB_maduro_1-335	4pe5-assembly1_A	0.124	281	9.961E-06	126	1.000	4.660E-01	0.761	0.332	4pe5-assembly1_A Crystal Structure of GluN1a/GluN2B NMDA Receptor Ion Channel
TeuB_maduro_1-335	8jd1-assembly1_2	0.117	290	1.261E-05	126	1.000	4.879E-01	0.764	0.356	8jd1-assembly1_2 Cryo-EM structure of mGlu2-mGlu3 heterodimer in Rco state
TeuB_maduro_1-335	4u1x-assembly1_C	0.101	255	2.020E-04	126	1.000	6.513E-01	0.704	0.311	4u1x-assembly1_C Full length GluA2-kainate-(R,R)-2b complex crystal form B
TeuB_maduro_1-335	8jd6-assembly1_R	0.121	297	3.648E-05	126	1.000	5.695E-01	0.746	0.354	8jd6-assembly1_R Cryo-EM structure of Gi1-bound metabotropic glutamate receptor mGlu4
TeuB_maduro_1-335	7m3j-assembly1_B	0.121	312	2.414E-05	126	1.000	5.378E-01	0.737	0.375	7m3j-assembly1_B Asymmetric Activation of the Calcium Sensing Receptor Homodimer
TeuB_maduro_1-335	3n6v-assembly1_A	0.116	257	2.020E-04	125	1.000	6.550E-01	0.701	0.632	3n6v-assembly1_A Structure of the GluA2 NTD-dimer interface mutant, T78A
TeuB_maduro_1-335	8vuv-assembly1_A	0.125	286	1.057E-05	125	1.000	4.807E-01	0.764	0.712	8vuv-assembly1_A Human GluN1-2B with Fab 007-168 Local refinement of ATD
TeuB_maduro_1-335	4mqf-assembly1_A	0.087	273	2.276E-05	125	1.000	4.898E-01	0.704	0.628	4mqf-assembly1_A Crystal structure of the extracellular domain of human GABA(B) receptor bound to the antagonist 2-hydroxysaclofen
TeuB_maduro_1-335	4pe5-assembly1_C	0.121	279	8.345E-06	125	1.000	4.671E-01	0.761	0.334	4pe5-assembly1_C Crystal Structure of GluN1a/GluN2B NMDA Receptor Ion Channel
TeuB_maduro_1-335	8wgb-assembly1_R	0.129	301	3.870E-05	125	1.000	5.593E-01	0.755	0.362	8wgb-assembly1_R mGlu2-4 heterodimer bound with Gi
TeuB_maduro_1-335	4gpa-assembly1_A-2	0.114	254	1.188E-04	124	1.000	6.323E-01	0.707	0.623	4gpa-assembly1_A-2 High resolution structure of the GluA4 N-terminal domain (NTD)
TeuB_maduro_1-335	4ms3-assembly1_A	0.118	296	2.022E-05	124	1.000	5.182E-01	0.761	0.694	4ms3-assembly1_A Crystal structure of the extracellular domain of human GABA(B) receptor bound to the endogenous agonist GABA
TeuB_maduro_1-335	4ms4-assembly1_B	0.114	261	9.961E-06	124	1.000	4.802E-01	0.701	0.610	4ms4-assembly1_B Crystal structure of the extracellular domain of human GABA(B) receptor bound to the agonist baclofen
TeuB_maduro_1-335	7e6t-assembly1_B	0.115	312	3.439E-05	124	1.000	5.429E-01	0.722	0.369	7e6t-assembly1_B Structural insights into the activation of human calcium-sensing receptor
TeuB_maduro_1-335	9asb-assembly1_Q	0.126	332	2.881E-05	124	1.000	5.298E-01	0.767	0.389	9asb-assembly1_Q Structure of human calcium-sensing receptor in complex with chimeric Gq (miniGisq) protein in nanodiscs
TeuB_maduro_1-335	3qem-assembly2_C	0.117	272	9.961E-06	123	1.000	4.699E-01	0.755	0.716	3qem-assembly2_C Crystal structure of amino terminal domains of the NMDA receptor subunit GluN1 and GluN2B in complex with Ro 25-6981
TeuB_maduro_1-335	3qi7-assembly1_A	0.134	335	3.057E-05	123	1.000	5.322E-01	0.836	0.863	3qi7-assembly1_A Crystal structure of a Putative transcriptional regulator (YP_001089212.1) from Clostridium difficile 630 at 1.86 A resolution
TeuB_maduro_1-335	8g18-assembly1_A	0.120	282	5.205E-06	123	1.000	4.330E-01	0.761	0.710	8g18-assembly1_A Heterodimer of the GluN1b-GluN2B NMDA receptor amino-terminal domains bound to allosteric inhibitor 93-108
TeuB_maduro_1-335	4mpt-assembly2_B	0.134	283	4.620E-05	123	1.000	5.436E-01	0.707	0.676	4mpt-assembly2_B Crystal Structure of Periplasmic binding Protein Type 1 from Bordetella pertussis Tohama I
TeuB_maduro_1-335	4ru0-assembly2_B	0.127	307	1.694E-05	123	1.000	5.098E-01	0.779	0.687	4ru0-assembly2_B The crystal structure of abc transporter permease from pseudomonas fluorescens group
TeuB_maduro_1-335	5x2n-assembly2_C	0.093	309	2.020E-04	123	1.000	6.348E-01	0.746	0.681	5x2n-assembly2_C Crystal structure of the medaka fish taste receptor T1r2a-T1r3 ligand binding domains in complex with L-alanine
TeuB_maduro_1-335	4uq6-assembly1_C	0.108	258	2.273E-04	123	1.000	6.289E-01	0.713	0.377	4uq6-assembly1_C Electron density map of GluA2em in complex with LY451646 and glutamate
TeuB_maduro_1-335	4uqj-assembly1_D	0.108	258	2.273E-04	123	1.000	6.289E-01	0.713	0.319	4uqj-assembly1_D Cryo-EM density map of GluA2em in complex with ZK200775
TeuB_maduro_1-335	6xsr-assembly1_A	0.114	227	2.713E-04	123	1.000	6.680E-01	0.645	0.273	6xsr-assembly1_A Crystal structure of GluA2 AMPA receptor in complex with trans-4-butylcyclohexane carboxylic acid (4-BCCA) inhibitor
TeuB_maduro_1-335	7s6e-assembly1_A	0.121	288	2.411E-04	122	1.000	6.262E-01	0.767	0.700	7s6e-assembly1_A Crystal structure of UrtA from Synechococcus CC9311 in complex with urea and calcium
TeuB_maduro_1-335	5x2q-assembly1_A	0.103	319	1.418E-04	122	1.000	5.936E-01	0.773	0.713	5x2q-assembly1_A Crystal structure of the medaka fish taste receptor T1r2a-T1r3 ligand binding domains in complex with glycine
TeuB_maduro_1-335	4u1x-assembly1_B	0.106	254	1.418E-04	122	1.000	6.274E-01	0.704	0.318	4u1x-assembly1_B Full length GluA2-kainate-(R,R)-2b complex crystal form B
TeuB_maduro_1-335	4u1w-assembly1_B	0.110	262	1.418E-04	122	1.000	6.215E-01	0.713	0.317	4u1w-assembly1_B Full length GluA2-kainate-(R,R)-2b complex crystal form A
TeuB_maduro_1-335	8wgd-assembly1_C	0.119	344	9.390E-06	121	1.000	4.857E-01	0.830	0.427	8wgd-assembly1_C mGlu2-4 inactive heterodimer
TeuB_maduro_1-335	7dtt-assembly1_A	0.118	381	2.561E-05	121	1.000	5.148E-01	0.854	0.452	7dtt-assembly1_A Human Calcium-Sensing Receptor bound with calcium ions
TeuB_maduro_1-335	3a3k-assembly2_B	0.108	350	4.620E-05	120	1.000	5.270E-01	0.767	0.786	3a3k-assembly2_B Reversibly bound chloride in the atrial natriuretic peptide receptor hormone-binding domain
TeuB_maduro_1-335	5x2n-assembly1_B	0.090	365	8.842E-05	120	1.000	5.565E-01	0.794	0.758	5x2n-assembly1_B Crystal structure of the medaka fish taste receptor T1r2a-T1r3 ligand binding domains in complex with L-alanine
TeuB_maduro_1-335	6jfy-assembly1_D	0.148	283	8.335E-05	120	1.000	5.908E-01	0.770	0.378	6jfy-assembly1_D GluK3 receptor trapped in Desensitized state
TeuB_maduro_1-335	5l1h-assembly1_D	0.118	262	2.020E-04	120	1.000	6.235E-01	0.707	0.302	5l1h-assembly1_D AMPA subtype ionotropic glutamate receptor GluA2 in complex with noncompetitive inhibitor GYKI53655
TeuB_maduro_1-335	5x2p-assembly1_B	0.099	322	2.558E-04	119	1.000	5.864E-01	0.794	0.669	5x2p-assembly1_B Crystal structure of the medaka fish taste receptor T1r2a-T1r3 ligand binding domains in complex with L-glutamate
TeuB_maduro_1-335	1usg-assembly1_A	0.104	269	5.205E-06	118	1.000	3.875E-01	0.716	0.716	1usg-assembly1_A L-leucine-binding protein, apo form
TeuB_maduro_1-335	5fwy-assembly1_A	0.118	261	1.904E-04	118	1.000	6.088E-01	0.704	0.633	5fwy-assembly1_A Crystal structure of the AMPA receptor GluA2/A3 N-terminal domain heterodimer
TeuB_maduro_1-335	5x2m-assembly2_C	0.097	307	3.644E-04	118	1.000	6.148E-01	0.746	0.681	5x2m-assembly2_C Crystal structure of the medaka fish taste receptor T1r2a-T1r3 ligand binding domains in complex with L-glutamine
TeuB_maduro_1-335	8e92-assembly1_C	0.130	329	5.857E-06	118	1.000	4.425E-01	0.875	0.470	8e92-assembly1_C D-cycloserine and glutamate bound Human GluN1a-GluN2C NMDA receptor in intact conformation
TeuB_maduro_1-335	5tpw-assembly1_A	0.137	276	1.419E-05	117	1.000	4.429E-01	0.764	0.724	5tpw-assembly1_A Crystal structure of amino terminal domains of the NMDA receptor subunit GluN1 and GluN2A in complex with zinc at the GluN2A
TeuB_maduro_1-335	7s6f-assembly1_A	0.133	284	3.644E-04	117	1.000	6.248E-01	0.767	0.699	7s6f-assembly1_A Crystal structure of UrtA1 from Synechococcus WH8102 in complex with urea and calcium
TeuB_maduro_1-335	8jcz-assembly1_2	0.109	301	6.983E-05	117	1.000	5.199E-01	0.749	0.364	8jcz-assembly1_2 Cryo-EM structure of mGlu2-mGlu3 heterodimer in presence of LY341495, NAM563, and LY2389575 (dimerization mode III)
TeuB_maduro_1-335	5fwy-assembly2_C	0.113	255	2.878E-04	116	1.000	6.178E-01	0.704	0.632	5fwy-assembly2_C Crystal structure of the AMPA receptor GluA2/A3 N-terminal domain heterodimer
TeuB_maduro_1-335	1jdn-assembly1_A-2	0.122	295	1.504E-04	116	1.000	5.687E-01	0.749	0.695	1jdn-assembly1_A-2 Crystal Structure of Hormone Receptor
TeuB_maduro_1-335	5x2q-assembly1_B	0.092	324	3.053E-04	116	1.000	5.795E-01	0.779	0.693	5x2q-assembly1_B Crystal structure of the medaka fish taste receptor T1r2a-T1r3 ligand binding domains in complex with glycine
TeuB_maduro_1-335	4uqj-assembly1_A	0.100	260	1.904E-04	116	1.000	5.949E-01	0.713	0.319	4uqj-assembly1_A Cryo-EM density map of GluA2em in complex with ZK200775
TeuB_maduro_1-335	3kg2-assembly1_D	0.100	260	1.904E-04	116	1.000	5.949E-01	0.713	0.306	3kg2-assembly1_D AMPA subtype ionotropic glutamate receptor in complex with competitive antagonist ZK 200775
TeuB_maduro_1-335	3om1-assembly1_A	0.114	263	3.435E-04	115	1.000	6.158E-01	0.704	0.654	3om1-assembly1_A Crystal structure of the GluK5 (KA2) ATD dimer at 1.7 Angstrom Resolution
TeuB_maduro_1-335	5fwx-assembly1_B	0.124	257	3.053E-04	115	1.000	6.080E-01	0.707	0.624	5fwx-assembly1_B Crystal structure of the AMPA receptor GluA2/A4 N-terminal domain heterodimer
TeuB_maduro_1-335	5x2o-assembly1_A	0.098	324	1.904E-04	115	1.000	5.751E-01	0.791	0.724	5x2o-assembly1_A Crystal structure of the medaka fish taste receptor T1r2a-T1r3 ligand binding domains in complex with L-arginine
TeuB_maduro_1-335	8e98-assembly1_A	0.134	289	1.338E-05	115	1.000	4.326E-01	0.764	0.414	8e98-assembly1_A D-cycloserine and glutamate bound Human GluN1a-GluN2C NMDA receptor in nanodisc - intact conformation
TeuB_maduro_1-335	3n6v-assembly2_C	0.113	264	1.692E-04	114	1.000	5.898E-01	0.701	0.634	3n6v-assembly2_C Structure of the GluA2 NTD-dimer interface mutant, T78A
TeuB_maduro_1-335	5x2q-assembly2_C	0.100	397	1.795E-04	114	1.000	5.657E-01	0.872	0.872	5x2q-assembly2_C Crystal structure of the medaka fish taste receptor T1r2a-T1r3 ligand binding domains in complex with glycine
TeuB_maduro_1-335	4uq6-assembly1_D	0.100	260	2.558E-04	114	1.000	5.949E-01	0.713	0.377	4uq6-assembly1_D Electron density map of GluA2em in complex with LY451646 and glutamate
TeuB_maduro_1-335	4uqk-assembly1_C	0.100	260	2.558E-04	114	1.000	5.949E-01	0.713	0.377	4uqk-assembly1_C Electron density map of GluA2em in complex with quisqualate and LY451646
TeuB_maduro_1-335	7eb2-assembly1_D	0.115	269	4.106E-05	114	1.000	4.784E-01	0.701	0.372	7eb2-assembly1_D Cryo-EM structure of human GABA(B) receptor-Gi protein complex
TeuB_maduro_1-335	6kzm-assembly1_A	0.153	306	1.055E-04	114	1.000	5.789E-01	0.761	0.401	6kzm-assembly1_A GluK3 receptor complex with kainate
TeuB_maduro_1-335	4u1x-assembly1_D	0.110	253	4.350E-04	114	1.000	6.113E-01	0.701	0.315	4u1x-assembly1_D Full length GluA2-kainate-(R,R)-2b complex crystal form B
TeuB_maduro_1-335	8e97-assembly1_C	0.116	284	1.506E-05	114	1.000	4.469E-01	0.743	0.342	8e97-assembly1_C PYD-106-bound Human GluN1a-GluN2C NMDA receptor in splayed conformation
TeuB_maduro_1-335	7lde-assembly1_D	0.110	362	4.901E-05	114	1.000	5.128E-01	0.899	0.407	7lde-assembly1_D native AMPA receptor
TeuB_maduro_1-335	7epa-assembly1_B	0.115	313	4.901E-05	114	1.000	4.933E-01	0.749	0.375	7epa-assembly1_B Cryo-EM structure of inactive mGlu2 homodimer
TeuB_maduro_1-335	7eu7-assembly1_A	0.125	280	3.242E-05	114	1.000	4.561E-01	0.758	0.324	7eu7-assembly1_A Structure of the human GluN1-GluN2A NMDA receptor in complex with S-ketamine, glycine and glutamate
TeuB_maduro_1-335	7qsq-assembly2_B	0.228	92	3.049E-03	113	1.000	7.363E-01	0.269	0.677	7qsq-assembly2_B Permutated N-terminal lobe of the ribose binding protein from Thermotoga maritima
TeuB_maduro_1-335	6uoa-assembly1_A	0.098	274	1.336E-04	113	1.000	5.654E-01	0.704	0.388	6uoa-assembly1_A Human metabotropic GABA(B) receptor in its intermediate state 1
TeuB_maduro_1-335	6l6f-assembly1_C	0.134	297	7.407E-05	113	1.000	5.617E-01	0.764	0.390	6l6f-assembly1_C GluK3 receptor complex with UBP301
TeuB_maduro_1-335	6xsr-assembly1_D	0.101	266	1.795E-04	113	1.000	5.713E-01	0.710	0.307	6xsr-assembly1_D Crystal structure of GluA2 AMPA receptor in complex with trans-4-butylcyclohexane carboxylic acid (4-BCCA) inhibitor
TeuB_maduro_1-335	6dm1-assembly1_A	0.110	254	5.508E-04	113	1.000	6.543E-01	0.707	0.238	6dm1-assembly1_A Open state GluA2 in complex with STZ and blocked by NASPM, after micelle signal subtraction
TeuB_maduro_1-335	2lbp-assembly1_A	0.101	267	5.515E-05	112	1.000	4.527E-01	0.716	0.714	2lbp-assembly1_A STRUCTURE OF THE L-LEUCINE-BINDING PROTEIN REFINED AT 2.4 ANGSTROMS RESOLUTION AND COMPARISON WITH THE LEU(SLASH)ILE(SLASH)VAL-BINDING PROTEIN STRUCTURE
TeuB_maduro_1-335	5tpz-assembly1_A	0.146	279	1.694E-05	112	1.000	4.542E-01	0.761	0.740	5tpz-assembly1_A Crystal structure of amino terminal domains of the NMDA receptor subunit GluN1 and GluN2B in apo closed state
TeuB_maduro_1-335	6uo8-assembly1_A	0.092	280	1.188E-04	112	1.000	5.423E-01	0.716	0.376	6uo8-assembly1_A Human metabotropic GABA(B) receptor bound to agonist SKF97541 and positive allosteric modulator GS39783
TeuB_maduro_1-335	8usx-assembly1_B	0.109	311	8.852E-06	112	1.000	3.724E-01	0.764	0.381	8usx-assembly1_B Glycine-bound GluN1a-3A NMDA receptor
TeuB_maduro_1-335	4u4f-assembly1_C	0.098	265	3.053E-04	112	1.000	6.050E-01	0.710	0.309	4u4f-assembly1_C Structure of GluA2* in complex with partial agonist (S)-5-Nitrowillardiine
TeuB_maduro_1-335	3o2j-assembly1_B	0.119	259	5.192E-04	111	1.000	5.969E-01	0.701	0.635	3o2j-assembly1_B Structure of the GluA2 NTD-dimer interface mutant, N54A
TeuB_maduro_1-335	7ca3-assembly1_A	0.102	323	1.795E-04	111	1.000	5.544E-01	0.761	0.459	7ca3-assembly1_A Cryo-EM structure of human GABA(B) receptor bound to the positive allosteric modulator rac-BHFF
TeuB_maduro_1-335	7ysj-assembly1_D	0.148	235	3.435E-04	111	1.000	5.836E-01	0.657	0.334	7ysj-assembly1_D GluK1-1a in nanodisc captured in SYM2081 bound desensitized state
TeuB_maduro_1-335	4u5c-assembly1_A	0.097	350	3.239E-04	111	1.000	5.757E-01	0.893	0.416	4u5c-assembly1_A Crystal structure of GluA2, con-ikot-ikot snail toxin, partial agonist FW and postitive modulator (R,R)-2b complex
TeuB_maduro_1-335	5l1g-assembly1_A	0.114	253	8.831E-04	111	1.000	6.273E-01	0.707	0.301	5l1g-assembly1_A AMPA subtype ionotropic glutamate receptor GluA2 in complex with GYKI-Br
TeuB_maduro_1-335	6ruq-assembly1_C	0.098	265	5.192E-04	111	1.000	5.978E-01	0.713	0.299	6ruq-assembly1_C Structure of GluA2cryst in complex the antagonist ZK200775 and the negative allosteric modulator GYKI53655 at 4.65 A resolution
TeuB_maduro_1-335	4mr9-assembly1_B	0.121	271	1.188E-04	110	1.000	4.879E-01	0.710	0.635	4mr9-assembly1_B Crystal structure of the extracellular domain of human GABA(B) receptor bound to the antagonist SCH50911
TeuB_maduro_1-335	6vjm-assembly1_A	0.082	280	4.355E-05	110	1.000	4.892E-01	0.707	0.374	6vjm-assembly1_A Human metabotropic GABA(B) receptor in its apo state
TeuB_maduro_1-335	7vm2-assembly1_C	0.116	325	1.692E-04	110	1.000	5.676E-01	0.815	0.418	7vm2-assembly1_C GluK3 D759G mutant receptor complex with UBP310 and spermine
TeuB_maduro_1-335	4u5d-assembly1_D	0.100	260	3.435E-04	110	1.000	6.001E-01	0.713	0.321	4u5d-assembly1_D Crystal structure of GluA2, con-ikot-ikot snail toxin, partial agonist KA and postitive modulator (R,R)-2b complex
TeuB_maduro_1-335	6njl-assembly1_D	0.110	361	9.949E-05	110	1.000	5.261E-01	0.899	0.405	6njl-assembly1_D Architecture and subunit arrangement of native AMPA receptors
TeuB_maduro_1-335	7rz9-assembly1_A	0.109	355	6.205E-05	110	1.000	5.076E-01	0.887	0.314	7rz9-assembly1_A Structure of the complex of AMPA receptor GluA2 with auxiliary subunit GSG1L in the apo state
TeuB_maduro_1-335	7ce1-assembly6_T	0.122	269	1.502E-03	109	1.000	7.285E-01	0.770	0.764	7ce1-assembly6_T Complex STRUCTURE OF TRANSCRIPTION FACTOR SghR with its COGNATE DNA
TeuB_maduro_1-335	2wjw-assembly1_A-2	0.111	259	4.895E-04	109	1.000	5.884E-01	0.704	0.639	2wjw-assembly1_A-2 Crystal structure of the human ionotropic glutamate receptor GluR2 ATD region at 1.8 A resolution
TeuB_maduro_1-335	5x2p-assembly1_A	0.089	347	2.878E-04	109	1.000	5.538E-01	0.863	0.756	5x2p-assembly1_A Crystal structure of the medaka fish taste receptor T1r2a-T1r3 ligand binding domains in complex with L-glutamate
TeuB_maduro_1-335	5ide-assembly1_A	0.111	260	1.258E-03	109	1.000	6.446E-01	0.704	0.317	5ide-assembly1_A Cryo-EM structure of GluA2/3 AMPA receptor heterotetramer (model I)
TeuB_maduro_1-335	5idf-assembly1_C	0.111	260	1.258E-03	109	1.000	6.446E-01	0.704	0.316	5idf-assembly1_C Cryo-EM structure of GluA2/3 AMPA receptor heterotetramer (model II)
TeuB_maduro_1-335	5idf-assembly1_A	0.111	260	1.258E-03	109	1.000	6.446E-01	0.704	0.314	5idf-assembly1_A Cryo-EM structure of GluA2/3 AMPA receptor heterotetramer (model II)
TeuB_maduro_1-335	7eor-assembly1_D	0.129	285	1.055E-04	109	1.000	4.872E-01	0.764	0.345	7eor-assembly1_D Structure of the human GluN1/GluN2A NMDA receptor in the glycine/glutamate/GNE-6901 bound state
TeuB_maduro_1-335	6dlz-assembly1_B	0.120	233	7.398E-04	109	1.000	6.477E-01	0.651	0.217	6dlz-assembly1_B Open state GluA2 in complex with STZ after micelle signal subtraction
TeuB_maduro_1-335	3nnd-assembly2_A	0.122	303	2.022E-05	108	1.000	4.151E-01	0.761	0.826	3nnd-assembly2_A The crystal structure of ABC transporter from Rhodopseudomonas palustris
TeuB_maduro_1-335	4u1w-assembly1_C	0.105	255	1.502E-03	108	1.000	6.484E-01	0.704	0.319	4u1w-assembly1_C Full length GluA2-kainate-(R,R)-2b complex crystal form A
TeuB_maduro_1-335	3om1-assembly1_B	0.127	251	1.593E-03	107	1.000	6.478E-01	0.707	0.646	3om1-assembly1_B Crystal structure of the GluK5 (KA2) ATD dimer at 1.7 Angstrom Resolution
TeuB_maduro_1-335	4u5c-assembly1_C	0.107	260	5.192E-04	107	1.000	5.888E-01	0.704	0.315	4u5c-assembly1_C Crystal structure of GluA2, con-ikot-ikot snail toxin, partial agonist FW and postitive modulator (R,R)-2b complex
TeuB_maduro_1-335	5x2p-assembly2_C	0.101	325	6.575E-04	106	1.000	5.743E-01	0.791	0.719	5x2p-assembly2_C Crystal structure of the medaka fish taste receptor T1r2a-T1r3 ligand binding domains in complex with L-glutamate
TeuB_maduro_1-335	5x2o-assembly1_B	0.096	302	8.325E-04	106	1.000	5.902E-01	0.740	0.642	5x2o-assembly1_B Crystal structure of the medaka fish taste receptor T1r2a-T1r3 ligand binding domains in complex with L-arginine
TeuB_maduro_1-335	6jfy-assembly1_C	0.150	260	5.843E-04	106	1.000	6.111E-01	0.704	0.342	6jfy-assembly1_C GluK3 receptor trapped in Desensitized state
TeuB_maduro_1-335	7c7s-assembly1_A	0.098	275	7.407E-05	105	1.000	4.693E-01	0.737	0.364	7c7s-assembly1_A Cryo-EM structure of the CGP54626-bound human GABA(B) receptor in inactive state.
TeuB_maduro_1-335	8trd-assembly1_B	0.117	297	2.713E-04	105	1.000	5.210E-01	0.731	0.383	8trd-assembly1_B mGluR3 class 1 in the presence of the antagonist LY 341495
TeuB_maduro_1-335	4u5f-assembly1_C	0.087	264	2.713E-04	105	1.000	5.673E-01	0.713	0.319	4u5f-assembly1_C Crystal structure of GluA2, con-ikot-ikot snail toxin, partial agonist KA and postitive modulator (R,R)-2b complex, GluA2cryst2 construct
TeuB_maduro_1-335	4pyr-assembly1_A	0.125	328	2.878E-04	104	1.000	4.856E-01	0.812	0.993	4pyr-assembly1_A Structure of a putative branched-chain amino acid ABC transporter from Chromobacterium violaceum ATCC 12472
TeuB_maduro_1-335	5x2q-assembly2_D	0.114	348	5.843E-04	104	1.000	5.567E-01	0.776	0.727	5x2q-assembly2_D Crystal structure of the medaka fish taste receptor T1r2a-T1r3 ligand binding domains in complex with glycine
TeuB_maduro_1-335	5ipv-assembly1_B	0.103	280	9.949E-05	104	1.000	4.423E-01	0.761	0.425	5ipv-assembly1_B Cryo-EM structure of GluN1/GluN2B NMDA receptor in the DCKA/D-APV-bound conformation, state 1
TeuB_maduro_1-335	9arf-assembly1_C	0.136	286	4.106E-05	104	1.000	4.285E-01	0.758	0.319	9arf-assembly1_C Rat GluN1-GluN2B NMDA receptor channel in complex with glycine, glutamate, and EU-1622-A, in nonactive1 conformation
TeuB_maduro_1-335	5up2-assembly1_A	0.126	293	8.842E-05	104	1.000	4.529E-01	0.761	0.335	5up2-assembly1_A Triheteromeric NMDA receptor GluN1/GluN2A/GluN2B in complex with glycine, glutamate, Ro 25-6981, MK-801 and a GluN2B-specific Fab, at pH 6.5
TeuB_maduro_1-335	5er3-assembly1_A	0.133	240	1.793E-03	103	1.000	5.838E-01	0.522	0.720	5er3-assembly1_A Crystal structure of ABC transporter system solute-binding protein from Rhodopirellula baltica SH 1
TeuB_maduro_1-335	3qlv-assembly1_A	0.116	241	9.938E-04	102	1.000	5.983E-01	0.663	0.596	3qlv-assembly1_A Crystal structure of the GluK2/GluK5 (GluR6/KA2) ATD tetramer assembly
TeuB_maduro_1-335	5x2n-assembly1_A	0.090	342	4.101E-04	102	1.000	5.595E-01	0.791	0.755	5x2n-assembly1_A Crystal structure of the medaka fish taste receptor T1r2a-T1r3 ligand binding domains in complex with L-alanine
TeuB_maduro_1-335	5ipq-assembly1_D	0.109	284	2.411E-04	102	1.000	4.775E-01	0.761	0.423	5ipq-assembly1_D Cryo-EM structure of GluN1/GluN2B NMDA receptor in the DCKA/D-APV-bound conformation, state 2
TeuB_maduro_1-335	7yfr-assembly1_A	0.120	274	3.866E-04	102	1.000	5.083E-01	0.758	0.360	7yfr-assembly1_A Structure of GluN1a E698C-GluN2D NMDA receptor in cystines non-crosslinked state.
TeuB_maduro_1-335	4u5d-assembly1_C	0.100	258	1.186E-03	102	1.000	6.034E-01	0.704	0.315	4u5d-assembly1_C Crystal structure of GluA2, con-ikot-ikot snail toxin, partial agonist KA and postitive modulator (R,R)-2b complex
TeuB_maduro_1-335	5x2o-assembly2_C	0.103	328	5.192E-04	101	1.000	5.403E-01	0.791	0.728	5x2o-assembly2_C Crystal structure of the medaka fish taste receptor T1r2a-T1r3 ligand binding domains in complex with L-arginine
TeuB_maduro_1-335	4tll-assembly1_C	0.116	291	1.418E-04	101	1.000	4.480E-01	0.761	0.371	4tll-assembly1_C Crystal structure of GluN1/GluN2B NMDA receptor, structure 1
TeuB_maduro_1-335	4u2q-assembly1_C	0.106	234	2.140E-03	101	1.000	6.380E-01	0.651	0.288	4u2q-assembly1_C Full-length AMPA subtype ionotropic glutamate receptor GluA2 in complex with partial agonist kainate
TeuB_maduro_1-335	5fxi-assembly1_A	0.130	275	4.895E-04	101	1.000	5.132E-01	0.764	0.329	5fxi-assembly1_A GluN1b-GluN2B NMDA receptor structure in non-active-2 conformation
TeuB_maduro_1-335	6wi0-assembly1_A	0.127	283	2.411E-04	101	1.000	4.584E-01	0.764	0.333	6wi0-assembly1_A GluN1b-GluN2B NMDA receptor in complex with GluN1 antagonist L689,560, class 2
TeuB_maduro_1-335	3nnd-assembly2_B	0.127	298	2.276E-05	100	1.000	3.562E-01	0.761	0.818	3nnd-assembly2_B The crystal structure of ABC transporter from Rhodopseudomonas palustris
TeuB_maduro_1-335	4f11-assembly1_A	0.115	277	1.595E-04	100	1.000	4.617E-01	0.749	0.607	4f11-assembly1_A Crystal structure of the extracellular domain of human GABA(B) receptor GBR2
TeuB_maduro_1-335	5x2m-assembly1_A	0.103	339	7.848E-04	100	1.000	5.517E-01	0.791	0.753	5x2m-assembly1_A Crystal structure of the medaka fish taste receptor T1r2a-T1r3 ligand binding domains in complex with L-glutamine
TeuB_maduro_1-335	7cum-assembly1_A	0.105	275	3.239E-04	100	1.000	5.051E-01	0.704	0.373	7cum-assembly1_A Cryo-EM structure of human GABA(B) receptor bound to the antagonist CGP54626
TeuB_maduro_1-335	6vjm-assembly1_B	0.116	240	5.192E-04	100	1.000	5.144E-01	0.648	0.328	6vjm-assembly1_B Human metabotropic GABA(B) receptor in its apo state
TeuB_maduro_1-335	8usx-assembly1_D	0.100	360	1.419E-05	100	1.000	3.531E-01	0.901	0.423	8usx-assembly1_D Glycine-bound GluN1a-3A NMDA receptor
TeuB_maduro_1-335	2wjx-assembly2_C-2	0.125	255	9.938E-04	99	0.999	5.621E-01	0.704	0.634	2wjx-assembly2_C-2 Crystal structure of the human ionotropic glutamate receptor GluR2 ATD region at 4.1 A resolution
TeuB_maduro_1-335	4u5b-assembly1_D	0.108	359	2.143E-04	99	0.999	5.023E-01	0.899	0.430	4u5b-assembly1_D Crystal structure of GluA2 A622T, con-ikot-ikot snail toxin, partial agonist KA and postitive modulator (R,R)-2b complex
TeuB_maduro_1-335	4tlm-assembly1_D	0.113	282	3.644E-04	98	0.999	4.864E-01	0.761	0.352	4tlm-assembly1_D Crystal structure of GluN1/GluN2B NMDA receptor, structure 2
TeuB_maduro_1-335	5fxi-assembly1_C	0.132	280	6.198E-04	98	0.999	5.103E-01	0.758	0.332	5fxi-assembly1_C GluN1b-GluN2B NMDA receptor structure in non-active-2 conformation
TeuB_maduro_1-335	1yk0-assembly1_A	0.111	314	6.575E-04	97	0.999	5.243E-01	0.773	0.754	1yk0-assembly1_A structure of natriuretic peptide receptor-C complexed with atrial natriuretic peptide
TeuB_maduro_1-335	8e93-assembly1_A	0.118	288	1.188E-04	97	0.999	4.344E-01	0.761	0.325	8e93-assembly1_A D-cycloserine and glutamate bound Human GluN1a-GluN2C NMDA receptor in splayed conformation
TeuB_maduro_1-335	6wi1-assembly1_C	0.118	305	4.350E-04	96	0.999	4.618E-01	0.764	0.340	6wi1-assembly1_C GluN1b-GluN2B NMDA receptor in active conformation stabilized by inter-GluN1b-GluN2B subunit cross-linking
TeuB_maduro_1-335	6kzm-assembly1_D	0.143	286	1.335E-03	95	0.998	5.839E-01	0.770	0.379	6kzm-assembly1_D GluK3 receptor complex with kainate
TeuB_maduro_1-335	3ckm-assembly1_A	0.087	307	9.368E-04	94	0.998	4.861E-01	0.761	0.865	3ckm-assembly1_A LpoA (YraM) C-domain from Haemophilus influenzae, a regulator of PBP1A
TeuB_maduro_1-335	6w2x-assembly1_B	0.110	263	7.398E-04	94	0.998	5.018E-01	0.707	0.372	6w2x-assembly1_B CryoEM Structure of Inactive GABAB Heterodimer
TeuB_maduro_1-335	7eb2-assembly1_C	0.090	276	9.368E-04	94	0.998	5.117E-01	0.710	0.379	7eb2-assembly1_C Cryo-EM structure of human GABA(B) receptor-Gi protein complex
TeuB_maduro_1-335	6w2y-assembly1_B	0.080	237	8.831E-04	92	0.997	5.292E-01	0.570	0.336	6w2y-assembly1_B CryoEM Structure of GABAB1b Homodimer
TeuB_maduro_1-335	9ari-assembly1_A	0.110	281	3.435E-04	92	0.997	4.272E-01	0.728	0.316	9ari-assembly1_A Rat GluN1-GluN2B NMDA receptor channel in complex with glutamate
TeuB_maduro_1-335	5vat-assembly2_B	0.090	287	5.843E-04	91	0.997	4.576E-01	0.761	0.485	5vat-assembly2_B Haemophilus influenzae LpoA: Monoclinic form (Mon2) with 2 molecules per a.u.
TeuB_maduro_1-335	8vur-assembly1_C	0.123	283	9.938E-04	91	0.997	4.738E-01	0.755	0.328	8vur-assembly1_C Human GluN1-2A with IgG 003-102 WT conformation
TeuB_maduro_1-335	6jfz-assembly1_B	0.153	281	3.431E-03	90	0.996	5.969E-01	0.770	0.380	6jfz-assembly1_B GluK3 receptor complex with UBP310
TeuB_maduro_1-335	6mmx-assembly1_C	0.111	277	5.843E-04	90	0.996	4.449E-01	0.755	0.332	6mmx-assembly1_C Triheteromeric NMDA receptor GluN1/GluN2A/GluN2A* in the 'Extended' conformation, in complex with glycine and glutamate, in the presence of 1 micromolar zinc chloride, and at pH 7.4
TeuB_maduro_1-335	5vat-assembly1_A	0.097	307	9.368E-04	89	0.996	4.752E-01	0.785	0.511	5vat-assembly1_A Haemophilus influenzae LpoA: Monoclinic form (Mon2) with 2 molecules per a.u.
TeuB_maduro_1-335	2vlb-assembly2_B	0.128	272	2.020E-04	88	0.995	3.384E-01	0.764	0.931	2vlb-assembly2_B Structure of unliganded arylmalonate decarboxylase
TeuB_maduro_1-335	7yfr-assembly1_D	0.117	281	8.831E-04	88	0.995	4.359E-01	0.761	0.381	7yfr-assembly1_D Structure of GluN1a E698C-GluN2D NMDA receptor in cystines non-crosslinked state.
TeuB_maduro_1-335	5ipq-assembly1_A	0.104	286	1.118E-03	88	0.995	4.610E-01	0.761	0.395	5ipq-assembly1_A Cryo-EM structure of GluN1/GluN2B NMDA receptor in the DCKA/D-APV-bound conformation, state 2
TeuB_maduro_1-335	4u2p-assembly1_C	0.103	262	2.408E-03	88	0.995	5.545E-01	0.704	0.309	4u2p-assembly1_C Full-length AMPA subtype ionotropic glutamate receptor GluA2 in the apo state
TeuB_maduro_1-335	6mmm-assembly1_D	0.097	287	1.502E-03	88	0.995	4.947E-01	0.764	0.346	6mmm-assembly1_D Diheteromeric NMDA receptor GluN1/GluN2A in the 'Extended-1' conformation, in complex with glycine and glutamate, in the presence of 1 micromolar zinc chloride, and at pH 7.4
TeuB_maduro_1-335	6whw-assembly1_A	0.149	294	8.325E-04	88	0.995	4.331E-01	0.761	0.333	6whw-assembly1_A GluN1b-GluN2B NMDA receptor in complex with GluN2B antagonist SDZ 220-040, class 1
TeuB_maduro_1-335	5ipu-assembly1_A	0.104	286	1.258E-03	87	0.994	4.610E-01	0.761	0.398	5ipu-assembly1_A Cryo-EM structure of GluN1/GluN2B NMDA receptor in the DCKA/D-APV-bound conformation, state 6
TeuB_maduro_1-335	8vuh-assembly1_C	0.125	302	1.335E-03	87	0.994	4.520E-01	0.785	0.354	8vuh-assembly1_C Human GluN1-2A IgG 003-102 splayed conformation
TeuB_maduro_1-335	8gpr-assembly1_D	0.163	269	6.966E-03	86	0.993	5.909E-01	0.731	0.347	8gpr-assembly1_D GluK1-1a receptor captured in the desensitized state
TeuB_maduro_1-335	8vun-assembly1_C	0.134	290	1.502E-03	86	0.993	4.653E-01	0.764	0.340	8vun-assembly1_C Human GluN1-2A With Fab 008-218
TeuB_maduro_1-335	7yfh-assembly1_D	0.105	303	1.690E-03	85	0.992	4.458E-01	0.761	0.406	7yfh-assembly1_D Structure of the Rat GluN1-GluN2C NMDA receptor in complex with glycine, glutamate and (R)-PYD-106
TeuB_maduro_1-335	5vbg-assembly1_A	0.083	347	3.235E-03	83	0.990	4.623E-01	0.833	0.599	5vbg-assembly1_A Crystal Structure of full-length LpoA, Monoclinic form 1, from Haemophilus influenzae
TeuB_maduro_1-335	5ipt-assembly1_A	0.105	284	1.502E-03	83	0.990	4.428E-01	0.761	0.396	5ipt-assembly1_A Cryo-EM structure of GluN1/GluN2B NMDA receptor in the DCKA/D-APV-bound conformation, state 5
TeuB_maduro_1-335	6mmg-assembly1_D	0.114	288	1.593E-03	83	0.990	4.394E-01	0.761	0.350	6mmg-assembly1_D Diheteromeric NMDA receptor GluN1/GluN2A in the '2-Knuckle-Symmetric' conformation, in complex with glycine and glutamate, in the presence of 1 millimolar EDTA, and at pH 7.4
TeuB_maduro_1-335	5up2-assembly1_C	0.111	296	1.054E-03	83	0.990	4.225E-01	0.764	0.336	5up2-assembly1_C Triheteromeric NMDA receptor GluN1/GluN2A/GluN2B in complex with glycine, glutamate, Ro 25-6981, MK-801 and a GluN2B-specific Fab, at pH 6.5
TeuB_maduro_1-335	3om0-assembly1_A-2	0.118	313	3.049E-03	82	0.988	5.052E-01	0.761	0.753	3om0-assembly1_A-2 Crystal structure of the GluK5 (KA2) ATD crystallographic dimer at 1.4 Angstrom resolution
TeuB_maduro_1-335	4u1x-assembly1_A	0.093	266	3.235E-03	82	0.988	5.343E-01	0.704	0.316	4u1x-assembly1_A Full length GluA2-kainate-(R,R)-2b complex crystal form B
TeuB_maduro_1-335	6whr-assembly1_B	0.106	301	1.593E-03	82	0.988	4.242E-01	0.773	0.361	6whr-assembly1_B GluN1b-GluN2B NMDA receptor in non-active 2 conformation at 4 angstrom resolution
TeuB_maduro_1-335	7eot-assembly1_D	0.124	281	1.258E-03	82	0.988	4.385E-01	0.764	0.335	7eot-assembly1_D Structure of the human GluN1/GluN2A NMDA receptor in the CGP-78608/glutamate bound state
TeuB_maduro_1-335	5b3j-assembly1_C	0.122	286	9.368E-04	81	0.986	4.124E-01	0.767	0.749	5b3j-assembly1_C Activation of NMDA receptors and the mechanism of inhibition by ifenprodil
TeuB_maduro_1-335	6mmv-assembly1_D	0.124	289	3.235E-03	81	0.986	4.581E-01	0.761	0.411	6mmv-assembly1_D Triheteromeric NMDA receptor GluN1/GluN2A/GluN2A* Extracellular Domain in the '2-Knuckle-Asymmetric' conformation, in complex with glycine and glutamate, in the presence of 1 micromolar zinc chloride, and at pH 7.4
TeuB_maduro_1-335	4tlm-assembly1_A	0.111	288	2.408E-03	81	0.986	4.443E-01	0.761	0.327	4tlm-assembly1_A Crystal structure of GluN1/GluN2B NMDA receptor, structure 2
TeuB_maduro_1-335	5kcn-assembly1_A	0.093	310	1.502E-03	80	0.984	4.343E-01	0.785	0.515	5kcn-assembly1_A Crystal Structure of full-length LpoA from Haemophilus influenzae at 1.97 angstrom resolution
TeuB_maduro_1-335	8jf7-assembly1_C	0.119	292	2.408E-03	80	0.984	4.432E-01	0.758	0.406	8jf7-assembly1_C Triheteromeric NMDA receptor GluN1-GluN2A-GluN3A in complex with glycine, glutamate, a GluN1-specific Fab,and a GluN2A-specific Fab
TeuB_maduro_1-335	6whx-assembly1_A	0.120	283	3.235E-03	80	0.984	4.522E-01	0.764	0.327	6whx-assembly1_A GluN1b-GluN2B NMDA receptor in complex with GluN2B antagonist SDZ 220-040, class 2
TeuB_maduro_1-335	2xvz-assembly1_A	0.142	301	3.239E-04	79	0.981	3.694E-01	0.758	0.981	2xvz-assembly1_A Cobalt chelatase CbiK (periplasmatic) from Desulvobrio vulgaris Hildenborough (co-crystallized with cobalt)
TeuB_maduro_1-335	7yfh-assembly1_B	0.097	339	2.555E-03	79	0.981	4.203E-01	0.833	0.468	7yfh-assembly1_B Structure of the Rat GluN1-GluN2C NMDA receptor in complex with glycine, glutamate and (R)-PYD-106
TeuB_maduro_1-335	5fxh-assembly1_A	0.143	286	5.502E-03	79	0.981	4.670E-01	0.764	0.338	5fxh-assembly1_A GluN1b-GluN2B NMDA receptor in non-active-1 conformation
TeuB_maduro_1-335	4ix1-assembly2_F	0.095	293	4.614E-04	78	0.978	3.322E-01	0.788	0.944	4ix1-assembly2_F Crystal structure of hypothetical protein OPAG_01669 from Rhodococcus Opacus PD630, Target 016205
TeuB_maduro_1-335	3nnd-assembly3_D	0.127	297	3.239E-04	78	0.978	3.294E-01	0.761	0.817	3nnd-assembly3_D The crystal structure of ABC transporter from Rhodopseudomonas palustris
TeuB_maduro_1-335	5b3j-assembly2_D	0.112	293	1.690E-03	78	0.978	4.041E-01	0.782	0.784	5b3j-assembly2_D Activation of NMDA receptors and the mechanism of inhibition by ifenprodil
TeuB_maduro_1-335	6mms-assembly1_B	0.098	293	2.140E-03	78	0.978	4.258E-01	0.764	0.350	6mms-assembly1_B Triheteromeric NMDA receptor GluN1/GluN2A/GluN2A* in the '2-Knuckle-Symmetric' conformation, in complex with glycine and glutamate, in the presence of 1 millimolar EDTA, and at pH 7.4
TeuB_maduro_1-335	4ix1-assembly4_H	0.112	294	4.614E-04	77	0.975	3.258E-01	0.791	0.948	4ix1-assembly4_H Crystal structure of hypothetical protein OPAG_01669 from Rhodococcus Opacus PD630, Target 016205
TeuB_maduro_1-335	6yy1-assembly1_B	0.126	308	1.504E-04	77	0.975	3.355E-01	0.767	0.845	6yy1-assembly1_B Arabidopsis aspartate transcarbamoylase in apo state
TeuB_maduro_1-335	2po7-assembly1_B	0.089	292	2.018E-03	77	0.975	4.200E-01	0.716	0.710	2po7-assembly1_B Crystal structure of human ferrochelatase mutant with His 341 replaced by Cys
TeuB_maduro_1-335	7yff-assembly1_D	0.108	239	6.191E-03	77	0.975	4.925E-01	0.642	0.284	7yff-assembly1_D Structure of GluN1a-GluN2D NMDA receptor in complex with agonist glycine and competitive antagonist CPP.
TeuB_maduro_1-335	7eor-assembly1_A	0.115	295	3.640E-03	75	0.967	4.387E-01	0.764	0.356	7eor-assembly1_A Structure of the human GluN1/GluN2A NMDA receptor in the glycine/glutamate/GNE-6901 bound state
TeuB_maduro_1-335	6mmx-assembly1_B	0.112	294	8.821E-03	75	0.967	4.847E-01	0.767	0.345	6mmx-assembly1_B Triheteromeric NMDA receptor GluN1/GluN2A/GluN2A* in the 'Extended' conformation, in complex with glycine and glutamate, in the presence of 1 micromolar zinc chloride, and at pH 7.4
TeuB_maduro_1-335	7te9-assembly1_D	0.110	244	3.235E-03	75	0.967	4.220E-01	0.645	0.283	7te9-assembly1_D Cryo-EM structure of GluN1b-2B NMDAR complexed to Fab2 class1
TeuB_maduro_1-335	5up2-assembly1_D	0.119	318	2.555E-03	75	0.967	4.081E-01	0.830	0.373	5up2-assembly1_D Triheteromeric NMDA receptor GluN1/GluN2A/GluN2B in complex with glycine, glutamate, Ro 25-6981, MK-801 and a GluN2B-specific Fab, at pH 6.5
TeuB_maduro_1-335	7am5-assembly1_A	0.151	132	3.427E-02	74	0.961	6.074E-01	0.307	0.466	7am5-assembly1_A Crystal structure of Peptiligase mutant - L217H/M222P/A225N
TeuB_maduro_1-335	6mmr-assembly1_D	0.114	287	4.096E-03	74	0.961	4.176E-01	0.758	0.348	6mmr-assembly1_D Diheteromeric NMDA receptor GluN1/GluN2A in the '2-Knuckle-Symmetric' conformation, in complex with glycine and glutamate, in the presence of 1 millimolar zinc chloride, 3 millimolar EDTA, and at pH 7.4
TeuB_maduro_1-335	4ycs-assembly5_E	0.136	110	1.255E-01	73	0.956	6.982E-01	0.313	0.844	4ycs-assembly5_E Crystal structure of putative lipoprotein from Peptoclostridium difficile 630 (fragment)
TeuB_maduro_1-335	7ce1-assembly6_S	0.124	217	4.604E-02	73	0.956	6.848E-01	0.630	0.649	7ce1-assembly6_S Complex STRUCTURE OF TRANSCRIPTION FACTOR SghR with its COGNATE DNA
TeuB_maduro_1-335	3nnd-assembly3_C	0.132	302	6.575E-04	73	0.956	3.270E-01	0.761	0.818	3nnd-assembly3_C The crystal structure of ABC transporter from Rhodopseudomonas palustris
TeuB_maduro_1-335	2pnj-assembly1_B	0.076	289	3.235E-03	73	0.956	4.059E-01	0.716	0.708	2pnj-assembly1_B Crystal structure of human ferrochelatase mutant with Phe 337 replaced by Ala
TeuB_maduro_1-335	4klr-assembly1_B	0.103	290	2.270E-03	73	0.956	3.907E-01	0.719	0.710	4klr-assembly1_B E343Q variant of human ferrochelatase
TeuB_maduro_1-335	6ys6-assembly1_A	0.125	310	4.614E-04	72	0.949	3.292E-01	0.767	0.827	6ys6-assembly1_A Arabidopsis aspartate transcarbamoylase complex with PALA
TeuB_maduro_1-335	2po5-assembly1_B	0.095	292	4.096E-03	72	0.949	4.167E-01	0.716	0.710	2po5-assembly1_B Crystal structure of human ferrochelatase mutant with His 263 replaced by Cys
TeuB_maduro_1-335	6yy1-assembly2_F	0.130	307	3.866E-04	71	0.941	3.131E-01	0.797	0.862	6yy1-assembly2_F Arabidopsis aspartate transcarbamoylase in apo state
TeuB_maduro_1-335	8e93-assembly1_B	0.116	326	3.431E-03	71	0.941	4.156E-01	0.836	0.420	8e93-assembly1_B D-cycloserine and glutamate bound Human GluN1a-GluN2C NMDA receptor in splayed conformation
TeuB_maduro_1-335	6mmk-assembly1_D	0.118	296	1.591E-02	71	0.941	4.995E-01	0.764	0.341	6mmk-assembly1_D Diheteromeric NMDA receptor GluN1/GluN2A in the '1-Knuckle' conformation, in complex with glycine and glutamate, in the presence of 1 micromolar zinc chloride, and at pH 7.4
TeuB_maduro_1-335	3f49-assembly1_S	0.126	158	5.495E-02	69	0.923	5.750E-01	0.340	0.556	3f49-assembly1_S Anion-triggered Engineered Subtilisin SUBT_BACAM
TeuB_maduro_1-335	6yvb-assembly2_D	0.148	316	4.895E-04	69	0.923	3.214E-01	0.767	0.818	6yvb-assembly2_D Arabidopsis aspartate transcarbamoylase complex with carbamoyl phosphate
TeuB_maduro_1-335	6mml-assembly1_D	0.119	285	8.821E-03	69	0.923	4.486E-01	0.761	0.347	6mml-assembly1_D Diheteromeric NMDA receptor GluN1/GluN2A in the '2-Knuckle-Asymmetric' conformation, in complex with glycine and glutamate, in the presence of 1 micromolar zinc chloride, and at pH 7.4
TeuB_maduro_1-335	5fxh-assembly1_B	0.114	287	1.333E-02	69	0.923	4.467E-01	0.764	0.350	5fxh-assembly1_B GluN1b-GluN2B NMDA receptor in non-active-1 conformation
TeuB_maduro_1-335	2pju-assembly1_A	0.138	259	1.117E-02	68	0.912	4.418E-01	0.758	0.973	2pju-assembly1_A Crystal structure of propionate catabolism operon regulatory protein prpR
TeuB_maduro_1-335	2xwp-assembly1_A	0.125	286	2.018E-03	68	0.912	3.635E-01	0.764	0.969	2xwp-assembly1_A ANAEROBIC COBALT CHELATASE (CbiK) FROM SALMONELLA TYPHIMURIUM IN COMPLEX WITH METALATED TETRAPYRROLE
TeuB_maduro_1-335	6kja-assembly1_C-2	0.095	294	2.555E-03	68	0.912	3.413E-01	0.761	0.842	6kja-assembly1_C-2 E. coli ATCase holoenzyme mutant - G128/130A (catalytic chain)
TeuB_maduro_1-335	3hcr-assembly1_B	0.105	295	4.096E-03	68	0.912	3.844E-01	0.716	0.710	3hcr-assembly1_B Human Ferrochelatase with deuteroporphyrin and Ni Bound
TeuB_maduro_1-335	4kmm-assembly1_B	0.115	252	7.390E-03	68	0.912	4.348E-01	0.591	0.643	4kmm-assembly1_B M76H variant of human ferrochelatase
TeuB_maduro_1-335	8vuy-assembly1_D	0.115	294	8.316E-03	68	0.912	4.086E-01	0.764	0.341	8vuy-assembly1_D Rat GluN1-2B with Fab 003-102
TeuB_maduro_1-335	6wi1-assembly1_D	0.103	299	4.889E-03	68	0.912	3.847E-01	0.761	0.346	6wi1-assembly1_D GluN1b-GluN2B NMDA receptor in active conformation stabilized by inter-GluN1b-GluN2B subunit cross-linking
TeuB_maduro_1-335	5fxj-assembly1_C	0.127	283	1.185E-02	68	0.912	4.546E-01	0.758	0.323	5fxj-assembly1_C GluN1b-GluN2B NMDA receptor structure-Class X
TeuB_maduro_1-335	3csu-assembly1_A	0.106	291	2.408E-03	67	0.900	3.506E-01	0.761	0.833	3csu-assembly1_A CATALYTIC TRIMER OF ESCHERICHIA COLI ASPARTATE TRANSCARBAMOYLASE
TeuB_maduro_1-335	9ari-assembly1_D	0.104	287	1.257E-02	67	0.900	4.334E-01	0.764	0.339	9ari-assembly1_D Rat GluN1-GluN2B NMDA receptor channel in complex with glutamate
TeuB_maduro_1-335	7am8-assembly1_A	0.132	159	6.560E-02	66	0.887	5.601E-01	0.331	0.551	7am8-assembly1_A Crystal structure of Omniligase mutant W189F
TeuB_maduro_1-335	3csu-assembly1_B	0.114	305	2.140E-03	66	0.887	3.442E-01	0.764	0.837	3csu-assembly1_B CATALYTIC TRIMER OF ESCHERICHIA COLI ASPARTATE TRANSCARBAMOYLASE
TeuB_maduro_1-335	2q2o-assembly1_A	0.094	340	4.096E-03	66	0.887	3.773E-01	0.767	0.990	2q2o-assembly1_A Crystal structure of H183C Bacillus subtilis ferrochelatase in complex with deuteroporphyrin IX 2,4-disulfonic acid dihydrochloride
TeuB_maduro_1-335	1ak1-assembly1_A	0.070	300	4.889E-03	66	0.887	4.086E-01	0.624	0.899	1ak1-assembly1_A FERROCHELATASE FROM BACILLUS SUBTILIS
TeuB_maduro_1-335	4nes-assembly1_A-2	0.092	389	1.186E-03	66	0.887	3.272E-01	0.794	0.950	4nes-assembly1_A-2 Crystal structure of Methanocaldococcus jannaschii UDP-GlcNAc 2-epimerase in complex with UDP-GlcNAc and UDP
TeuB_maduro_1-335	5fxj-assembly1_A	0.130	284	1.688E-02	66	0.887	4.540E-01	0.758	0.324	5fxj-assembly1_A GluN1b-GluN2B NMDA receptor structure-Class X
TeuB_maduro_1-335	1jfl-assembly1_B	0.156	281	4.096E-03	65	0.872	3.708E-01	0.758	0.987	1jfl-assembly1_B CRYSTAL STRUCTURE DETERMINATION OF ASPARTATE RACEMASE FROM AN ARCHAEA
TeuB_maduro_1-335	6yy1-assembly2_D	0.133	321	7.398E-04	65	0.872	3.097E-01	0.794	0.849	6yy1-assembly2_D Arabidopsis aspartate transcarbamoylase in apo state
TeuB_maduro_1-335	6mmp-assembly1_C	0.123	292	1.791E-02	65	0.872	4.472E-01	0.761	0.342	6mmp-assembly1_C Diheteromeric NMDA receptor GluN1/GluN2A in the '2-Knuckle-Symmetric' conformation, in complex with glycine and glutamate, in the presence of 0.1 millimolar EDTA, and at pH 8.0
TeuB_maduro_1-335	6mmx-assembly1_D	0.109	301	1.900E-02	65	0.872	4.722E-01	0.761	0.353	6mmx-assembly1_D Triheteromeric NMDA receptor GluN1/GluN2A/GluN2A* in the 'Extended' conformation, in complex with glycine and glutamate, in the presence of 1 micromolar zinc chloride, and at pH 7.4
TeuB_maduro_1-335	6k1x-assembly1_A	0.161	105	2.704E-01	64	0.855	6.594E-01	0.287	0.619	6k1x-assembly1_A Crystal structure of Rhodothermus marinus substrate-binding protein at pH 6.0
TeuB_maduro_1-335	7am7-assembly1_A	0.129	154	6.958E-02	64	0.855	5.544E-01	0.340	0.554	7am7-assembly1_A Crystal structure of Peptiligase mutant - M222P/L217H/A225N/F189W/N218D
TeuB_maduro_1-335	3tpf-assembly2_F	0.128	312	2.018E-03	64	0.855	3.305E-01	0.764	0.872	3tpf-assembly2_F Crystal structure of anabolic ornithine carbamoyltransferase from Campylobacter jejuni subsp. jejuni NCTC 11168
TeuB_maduro_1-335	6hdw-assembly1_A-2	0.104	153	8.306E-02	64	0.855	5.575E-01	0.421	0.301	6hdw-assembly1_A-2 Crystal structure of 2-Hydroxyisobutyryl-CoA Ligase (HCL) in the postadenylation state in complex with 2-HIB-AMP
TeuB_maduro_1-335	5fxg-assembly1_B	0.088	237	1.900E-02	64	0.855	4.268E-01	0.642	0.352	5fxg-assembly1_B GLUN1B-GLUN2B NMDA RECEPTOR IN ACTIVE CONFORMATION
TeuB_maduro_1-335	8e98-assembly1_D	0.108	333	7.390E-03	64	0.855	4.129E-01	0.836	0.472	8e98-assembly1_D D-cycloserine and glutamate bound Human GluN1a-GluN2C NMDA receptor in nanodisc - intact conformation
TeuB_maduro_1-335	2pju-assembly2_D	0.130	260	1.591E-02	63	0.837	4.298E-01	0.764	0.875	2pju-assembly2_D Crystal structure of propionate catabolism operon regulatory protein prpR
TeuB_maduro_1-335	7am6-assembly1_A	0.142	154	8.811E-02	63	0.837	5.703E-01	0.331	0.551	7am6-assembly1_A Crystal structure of Peptiligase mutant - L217H/M222P/A225N/F189W
TeuB_maduro_1-335	2pju-assembly1_B	0.129	208	1.053E-02	62	0.817	3.816E-01	0.603	0.837	2pju-assembly1_B Crystal structure of propionate catabolism operon regulatory protein prpR
TeuB_maduro_1-335	2q3j-assembly1_A	0.070	297	1.333E-02	62	0.817	4.123E-01	0.624	0.905	2q3j-assembly1_A Crystal structure of the His183Ala variant of Bacillus subtilis ferrochelatase in complex with N-Methyl Mesoporphyrin
TeuB_maduro_1-335	6mmh-assembly1_D	0.111	296	5.180E-02	62	0.817	4.805E-01	0.764	0.351	6mmh-assembly1_D Diheteromeric NMDA receptor GluN1/GluN2A in the 'Extended-2' conformation, in complex with glycine and glutamate, in the presence of 1 millimolar zinc chloride, and at pH 7.4
TeuB_maduro_1-335	6jv6-assembly1_A	0.116	240	2.138E-02	61	0.795	4.393E-01	0.612	0.936	6jv6-assembly1_A Crystal structure of the sirohydrochlorin chelatase SirB from Bacillus subtilis subspecies spizizenii in complex with cobalt
TeuB_maduro_1-335	4jqs-assembly1_A	0.176	102	1.686E-01	61	0.795	6.147E-01	0.287	0.371	4jqs-assembly1_A Crystal structure of a Putative thua-like protein (BACUNI_01602) from Bacteroides uniformis ATCC 8492 at 2.30 A resolution
TeuB_maduro_1-335	4fq7-assembly1_A	0.100	288	4.345E-03	61	0.795	2.976E-01	0.761	0.911	4fq7-assembly1_A Crystal structure of the maleate isomerase Iso from Pseudomonas putida S16
TeuB_maduro_1-335	4am8-assembly2_F	0.144	318	2.710E-03	61	0.795	3.341E-01	0.791	0.816	4am8-assembly2_F Crystal structure of the R54G mutant of putrescine transcarbamylase from Enterococcus faecalis bound to a curing guanidinium ion
TeuB_maduro_1-335	2qd2-assembly1_A	0.089	292	1.333E-02	61	0.795	3.728E-01	0.716	0.710	2qd2-assembly1_A F110A variant of human ferrochelatase with protoheme bound
TeuB_maduro_1-335	4rhc-assembly1_L	0.165	103	3.227E-01	60	0.772	6.852E-01	0.272	0.683	4rhc-assembly1_L Crystal structure of 3-Dehydroquinate dehydratase from Acinetobacter baumannii at 2.68 A resolution
TeuB_maduro_1-335	5zta-assembly2_B	0.130	284	3.636E-02	60	0.772	4.234E-01	0.767	0.972	5zta-assembly2_B SirB from Bacillus subtilis with Fe3+
TeuB_maduro_1-335	3ce9-assembly1_C	0.119	126	2.868E-01	60	0.772	6.488E-01	0.352	0.315	3ce9-assembly1_C Crystal structure of glycerol dehydrogenase (NP_348253.1) from Clostridium acetobutylicum at 2.37 A resolution
TeuB_maduro_1-335	7tes-assembly1_D	0.098	283	2.405E-02	60	0.772	4.362E-01	0.764	0.335	7tes-assembly1_D Cryo-EM structure of GluN1b-2B NMDAR in complex with Fab5 in Non-active1 conformation
TeuB_maduro_1-335	3cnq-assembly1_S	0.131	144	9.346E-02	59	0.747	5.382E-01	0.355	0.523	3cnq-assembly1_S Prosubtilisin Substrate Complex of Subtilisin SUBT_BACAM
TeuB_maduro_1-335	3ngl-assembly1_C	0.137	218	9.357E-03	59	0.747	3.332E-01	0.570	0.628	3ngl-assembly1_C Crystal structure of bifunctional 5,10-methylenetetrahydrofolate dehydrogenase / cyclohydrolase from Thermoplasma acidophilum
TeuB_maduro_1-335	7teq-assembly1_B	0.095	293	2.707E-02	59	0.747	4.133E-01	0.764	0.357	7teq-assembly1_B Cryo-EM structure of GluN1b-2B NMDAR in complex with Fab5 active conformation
TeuB_maduro_1-335	6whs-assembly1_B	0.095	240	4.340E-02	59	0.747	4.315E-01	0.654	0.287	6whs-assembly1_B GluN1b-GluN2B NMDA receptor in non-active 1 conformation at 3.95 angstrom resolution
TeuB_maduro_1-335	7am7-assembly3_C	0.107	158	1.332E-01	58	0.720	5.438E-01	0.340	0.558	7am7-assembly3_C Crystal structure of Peptiligase mutant - M222P/L217H/A225N/F189W/N218D
TeuB_maduro_1-335	2jfq-assembly1_B	0.093	288	9.357E-03	58	0.720	3.512E-01	0.773	0.849	2jfq-assembly1_B Crystal structure of Staphylococcus aureus glutamate racemase in complex with D- Glutamate
TeuB_maduro_1-335	1v5i-assembly1_A	0.163	92	4.335E-01	58	0.720	7.001E-01	0.224	0.335	1v5i-assembly1_A Crystal structure of serine protease inhibitor POIA1 in complex with subtilisin BPN'
TeuB_maduro_1-335	6kja-assembly1_A-2	0.099	321	9.357E-03	58	0.720	3.275E-01	0.761	0.848	6kja-assembly1_A-2 E. coli ATCase holoenzyme mutant - G128/130A (catalytic chain)
TeuB_maduro_1-335	2hre-assembly1_A	0.118	296	3.231E-02	58	0.720	4.225E-01	0.716	0.710	2hre-assembly1_A Structure of human ferrochelatase variant E343K with protoporphyrin IX bound
TeuB_maduro_1-335	8goa-assembly1_A	0.115	130	1.590E-01	58	0.720	5.517E-01	0.349	0.313	8goa-assembly1_A Crystal Structure of Glycerol Dehydrogenase in the absence of NAD+
TeuB_maduro_1-335	8www-assembly2_B	0.097	278	1.257E-02	58	0.720	3.409E-01	0.719	0.497	8www-assembly2_B Crystal structure of the adenylation domain of SyAstC
TeuB_maduro_1-335	3pgj-assembly1_D	0.117	315	4.889E-03	57	0.692	3.122E-01	0.827	0.970	3pgj-assembly1_D 2.49 Angstrom resolution crystal structure of shikimate 5-dehydrogenase (aroE) from Vibrio cholerae O1 biovar eltor str. N16961 in complex with shikimate
TeuB_maduro_1-335	5vmq-assembly1_A	0.125	232	9.357E-03	57	0.692	3.417E-01	0.666	0.554	5vmq-assembly1_A STRUCTURE OF THE R105A MUTANT CATALYTIC TRIMER OF ESCHERICHIA COLI ASPARTATE TRANSCARBAMOYLASE AT 2.0-A RESOLUTION
TeuB_maduro_1-335	6kj9-assembly1_A	0.097	317	5.186E-03	57	0.692	3.106E-01	0.761	0.847	6kj9-assembly1_A E. coli ATCase catalytic subunit mutant - G128/130A
TeuB_maduro_1-335	6kja-assembly1_E-2	0.104	317	9.926E-03	57	0.692	3.437E-01	0.761	0.842	6kja-assembly1_E-2 E. coli ATCase holoenzyme mutant - G128/130A (catalytic chain)
TeuB_maduro_1-335	8aw7-assembly1_A	0.091	294	3.427E-02	57	0.692	4.050E-01	0.624	0.896	8aw7-assembly1_A Structure of coproporphyrin III-LmCpfC R45L
TeuB_maduro_1-335	4f4d-assembly1_B	0.111	297	2.405E-02	57	0.692	3.973E-01	0.716	0.710	4f4d-assembly1_B F337R variant of human ferrochelatase
TeuB_maduro_1-335	7teq-assembly1_D	0.095	293	3.636E-02	57	0.692	4.144E-01	0.764	0.356	7teq-assembly1_D Cryo-EM structure of GluN1b-2B NMDAR in complex with Fab5 active conformation
TeuB_maduro_1-335	6irf-assembly1_B	0.109	291	6.958E-02	57	0.692	4.480E-01	0.758	0.352	6irf-assembly1_B Structure of the human GluN1/GluN2A NMDA receptor in the glutamate/glycine-bound state at pH 6.3, Class I
TeuB_maduro_1-335	8vuu-assembly1_D	0.139	322	2.552E-02	57	0.692	3.717E-01	0.857	0.386	8vuu-assembly1_D Human GluN1-2B with Fab 007-168
TeuB_maduro_1-335	1y7p-assembly1_C	0.135	177	7.830E-02	56	0.663	4.798E-01	0.475	0.650	1y7p-assembly1_C 1.9 A Crystal Structure of a Protein of Unknown Function AF1403 from Archaeoglobus fulgidus, Probable Metabolic Regulator
TeuB_maduro_1-335	2oho-assembly1_A	0.111	279	2.871E-02	56	0.663	3.634E-01	0.776	0.795	2oho-assembly1_A Structural Basis for Glutamate Racemase Inhibitor
TeuB_maduro_1-335	6kj8-assembly1_C-2	0.112	301	1.591E-02	56	0.663	3.335E-01	0.761	0.845	6kj8-assembly1_C-2 E. coli ATCase holoenzyme mutant - G166P (catalytic chain)
TeuB_maduro_1-335	4xsu-assembly1_B	0.080	385	2.140E-03	56	0.663	2.796E-01	0.770	0.956	4xsu-assembly1_B Crystal structure of Anabaena Alr3699/HepE in complex with UDP and glucose
TeuB_maduro_1-335	8jf7-assembly1_B	0.118	286	1.052E-01	56	0.663	4.766E-01	0.758	0.408	8jf7-assembly1_B Triheteromeric NMDA receptor GluN1-GluN2A-GluN3A in complex with glycine, glutamate, a GluN1-specific Fab,and a GluN2A-specific Fab
TeuB_maduro_1-335	8wxm-assembly1_A	0.119	151	2.704E-01	54	0.601	5.448E-01	0.391	0.859	8wxm-assembly1_A Crystal structure of substrate-binding protein from Rhodothermus marinus (Dose I)
TeuB_maduro_1-335	2i22-assembly2_B	0.105	114	6.176E-01	54	0.601	6.644E-01	0.316	0.584	2i22-assembly2_B Crystal structure of Escherichia coli phosphoheptose isomerase in complex with reaction substrate sedoheptulose 7-phosphate
TeuB_maduro_1-335	8k8i-assembly1_A	0.129	248	2.552E-02	54	0.601	3.745E-01	0.713	0.844	8k8i-assembly1_A De novo design protein -N14
TeuB_maduro_1-335	5zf1-assembly1_B	0.113	308	6.966E-03	54	0.601	2.985E-01	0.764	0.869	5zf1-assembly1_B Molecular structure of a novel 5,10-methylenetetrahydrofolate dehydrogenase from the silkworm, Bombyx mori
TeuB_maduro_1-335	2yq5-assembly1_D	0.120	291	1.500E-02	54	0.601	3.320E-01	0.648	0.788	2yq5-assembly1_D Crystal Structure of D-isomer specific 2-hydroxyacid dehydrogenase from Lactobacillus delbrueckii ssp. bulgaricus: NAD complexed form
TeuB_maduro_1-335	6mmn-assembly1_B	0.109	292	5.180E-02	54	0.601	4.093E-01	0.761	0.346	6mmn-assembly1_B Diheteromeric NMDA receptor GluN1/GluN2A in the '2-Knuckle-Symmetric' conformation, in complex with glycine and glutamate, in the presence of 1 micromolar zinc chloride, and at pH 8.0
TeuB_maduro_1-335	5c4r-assembly1_A	0.117	256	1.591E-02	53	0.569	3.295E-01	0.642	0.861	5c4r-assembly1_A CobK precorrin-6A reductase
TeuB_maduro_1-335	4a8p-assembly2_D	0.127	235	7.839E-03	53	0.569	3.285E-01	0.591	0.560	4a8p-assembly2_D Crystal structure of putrescine transcarbamylase from Enterococcus faecalis with N5-(phosphonoacetyl)-L-ornithine
TeuB_maduro_1-335	5oe3-assembly4_D	0.090	286	1.791E-02	53	0.569	3.456E-01	0.725	0.631	5oe3-assembly4_D Crystal structure of the N-terminal domain of PqsA in complex with anthraniloyl-AMP (crystal form 1)
TeuB_maduro_1-335	5fxg-assembly1_C	0.130	260	1.590E-01	53	0.569	4.633E-01	0.704	0.377	5fxg-assembly1_C GLUN1B-GLUN2B NMDA RECEPTOR IN ACTIVE CONFORMATION
TeuB_maduro_1-335	6mmj-assembly1_B	0.124	289	1.332E-01	53	0.569	4.670E-01	0.764	0.352	6mmj-assembly1_B Diheteromeric NMDA receptor GluN1/GluN2A in the 'Super-Splayed' conformation, in complex with glycine and glutamate, in the presence of 1 millimolar zinc chloride, and at pH 7.4
TeuB_maduro_1-335	2zod-assembly1_A	0.075	66	6.552E-01	52	0.537	6.846E-01	0.173	0.210	2zod-assembly1_A Crystal structure of selenophosphate synthetase from Aquifex aeolicus
TeuB_maduro_1-335	1dxy-assembly1_A	0.101	356	9.926E-03	52	0.537	3.052E-01	0.755	0.942	1dxy-assembly1_A STRUCTURE OF D-2-HYDROXYISOCAPROATE DEHYDROGENASE
TeuB_maduro_1-335	7ce3-assembly1_D	0.104	239	8.316E-03	52	0.537	2.881E-01	0.570	0.620	7ce3-assembly1_D Crystal structure of human IDH3 holoenzyme in APO form.
TeuB_maduro_1-335	2zc1-assembly1_A	0.135	348	1.504E-04	52	0.537	1.750E-01	0.893	0.874	2zc1-assembly1_A Organophosphorus Hydrolase from Deinococcus radiodurans
TeuB_maduro_1-335	4xsu-assembly1_A	0.072	385	3.049E-03	52	0.537	2.681E-01	0.767	0.946	4xsu-assembly1_A Crystal structure of Anabaena Alr3699/HepE in complex with UDP and glucose
TeuB_maduro_1-335	8txr-assembly1_A	0.157	121	3.227E-01	52	0.537	5.586E-01	0.301	0.265	8txr-assembly1_A E. coli ExoVII(H238A)
TeuB_maduro_1-335	8jiz-assembly1_A	0.100	308	6.560E-02	52	0.537	3.869E-01	0.803	0.369	8jiz-assembly1_A Cryo-EM structure of GluN1-2A NMDAR in complex with human Fab5F6 in two fab bind conformation
TeuB_maduro_1-335	1rvv-assembly1_A	0.232	112	3.852E-01	51	0.505	5.960E-01	0.284	0.675	1rvv-assembly1_A SYNTHASE/RIBOFLAVIN SYNTHASE COMPLEX OF BACILLUS SUBTILIS
TeuB_maduro_1-335	4kwt-assembly1_A	0.119	326	8.316E-03	51	0.505	2.933E-01	0.767	0.851	4kwt-assembly1_A Crystal structure of unliganded anabolic ornithine carbamoyltransferase from Vibrio vulnificus at 1.86 A resolution
TeuB_maduro_1-335	6why-assembly1_D	0.086	232	1.183E-01	51	0.505	4.252E-01	0.645	0.279	6why-assembly1_D GluN1b-GluN2B NMDA receptor in complex with GluN1 antagonist L689,560, class 1
TeuB_maduro_1-335	3kyj-assembly1_B	0.139	115	9.335E-01	50	0.473	6.297E-01	0.322	0.783	3kyj-assembly1_B Crystal structure of the P1 domain of CheA3 in complex with CheY6 from R. sphaeroides
TeuB_maduro_1-335	6mfm-assembly1_B	0.107	65	8.800E-01	50	0.473	6.921E-01	0.173	0.211	6mfm-assembly1_B Structure of thiamine-monophosphate kinase from Acinetobacter baumannii in complex with adenosine diphosphate (ADP) and thiamine diphosphate (TPP), orthorhombic crystal form
TeuB_maduro_1-335	8grb-assembly4_P	0.100	240	2.015E-02	50	0.473	2.975E-01	0.570	0.631	8grb-assembly4_P Crystal structure of a constitutively active mutant of the alpha beta heterodimer of human IDH3
TeuB_maduro_1-335	2zod-assembly1_B	0.074	67	8.800E-01	50	0.473	6.742E-01	0.173	0.206	2zod-assembly1_B Crystal structure of selenophosphate synthetase from Aquifex aeolicus
TeuB_maduro_1-335	3gu9-assembly1_A	0.135	346	4.101E-04	50	0.473	1.818E-01	0.893	0.879	3gu9-assembly1_A R228A mutation in organophosphorus hydrolase from Deinococcus radiodurans
TeuB_maduro_1-335	3r8w-assembly2_D	0.108	285	2.707E-02	50	0.473	3.250E-01	0.624	0.708	3r8w-assembly2_D Structure of 3-isopropylmalate dehydrogenase isoform 2 from Arabidopsis thaliana at 2.2 angstrom resolution
TeuB_maduro_1-335	4neq-assembly1_A-2	0.093	374	1.053E-02	50	0.473	2.937E-01	0.791	0.947	4neq-assembly1_A-2 The structure of UDP-GlcNAc 2-epimerase from Methanocaldococcus jannaschii
TeuB_maduro_1-335	1vlc-assembly1_A-2	0.121	272	2.405E-02	50	0.473	3.203E-01	0.618	0.691	1vlc-assembly1_A-2 Crystal structure of 3-isopropylmalate dehydrogenase (TM0556) from Thermotoga maritima at 1.90 A resolution
TeuB_maduro_1-335	4fr2-assembly1_A-2	0.138	144	4.335E-01	50	0.473	5.553E-01	0.349	0.337	4fr2-assembly1_A-2 Alcohol dehydrogenase from Oenococcus oeni
TeuB_maduro_1-335	1nvd-assembly1_A	0.138	137	3.042E-01	50	0.473	5.348E-01	0.361	0.338	1nvd-assembly1_A Crystal structure of 3-dehydroquinate synthase (DHQS) in complex with ZN2+ and carbaphosphonate
TeuB_maduro_1-335	5oe6-assembly4_D	0.091	285	3.427E-02	50	0.473	3.469E-01	0.725	0.632	5oe6-assembly4_D Crystal structure of the N-terminal domain of PqsA in complex with 6-fluoroanthraniloyl-AMP (crystal form 1)
TeuB_maduro_1-335	8txr-assembly1_C	0.165	121	5.174E-01	50	0.473	5.945E-01	0.301	0.262	8txr-assembly1_C E. coli ExoVII(H238A)
TeuB_maduro_1-335	6cna-assembly1_D	0.117	307	7.381E-02	50	0.473	3.958E-01	0.764	0.348	6cna-assembly1_D GluN1-GluN2B NMDA receptors with exon 5
TeuB_maduro_1-335	1t13-assembly1_A	0.104	105	1.411E+00	49	0.442	7.072E-01	0.269	0.673	1t13-assembly1_A Crystal Structure Of Lumazine Synthase From Brucella Abortus Bound To 5-nitro-6-(D-ribitylamino)-2,4(1H,3H) pyrimidinedione
TeuB_maduro_1-335	5xz7-assembly1_A	0.112	348	4.604E-02	49	0.442	3.627E-01	0.839	0.947	5xz7-assembly1_A Crystal Structure of Phosphofructokinase from Staphylococcus aureus in complex with adenylylimidodiphosphate, the ATP analogue
TeuB_maduro_1-335	7l78-assembly1_B	0.142	218	6.560E-02	49	0.442	3.903E-01	0.531	0.555	7l78-assembly1_B H235C variant of Yeast Ferrochelatase
TeuB_maduro_1-335	1nva-assembly1_B	0.143	139	2.549E-01	49	0.442	5.126E-01	0.361	0.339	1nva-assembly1_B Crystal structure of 3-dehydroquinate synthase (DHQS) in complex with ZN2+ and ADP
TeuB_maduro_1-335	7eos-assembly1_A	0.129	279	2.403E-01	49	0.442	4.530E-01	0.761	0.348	7eos-assembly1_A Structure of the human GluN1/GluN2A NMDA receptor in the glycine/glutamate bound state
TeuB_maduro_1-335	8ove-assembly1_AC	0.103	116	6.950E-01	48	0.411	6.141E-01	0.331	0.466	8ove-assembly1_AC CRYO-EM STRUCTURE OF TRYPANOSOMA BRUCEI PROCYCLIC FORM 80S RIBOSOME : TB11CS6H1 snoRNA mutant
TeuB_maduro_1-335	5c4n-assembly1_D	0.107	251	2.015E-02	48	0.411	3.219E-01	0.642	0.861	5c4n-assembly1_D CobK precorrin-6A reductase
TeuB_maduro_1-335	6l59-assembly1_A	0.126	252	5.495E-02	48	0.411	3.265E-01	0.624	0.689	6l59-assembly1_A Crystal structure of the alpha gamma heterodimer of human IDH3 in complex with CIT, Mg and ATP binding at allosteric site and Mg, ATP binding at active site.
TeuB_maduro_1-335	4xsp-assembly1_B	0.070	381	9.357E-03	48	0.411	2.699E-01	0.770	0.956	4xsp-assembly1_B Crystal structure of Anabaena Alr3699/HepE in complex with UDP
TeuB_maduro_1-335	4xsr-assembly1_B	0.079	379	1.333E-02	48	0.411	2.793E-01	0.767	0.951	4xsr-assembly1_B Crystal structure of Anabaena Alr3699/HepE in complex with UDP-glucose
TeuB_maduro_1-335	4isb-assembly1_B	0.129	285	9.926E-03	48	0.411	2.694E-01	0.728	0.461	4isb-assembly1_B Crystal Structure of Apo Mtb FadD10
TeuB_maduro_1-335	6hs9-assembly1_A	0.149	134	1.588E+00	47	0.382	6.885E-01	0.313	0.869	6hs9-assembly1_A The crystal structure of type II Dehydroquinase from Butyrivibrio crossotus DSM 2876
TeuB_maduro_1-335	4rsh-assembly3_C	0.120	183	1.413E-01	47	0.382	4.198E-01	0.478	0.760	4rsh-assembly3_C Structure of a putative lipolytic protein of G-D-S-L family from Desulfitobacterium hafniense DCB-2
TeuB_maduro_1-335	3w02-assembly1_B	0.106	282	1.117E-02	47	0.382	2.573E-01	0.734	0.956	3w02-assembly1_B Crystal structure of PcrB complexed with SO4 from Staphylococcus aureus subsp. aureus Mu3
TeuB_maduro_1-335	2yye-assembly1_A	0.117	68	7.373E-01	47	0.382	6.070E-01	0.173	0.195	2yye-assembly1_A Crystal structure of selenophosphate synthetase from Aquifex aeolicus complexed with AMPCPP
TeuB_maduro_1-335	5utu-assembly1_C	0.114	383	2.268E-02	47	0.382	3.235E-01	0.896	0.707	5utu-assembly1_C 2.65 Angstrom Resolution Crystal Structure of S-adenosylhomocysteinase from Cryptosporidium parvum in Complex with SAH and NAD
TeuB_maduro_1-335	5utu-assembly2_E	0.107	380	2.707E-02	47	0.382	3.296E-01	0.896	0.702	5utu-assembly2_E 2.65 Angstrom Resolution Crystal Structure of S-adenosylhomocysteinase from Cryptosporidium parvum in Complex with SAH and NAD
TeuB_maduro_1-335	8www-assembly1_A	0.100	278	9.914E-02	47	0.382	3.570E-01	0.719	0.493	8www-assembly1_A Crystal structure of the adenylation domain of SyAstC
TeuB_maduro_1-335	4lhd-assembly1_B	0.113	193	6.560E-02	47	0.382	3.766E-01	0.510	0.167	4lhd-assembly1_B Crystal structure of Synechocystis sp. PCC 6803 glycine decarboxylase (P-protein), holo form with pyridoxal-5'-phosphate and glycine, closed flexible loop
TeuB_maduro_1-335	6k1w-assembly1_A	0.161	105	1.050E+00	46	0.353	6.062E-01	0.287	0.644	6k1w-assembly1_A Crystal structure of Rhodothermus marinus substrate-binding protein at pH 5.5
TeuB_maduro_1-335	4x7g-assembly1_A	0.134	252	4.340E-02	46	0.353	3.329E-01	0.642	0.865	4x7g-assembly1_A CobK precorrin-6A reductase
TeuB_maduro_1-335	9is9-assembly1_B	0.107	307	5.829E-02	46	0.353	3.290E-01	0.770	0.885	9is9-assembly1_B human MTHFD2 in complex with LY374571
TeuB_maduro_1-335	3goq-assembly1_A	0.084	332	1.052E-01	46	0.353	3.671E-01	0.767	0.990	3goq-assembly1_A Crystal structure of the Tyr13Met variant of Bacillus subtilis ferrochelatase
TeuB_maduro_1-335	8gru-assembly2_C	0.116	325	3.046E-02	46	0.353	2.847E-01	0.767	0.850	8gru-assembly2_C Crystal structure of a constitutively active mutant of the alpha beta heterodimer of human IDH3 in complex with ICT, NAD and Ca
TeuB_maduro_1-335	8grb-assembly1_A	0.111	251	5.180E-02	46	0.353	3.061E-01	0.576	0.660	8grb-assembly1_A Crystal structure of a constitutively active mutant of the alpha beta heterodimer of human IDH3
TeuB_maduro_1-335	1nlm-assembly1_B	0.122	367	1.333E-02	46	0.353	2.825E-01	0.761	0.949	1nlm-assembly1_B CRYSTAL STRUCTURE OF MURG:GLCNAC COMPLEX
TeuB_maduro_1-335	3gwq-assembly1_B	0.087	239	1.791E-02	46	0.353	2.359E-01	0.639	0.523	3gwq-assembly1_B Crystal structure of a putative d-serine deaminase (bxe_a4060) from burkholderia xenovorans lb400 at 2.00 A resolution
TeuB_maduro_1-335	7o5l-assembly1_A	0.100	420	1.500E-02	46	0.353	2.782E-01	0.922	0.904	7o5l-assembly1_A Crystal structure of S-adenosyl-L-homocysteine hydrolase from Synechocystis sp. PCC 6803 cocrystallized with adenosine in the presence of Rb+ cations
TeuB_maduro_1-335	7zd9-assembly1_A	0.095	417	2.871E-02	46	0.353	2.964E-01	0.922	0.890	7zd9-assembly1_A Crystal structure of the E352T mutant of S-adenosyl-L-homocysteine hydrolase from Synechocystis sp. PCC 6803 cocrystallized with adenosine in the presence of Rb+ cations
TeuB_maduro_1-335	4f2d-assembly1_A	0.118	354	1.414E-02	46	0.353	2.592E-01	0.782	0.641	4f2d-assembly1_A Crystal Structure of Escherichia coli L-arabinose Isomerase (ECAI) complexed with Ribitol
TeuB_maduro_1-335	7e6u-assembly1_C	0.130	330	8.811E-02	46	0.353	3.960E-01	0.797	0.386	7e6u-assembly1_C the complex of inactive CaSR and NB2D11
TeuB_maduro_1-335	5im4-assembly1_M	0.145	117	9.903E-01	45	0.326	5.826E-01	0.310	0.820	5im4-assembly1_M Crystal structure of designed two-component self-assembling icosahedral cage I52-32
TeuB_maduro_1-335	3sef-assembly2_C	0.105	303	5.495E-02	45	0.326	3.182E-01	0.827	0.967	3sef-assembly2_C 2.4 Angstrom resolution crystal structure of shikimate 5-dehydrogenase (aroE) from Vibrio cholerae O1 biovar eltor str. N16961 in complex with shikimate and NADPH
TeuB_maduro_1-335	7jp2-assembly1_B	0.097	371	7.381E-02	45	0.326	3.220E-01	0.773	0.979	7jp2-assembly1_B Crystal structure of TP0037 from Treponema pallidum, a D-lactate dehydrogenase
TeuB_maduro_1-335	3okf-assembly1_B	0.116	137	6.950E-01	45	0.326	5.413E-01	0.373	0.361	3okf-assembly1_B 2.5 Angstrom Resolution Crystal Structure of 3-Dehydroquinate Synthase (aroB) from Vibrio cholerae
TeuB_maduro_1-335	8glc-assembly1_B	0.100	269	3.636E-02	45	0.326	3.040E-01	0.713	0.599	8glc-assembly1_B A1 AncAla: Adenylation domain 1 core construct from ancestral reconstruction of glycopeptide antibiotic biosynthesis, alanine selection pocket
TeuB_maduro_1-335	3mbo-assembly1_A	0.106	366	5.495E-02	45	0.326	3.156E-01	0.770	0.906	3mbo-assembly1_A Crystal Structure of the Glycosyltransferase BaBshA bound with UDP and L-malate
TeuB_maduro_1-335	8gjp-assembly1_A	0.107	269	6.958E-02	45	0.326	3.313E-01	0.713	0.590	8gjp-assembly1_A A1 Int graft: Adenylation domain 1 core construct from teicoplanin biosynthesis, intermediate selection pocket graft
TeuB_maduro_1-335	3gwq-assembly1_A	0.132	242	7.839E-03	45	0.326	2.292E-01	0.600	0.531	3gwq-assembly1_A Crystal structure of a putative d-serine deaminase (bxe_a4060) from burkholderia xenovorans lb400 at 2.00 A resolution
TeuB_maduro_1-335	7zd8-assembly1_A	0.093	417	3.636E-02	45	0.326	2.983E-01	0.922	0.890	7zd8-assembly1_A Crystal structure of the R24E mutant of S-adenosyl-L-homocysteine hydrolase from Synechocystis sp. PCC 6803 cocrystallized with adenosine in the presence of Rb+ cations
TeuB_maduro_1-335	6whu-assembly1_D	0.121	321	7.830E-02	45	0.326	3.237E-01	0.827	0.370	6whu-assembly1_D GluN1b-GluN2B NMDA receptor in complex with SDZ 220-040 and L689,560, class 1
TeuB_maduro_1-335	4rac-assembly1_B	0.105	123	5.823E-01	44	0.301	5.104E-01	0.331	0.545	4rac-assembly1_B Aza-acyclic nucleoside phosphonates containing a second phosphonate group as inhibitors of the human, Plasmodium falciparum and vivax 6-oxopurine phosphoribosyltransferases and their pro-drugs as antimalarial agents
TeuB_maduro_1-335	1y7p-assembly1_A	0.119	168	5.489E-01	44	0.301	5.032E-01	0.472	0.590	1y7p-assembly1_A 1.9 A Crystal Structure of a Protein of Unknown Function AF1403 from Archaeoglobus fulgidus, Probable Metabolic Regulator
TeuB_maduro_1-335	3o8q-assembly1_A	0.116	308	1.183E-01	44	0.301	3.469E-01	0.827	0.959	3o8q-assembly1_A 1.45 Angstrom Resolution Crystal Structure of Shikimate 5-Dehydrogenase (aroE) from Vibrio cholerae
TeuB_maduro_1-335	8gru-assembly1_B	0.091	359	1.688E-02	44	0.301	2.366E-01	0.901	0.843	8gru-assembly1_B Crystal structure of a constitutively active mutant of the alpha beta heterodimer of human IDH3 in complex with ICT, NAD and Ca
TeuB_maduro_1-335	1psw-assembly1_A	0.081	306	5.180E-02	44	0.301	3.058E-01	0.651	0.849	1psw-assembly1_A Structure of E. coli ADP-heptose lps heptosyltransferase II
TeuB_maduro_1-335	6kdf-assembly5_I	0.098	263	6.560E-02	44	0.301	3.109E-01	0.621	0.691	6kdf-assembly5_I Crystal structure of the alpha beta heterodimer of human IDH3 in APO form.
TeuB_maduro_1-335	6kdf-assembly6_K	0.128	265	7.830E-02	44	0.301	3.190E-01	0.630	0.706	6kdf-assembly6_K Crystal structure of the alpha beta heterodimer of human IDH3 in APO form.
TeuB_maduro_1-335	2yye-assembly1_B	0.104	67	1.182E+00	44	0.301	6.300E-01	0.173	0.192	2yye-assembly1_B Crystal structure of selenophosphate synthetase from Aquifex aeolicus complexed with AMPCPP
TeuB_maduro_1-335	3ty3-assembly1_B	0.106	347	3.231E-02	44	0.301	2.662E-01	0.761	0.861	3ty3-assembly1_B Crystal structure of homoisocitrate dehydrogenase from Schizosaccharomyces pombe bound to glycyl-glycyl-glycine
TeuB_maduro_1-335	5xn8-assembly1_A	0.117	188	2.549E-01	44	0.301	4.533E-01	0.549	0.381	5xn8-assembly1_A Structure of glycerol dehydrogenase crystallised as a contaminant
TeuB_maduro_1-335	5oe6-assembly3_C	0.101	286	1.116E-01	44	0.301	3.579E-01	0.716	0.626	5oe6-assembly3_C Crystal structure of the N-terminal domain of PqsA in complex with 6-fluoroanthraniloyl-AMP (crystal form 1)
TeuB_maduro_1-335	5oe3-assembly3_C	0.094	287	9.914E-02	44	0.301	3.453E-01	0.725	0.632	5oe3-assembly3_C Crystal structure of the N-terminal domain of PqsA in complex with anthraniloyl-AMP (crystal form 1)
TeuB_maduro_1-335	7r39-assembly1_G-2	0.087	287	5.495E-02	44	0.301	3.038E-01	0.651	0.604	7r39-assembly1_G-2 Crystal structure of S-adenosyl-L-homocysteine hydrolase from Sulfolobus acidocaldarius in complex with adenosine
TeuB_maduro_1-335	6wuq-assembly1_A	0.120	150	8.296E-01	44	0.301	5.348E-01	0.394	0.319	6wuq-assembly1_A Crystal structure of AjiA1 in apo form
TeuB_maduro_1-335	3vqt-assembly6_D	0.092	141	1.897E-01	44	0.301	4.412E-01	0.319	0.267	3vqt-assembly6_D Crystal structure analysis of the translation factor RF3
TeuB_maduro_1-335	7yfl-assembly1_C	0.122	269	3.423E-01	44	0.301	4.477E-01	0.722	0.356	7yfl-assembly1_C Structure of GluN1a-GluN2D NMDA receptor in complex with agonists glycine and glutamate.
TeuB_maduro_1-335	5im4-assembly1_i	0.160	112	1.050E+00	43	0.277	5.729E-01	0.299	0.807	5im4-assembly1_i Crystal structure of designed two-component self-assembling icosahedral cage I52-32
TeuB_maduro_1-335	6cv6-assembly3_G	0.136	183	3.852E-01	43	0.277	4.647E-01	0.496	0.876	6cv6-assembly3_G Crystal structure of 3-dehydroquinate dehydratase, type II, from Burkholderia phymatum STM815
TeuB_maduro_1-335	3rkr-assembly2_C-3	0.122	213	6.950E-01	43	0.277	5.162E-01	0.469	0.906	3rkr-assembly2_C-3 Crystal structure of a metagenomic short-chain oxidoreductase (SDR) in complex with NADP
TeuB_maduro_1-335	4pet-assembly1_B	0.112	62	3.227E-01	43	0.277	4.714E-01	0.185	0.180	4pet-assembly1_B CRYSTAL STRUCTURE OF A TRAP PERIPLASMIC SOLUTE BINDING PROTEIN FROM COLWELLIA PSYCHRERYTHRAEA (CPS_0129, TARGET EFI-510097) WITH BOUND CALCIUM AND PYRUVATE
TeuB_maduro_1-335	5ax7-assembly1_A	0.097	309	3.636E-02	43	0.277	3.154E-01	0.684	0.781	5ax7-assembly1_A yeast pyruvyltransferase Pvg1p
TeuB_maduro_1-335	8grb-assembly3_K	0.107	269	6.184E-02	43	0.277	2.955E-01	0.630	0.706	8grb-assembly3_K Crystal structure of a constitutively active mutant of the alpha beta heterodimer of human IDH3
TeuB_maduro_1-335	7ce3-assembly1_C	0.107	269	1.255E-01	43	0.277	3.271E-01	0.630	0.707	7ce3-assembly1_C Crystal structure of human IDH3 holoenzyme in APO form.
TeuB_maduro_1-335	5j34-assembly2_D	0.110	416	2.552E-02	43	0.277	2.408E-01	0.899	0.972	5j34-assembly2_D Isopropylmalate dehydrogenase K232M mutant
TeuB_maduro_1-335	1jqa-assembly1_A	0.161	136	8.296E-01	43	0.277	5.138E-01	0.358	0.330	1jqa-assembly1_A Bacillus stearothermophilus glycerol dehydrogenase complex with glycerol
TeuB_maduro_1-335	4mca-assembly1_A	0.103	154	4.598E-01	43	0.277	4.742E-01	0.373	0.384	4mca-assembly1_A Crystal Structure of Glycerol Dehydrogenase from Serratia to 1.9A
TeuB_maduro_1-335	3x2f-assembly1_A	0.100	406	4.884E-02	43	0.277	2.909E-01	0.901	0.901	3x2f-assembly1_A A Thermophilic S-Adenosylhomocysteine Hydrolase
TeuB_maduro_1-335	7zd7-assembly1_A	0.090	419	3.857E-02	43	0.277	2.863E-01	0.922	0.896	7zd7-assembly1_A Crystal structure of the R24E/E352T double mutant of S-adenosyl-L-homocysteine hydrolase from Synechocystis sp. PCC 6803 cocrystallized with adenosine in the presence of Rb+ cations
TeuB_maduro_1-335	8db3-assembly1_A-2	0.080	383	6.184E-02	43	0.277	3.014E-01	0.713	0.857	8db3-assembly1_A-2 Crystal structure of KaiC with truncated C-terminal coiled-coil domain
TeuB_maduro_1-335	5ghr-assembly1_A	0.128	225	2.549E-01	43	0.277	4.370E-01	0.624	0.363	5ghr-assembly1_A DNA replication protein
TeuB_maduro_1-335	7dy2-assembly2_J	0.085	373	5.495E-02	43	0.277	2.921E-01	0.707	0.767	7dy2-assembly2_J Crystal Structure of Cyanobacterial Circadian Clock Protein KaiC
TeuB_maduro_1-335	5utu-assembly2_H	0.124	387	3.427E-02	43	0.277	2.964E-01	0.896	0.713	5utu-assembly2_H 2.65 Angstrom Resolution Crystal Structure of S-adenosylhomocysteinase from Cryptosporidium parvum in Complex with SAH and NAD
TeuB_maduro_1-335	2ajt-assembly1_A	0.117	356	2.707E-02	43	0.277	2.709E-01	0.779	0.639	2ajt-assembly1_A Crystal structure of L-Arabinose Isomerase from E.coli
TeuB_maduro_1-335	5im4-assembly1_O	0.166	102	1.588E+00	42	0.254	6.117E-01	0.269	0.762	5im4-assembly1_O Crystal structure of designed two-component self-assembling icosahedral cage I52-32
TeuB_maduro_1-335	5im4-assembly1_A	0.151	112	1.411E+00	42	0.254	5.825E-01	0.296	0.793	5im4-assembly1_A Crystal structure of designed two-component self-assembling icosahedral cage I52-32
TeuB_maduro_1-335	5im4-assembly1_V	0.176	113	1.182E+00	42	0.254	5.728E-01	0.299	0.801	5im4-assembly1_V Crystal structure of designed two-component self-assembling icosahedral cage I52-32
TeuB_maduro_1-335	1ivn-assembly1_A	0.100	230	4.086E-01	42	0.254	4.270E-01	0.615	0.944	1ivn-assembly1_A E.coli Thioesterase I/Protease I/Lysophospholiase L1
TeuB_maduro_1-335	1jrl-assembly1_A	0.093	204	5.174E-01	42	0.254	4.597E-01	0.546	0.820	1jrl-assembly1_A Crystal structure of E. coli Lysophospholiase L1/Acyl-CoA Thioesterase I/Protease I L109P mutant
TeuB_maduro_1-335	5wfg-assembly2_E	0.182	175	1.897E-01	42	0.254	3.718E-01	0.472	0.820	5wfg-assembly2_E Crystal structure of the TarA wall teichoic acid glycosyltransferase bound to UDP
TeuB_maduro_1-335	7ehv-assembly1_A	0.104	306	8.811E-02	42	0.254	3.081E-01	0.761	0.869	7ehv-assembly1_A Human MTHFD2 in complex with compound 21 and 3
TeuB_maduro_1-335	4wer-assembly1_A-2	0.096	93	3.039E+00	42	0.254	7.131E-01	0.269	0.309	4wer-assembly1_A-2 Crystal structure of diacylglycerol kinase catalytic domain protein from Enterococcus faecalis V583
TeuB_maduro_1-335	6jib-assembly1_A	0.102	312	5.180E-02	42	0.254	2.831E-01	0.764	0.867	6jib-assembly1_A Human MTHFD2 in complex with DS44960156
TeuB_maduro_1-335	4cjx-assembly1_B	0.077	322	1.255E-01	42	0.254	3.026E-01	0.764	0.862	4cjx-assembly1_B The crystal structure of Trypanosoma brucei N5, N10- methylenetetrahydrofolate dehydrogenase-cyclohydrolase (FolD) complexed with NADP cofactor and inhibitor
TeuB_maduro_1-335	4prl-assembly1_A	0.122	358	4.884E-02	42	0.254	3.051E-01	0.767	0.973	4prl-assembly1_A Crystal structure of D-lactate dehydrogenase with NAD+ from Lactobacillus jensenii
TeuB_maduro_1-335	1cnz-assembly1_B	0.119	336	4.340E-02	42	0.254	2.599E-01	0.761	0.837	1cnz-assembly1_B 3-ISOPROPYLMALATE DEHYDROGENASE (IPMDH) FROM SALMONELLA TYPHIMURIUM
TeuB_maduro_1-335	6he2-assembly1_B	0.105	151	9.903E-01	42	0.254	5.192E-01	0.421	0.333	6he2-assembly1_B Crystal structure of an open conformation of 2-Hydroxyisobutyryl-CoA Ligase (HCL) in complex with 2-HIB-AMP and CoA
TeuB_maduro_1-335	4zc0-assembly1_A	0.123	317	4.340E-02	42	0.254	3.023E-01	0.719	0.647	4zc0-assembly1_A Structure of a dodecameric bacterial helicase
TeuB_maduro_1-335	3ce6-assembly1_C	0.117	393	3.046E-02	42	0.254	2.813E-01	0.919	0.699	3ce6-assembly1_C Crystal structure of Mycobacterium tuberculosis S-adenosyl-L-homocysteine hydrolase in ternary complex with NAD and adenosine
TeuB_maduro_1-335	5im4-assembly1_h	0.174	103	1.787E+00	41	0.233	6.089E-01	0.269	0.752	5im4-assembly1_h Crystal structure of designed two-component self-assembling icosahedral cage I52-32
TeuB_maduro_1-335	5im4-assembly1_f	0.172	110	1.497E+00	41	0.233	5.850E-01	0.293	0.791	5im4-assembly1_f Crystal structure of designed two-component self-assembling icosahedral cage I52-32
TeuB_maduro_1-335	4z7j-assembly1_A	0.098	214	3.042E-01	41	0.233	4.095E-01	0.630	0.969	4z7j-assembly1_A Structure of Acetobacter aceti PurE-S57A
TeuB_maduro_1-335	4ycd-assembly1_A	0.105	219	3.227E-01	41	0.233	4.142E-01	0.630	0.962	4ycd-assembly1_A Structure of a single tryptophan mutant of Acetobacter aceti PurE with Y154F
TeuB_maduro_1-335	4ycj-assembly1_A	0.100	219	2.868E-01	41	0.233	4.052E-01	0.630	0.962	4ycj-assembly1_A Structure of Acetobacter aceti PurE Y154F
TeuB_maduro_1-335	1j00-assembly1_A	0.095	231	2.549E-01	41	0.233	3.808E-01	0.615	0.949	1j00-assembly1_A E. coli Thioesterase I/Protease I/Lysophospholipase L1 in complexed with diethyl phosphono moiety
TeuB_maduro_1-335	8ruw-assembly1_B	0.109	264	2.871E-02	41	0.233	2.387E-01	0.675	0.864	8ruw-assembly1_B Crystal structure of Archaeoglobus fulgidus (S)-3-O-geranylgeranylglyceryl phosphate synthase
TeuB_maduro_1-335	5elm-assembly2_D	0.121	296	3.042E-01	41	0.233	3.563E-01	0.761	0.970	5elm-assembly2_D Crystal structure of L-aspartate/glutamate specific racemase in complex with L-glutamate
TeuB_maduro_1-335	4ps1-assembly4_D	0.127	149	3.632E-01	41	0.233	4.606E-01	0.331	0.572	4ps1-assembly4_D Caspase-8 specific unnatural amino acid peptides
TeuB_maduro_1-335	1gco-assembly1_A	0.114	184	5.489E-01	41	0.233	4.428E-01	0.463	0.617	1gco-assembly1_A CRYSTAL STRUCTURE OF GLUCOSE DEHYDROGENASE COMPLEXED WITH NAD+
TeuB_maduro_1-335	1dbi-assembly1_A	0.135	81	3.848E+00	41	0.233	7.313E-01	0.215	0.288	1dbi-assembly1_A CRYSTAL STRUCTURE OF A THERMOSTABLE SERINE PROTEASE
TeuB_maduro_1-335	3qlj-assembly3_E	0.111	197	2.868E-01	41	0.233	4.120E-01	0.463	0.622	3qlj-assembly3_E Crystal structure of a short chain dehydrogenase from Mycobacterium avium
TeuB_maduro_1-335	9it6-assembly1_B	0.120	308	6.958E-02	41	0.233	2.990E-01	0.770	0.876	9it6-assembly1_B Human MTHFD2 in complex with compound 16g
TeuB_maduro_1-335	4a26-assembly1_A	0.110	218	1.686E-01	41	0.233	3.233E-01	0.567	0.601	4a26-assembly1_A The crystal structure of Leishmania major N5,N10- methylenetetrahydrofolate dehydrogenase/cyclohydrolase
TeuB_maduro_1-335	3s2u-assembly1_A	0.112	338	8.306E-02	41	0.233	2.962E-01	0.758	0.900	3s2u-assembly1_A Crystal structure of the Pseudomonas aeruginosa MurG:UDP-GlcNAc substrate complex
TeuB_maduro_1-335	2poc-assembly1_D	0.077	334	7.830E-02	41	0.233	2.712E-01	0.773	0.832	2poc-assembly1_D The crystal structure of isomerase domain of glucosamine-6-phosphate synthase from Candida albicans
TeuB_maduro_1-335	1o2d-assembly1_A	0.119	159	7.821E-01	41	0.233	4.964E-01	0.412	0.401	1o2d-assembly1_A Crystal structure of Alcohol dehydrogenase, iron-containing (TM0920) from Thermotoga maritima at 1.30 A resolution
TeuB_maduro_1-335	1vhd-assembly1_B	0.132	159	7.373E-01	41	0.233	4.867E-01	0.412	0.399	1vhd-assembly1_B Crystal structure of an iron containing alcohol dehydrogenase
TeuB_maduro_1-335	8glc-assembly2_A	0.102	273	5.829E-02	41	0.233	2.789E-01	0.725	0.603	8glc-assembly2_A A1 AncAla: Adenylation domain 1 core construct from ancestral reconstruction of glycopeptide antibiotic biosynthesis, alanine selection pocket
TeuB_maduro_1-335	1dqs-assembly1_A	0.148	141	3.852E-01	41	0.233	4.508E-01	0.361	0.341	1dqs-assembly1_A CRYSTAL STRUCTURE OF DEHYDROQUINATE SYNTHASE (DHQS) COMPLEXED WITH CARBAPHOSPHONATE, NAD+ AND ZN2+
TeuB_maduro_1-335	8qno-assembly1_A	0.102	419	7.830E-02	41	0.233	2.968E-01	0.922	0.879	8qno-assembly1_A Crystal structure of S-adenosyl-L-homocysteine hydrolase treated at 368 K from Pyrococcus furiosus in complex with inosine
TeuB_maduro_1-335	7k34-assembly1_A	0.120	191	2.403E-01	41	0.233	4.114E-01	0.439	0.380	7k34-assembly1_A Crystal structure of L-threonine transaldolase from Pseudomonas fluorescens in internal aldimine state
TeuB_maduro_1-335	5tj9-assembly1_A	0.118	389	4.604E-02	41	0.233	2.834E-01	0.896	0.702	5tj9-assembly1_A 2.6 Angstrom Crystal Structure of S-adenosylhomocysteinase from Cryptosporidium parvum in Complex with Aristeromycin and NAD
TeuB_maduro_1-335	5jpi-assembly1_A	0.118	397	4.340E-02	41	0.233	2.805E-01	0.896	0.700	5jpi-assembly1_A 2.15 Angstrom Crystal Structure of S-adenosylhomocysteinase from Cryptosporidium parvum in Complex with D-Eritadenine and NAD
TeuB_maduro_1-335	5im4-assembly1_C	0.165	115	1.254E+00	40	0.214	5.434E-01	0.299	0.788	5im4-assembly1_C Crystal structure of designed two-component self-assembling icosahedral cage I52-32
TeuB_maduro_1-335	1kyv-assembly1_E	0.181	116	3.223E+00	40	0.214	6.767E-01	0.299	0.750	1kyv-assembly1_E Lumazine Synthase from S.pombe bound to riboflavin
TeuB_maduro_1-335	5ctj-assembly1_A	0.105	219	4.086E-01	40	0.214	4.152E-01	0.630	0.975	5ctj-assembly1_A Structure of a single tryptophan mutant of Acetobacter aceti PurE containing 5-fluorotryptophan
TeuB_maduro_1-335	5clf-assembly1_B	0.105	219	4.086E-01	40	0.214	4.136E-01	0.630	0.945	5clf-assembly1_B Structure of PurE (N5-carboxyaminoimidazole ribonucleotide mutase) from the acidophilic bacterium Acetobacter aceti, at pH 8.5
TeuB_maduro_1-335	8jtp-assembly1_C	0.125	208	1.332E-01	40	0.214	3.399E-01	0.513	0.968	8jtp-assembly1_C Crystal structure of apo Enoyl-Acyl Carrier Protein Reductase (FabI) from Klebsiella pneumoniae
TeuB_maduro_1-335	7r8y-assembly1_B	0.140	135	1.182E+00	40	0.214	5.591E-01	0.325	0.600	7r8y-assembly1_B Ancestral protein AncThEn of Phosphomethylpyrimidine kinases family
TeuB_maduro_1-335	4nae-assembly1_B	0.095	284	3.857E-02	40	0.214	2.388E-01	0.752	0.972	4nae-assembly1_B PcrB from Geobacillus kaustophilus, with bound G1P
TeuB_maduro_1-335	8gym-assembly1_t2	0.109	229	1.897E-01	40	0.214	3.377E-01	0.537	0.753	8gym-assembly1_t2 Cryo-EM structure of Tetrahymena thermophila respiratory mega-complex MC IV2+(I+III2+II)2
TeuB_maduro_1-335	6jid-assembly1_B	0.118	305	1.183E-01	40	0.214	3.060E-01	0.770	0.879	6jid-assembly1_B Human MTHFD2 in complex with Compound 1
TeuB_maduro_1-335	9itd-assembly2_C	0.078	217	1.499E-01	40	0.214	3.086E-01	0.567	0.605	9itd-assembly2_C Human MTHFD1 in complex with compound 16a
TeuB_maduro_1-335	7agh-assembly2_A	0.101	138	5.823E-01	40	0.214	4.444E-01	0.313	0.424	7agh-assembly2_A Crystal structure of SF kinase YihV from E. coli in complex with AMPPNP-Mg
TeuB_maduro_1-335	3qty-assembly1_A	0.093	64	2.262E+00	40	0.214	6.717E-01	0.170	0.181	3qty-assembly1_A Crystal structure of Phosphoribosylaminoimidazole Synthetase from Francisella tularensis complexed with pyrophosphate
TeuB_maduro_1-335	3flk-assembly2_C	0.135	281	1.183E-01	40	0.214	3.087E-01	0.627	0.702	3flk-assembly2_C Crystal Structure of Tartrate Dehydrogenase from Pseudomonas putida in complex with NADH, oxalate and metal ion
TeuB_maduro_1-335	2jjm-assembly1_C	0.102	362	2.265E-01	40	0.214	3.498E-01	0.770	0.950	2jjm-assembly1_C Crystal Structure of a family GT4 glycosyltransferase from Bacillus anthracis ORF BA1558.
TeuB_maduro_1-335	3mbo-assembly2_C	0.100	368	2.265E-01	40	0.214	3.620E-01	0.764	0.938	3mbo-assembly2_C Crystal Structure of the Glycosyltransferase BaBshA bound with UDP and L-malate
TeuB_maduro_1-335	2a9f-assembly1_B	0.113	256	2.868E-01	40	0.214	3.240E-01	0.648	0.576	2a9f-assembly1_B Crystal structure of a putative malic enzyme ((S)-malate:NAD+ oxidoreductase (decarboxylating))
TeuB_maduro_1-335	1nva-assembly1_A	0.128	140	9.903E-01	40	0.214	5.172E-01	0.361	0.342	1nva-assembly1_A Crystal structure of 3-dehydroquinate synthase (DHQS) in complex with ZN2+ and ADP
TeuB_maduro_1-335	4zht-assembly1_A	0.083	300	1.413E-01	40	0.214	3.186E-01	0.636	0.690	4zht-assembly1_A Crystal structure of UDP-GlcNAc 2-epimerase
TeuB_maduro_1-335	3vqt-assembly5_B	0.095	231	9.914E-02	40	0.214	3.194E-01	0.490	0.431	3vqt-assembly5_B Crystal structure analysis of the translation factor RF3
TeuB_maduro_1-335	3l8c-assembly2_B	0.127	329	1.332E-01	40	0.214	3.297E-01	0.872	0.541	3l8c-assembly2_B Structure of probable D-alanine--poly(phosphoribitol) ligase subunit-1 from Streptococcus pyogenes
TeuB_maduro_1-335	5req-assembly1_A	0.124	305	4.340E-02	40	0.214	2.704E-01	0.722	0.378	5req-assembly1_A Methylmalonyl-COA MUTASE, Y89F Mutant, substrate complex
TeuB_maduro_1-335	7ygn-assembly1_A	0.120	100	1.411E+00	40	0.214	5.597E-01	0.269	0.126	7ygn-assembly1_A Cryo-EM structure of the Mili in complex with piRNA
TeuB_maduro_1-335	1nxt-assembly1_A-2	0.114	183	7.821E-01	39	0.196	4.940E-01	0.543	0.991	1nxt-assembly1_A-2 MicArec pH 4.0
TeuB_maduro_1-335	5im4-assembly1_U	0.151	112	2.010E+00	39	0.196	5.891E-01	0.296	0.806	5im4-assembly1_U Crystal structure of designed two-component self-assembling icosahedral cage I52-32
TeuB_maduro_1-335	1o4v-assembly1_A	0.085	211	6.950E-01	39	0.196	4.287E-01	0.624	0.876	1o4v-assembly1_A Crystal structure of the catalytic subunit of a phosphoribosylaminoimidazole mutase (tm0446) from thermotoga maritima at 1.77 A resolution
TeuB_maduro_1-335	2i22-assembly1_A	0.106	113	2.546E+00	39	0.196	6.325E-01	0.313	0.581	2i22-assembly1_A Crystal structure of Escherichia coli phosphoheptose isomerase in complex with reaction substrate sedoheptulose 7-phosphate
TeuB_maduro_1-335	5wfg-assembly1_C	0.152	177	3.042E-01	39	0.196	3.782E-01	0.472	0.823	5wfg-assembly1_C Crystal structure of the TarA wall teichoic acid glycosyltransferase bound to UDP
TeuB_maduro_1-335	6kmt-assembly4_D	0.117	145	6.950E-01	39	0.196	4.791E-01	0.340	0.597	6kmt-assembly4_D P32 of caspase-11 mutant C254A
TeuB_maduro_1-335	6ns7-assembly1_A	0.106	141	7.373E-01	39	0.196	4.921E-01	0.328	0.557	6ns7-assembly1_A Crystal structure of murine caspase-11
TeuB_maduro_1-335	1p1x-assembly2_B	0.109	237	1.897E-01	39	0.196	2.811E-01	0.639	0.801	1p1x-assembly2_B Comparison of class I aldolase binding site architecture based on the crystal structure of 2-deoxyribose-5-phosphate aldolase determined at 0.99 Angstrom resolution
TeuB_maduro_1-335	5nhs-assembly2_B	0.126	205	1.590E-01	39	0.196	3.049E-01	0.570	0.611	5nhs-assembly2_B The crystal structure of Xanthomonas albilineans N5, N10-methylenetetrahydrofolate dehydrogenase-cyclohydrolase (FolD)
TeuB_maduro_1-335	3u9e-assembly1_B	0.102	272	7.830E-02	39	0.196	2.703E-01	0.657	0.858	3u9e-assembly1_B The crystal structure of a possible phosphate acetyl/butaryl transferase (from Listeria monocytogenes EGD-e) in complex with CoA.
TeuB_maduro_1-335	4a26-assembly1_B	0.098	314	1.590E-01	39	0.196	3.294E-01	0.767	0.869	4a26-assembly1_B The crystal structure of Leishmania major N5,N10- methylenetetrahydrofolate dehydrogenase/cyclohydrolase
TeuB_maduro_1-335	9iuo-assembly2_C	0.095	304	1.590E-01	39	0.196	3.224E-01	0.761	0.863	9iuo-assembly2_C Human MTHFD1 in complex with compound 16d
TeuB_maduro_1-335	6aqy-assembly3_E	0.109	338	1.255E-01	39	0.196	3.487E-01	0.848	0.766	6aqy-assembly3_E Crystal structure of a gdp-l-fucose synthetase from Naegleria fowleri
TeuB_maduro_1-335	5ghr-assembly2_C	0.134	223	6.552E-01	39	0.196	4.547E-01	0.624	0.483	5ghr-assembly2_C DNA replication protein
TeuB_maduro_1-335	1nvd-assembly1_B	0.135	140	8.800E-01	39	0.196	4.868E-01	0.361	0.340	1nvd-assembly1_B Crystal structure of 3-dehydroquinate synthase (DHQS) in complex with ZN2+ and carbaphosphonate
TeuB_maduro_1-335	7bxr-assembly1_B	0.121	222	4.878E-01	39	0.196	4.141E-01	0.448	0.519	7bxr-assembly1_B 2-amino-3-ketobutyrate CoA ligase from Cupriavidus necator 3-Hydroxynorvaline binding form
TeuB_maduro_1-335	3n58-assembly1_A	0.129	370	7.830E-02	39	0.196	3.053E-01	0.899	0.704	3n58-assembly1_A Crystal structure of S-ADENOSYL-L-HOMOCYSTEINE hydrolase from brucella melitensis in ternary complex with NAD and adenosine, orthorhombic form
TeuB_maduro_1-335	5hm8-assembly2_H	0.099	393	9.346E-02	39	0.196	3.131E-01	0.896	0.713	5hm8-assembly2_H 2.85 Angstrom Crystal Structure of S-adenosylhomocysteinase from Cryptosporidium parvum in Complex with Adenosine and NAD.
TeuB_maduro_1-335	3vqt-assembly5_A	0.097	143	3.423E-01	39	0.196	4.145E-01	0.319	0.275	3vqt-assembly5_A Crystal structure analysis of the translation factor RF3
TeuB_maduro_1-335	3tr5-assembly1_C	0.104	124	6.950E-01	39	0.196	4.857E-01	0.278	0.239	3tr5-assembly1_C Structure of a peptide chain release factor 3 (prfC) from Coxiella burnetii
TeuB_maduro_1-335	5f54-assembly1_A	0.132	242	3.423E-01	39	0.196	3.885E-01	0.693	0.271	5f54-assembly1_A Structure of RecJ complexed with dTMP
TeuB_maduro_1-335	6c2v-assembly1_A	0.165	103	2.865E+00	38	0.179	5.900E-01	0.293	0.809	6c2v-assembly1_A Solution structure of a phosphate-loop protein
TeuB_maduro_1-335	7o62-assembly1_D	0.100	109	1.182E+00	38	0.179	5.246E-01	0.299	0.786	7o62-assembly1_D Crystal structure of a 2`-deoxyribosyltransferase from the psychrophilic bacterium Desulfotalea psychrophila.
TeuB_maduro_1-335	2c9b-assembly2_G	0.100	120	2.546E+00	38	0.179	6.004E-01	0.316	0.782	2c9b-assembly2_G Lumazine Synthase from Mycobacterium tuberculosus Bound to 3-(1,3,7- TRIHYDRO-9-D-RIBITYL-2,6,8-PURINETRIONE-7-YL)
TeuB_maduro_1-335	8dpb-assembly1_D	0.171	157	1.254E+00	38	0.179	4.799E-01	0.439	0.973	8dpb-assembly1_D MeaB in complex with the cobalamin-binding domain of its target mutase with GMPPCP bound
TeuB_maduro_1-335	6vfj-assembly1_A	0.158	126	2.010E+00	38	0.179	5.692E-01	0.310	0.797	6vfj-assembly1_A De novo designed icosahedral nanoparticle I53_dn5
TeuB_maduro_1-335	2fwi-assembly1_B	0.109	219	5.823E-01	38	0.179	4.142E-01	0.630	0.957	2fwi-assembly1_B Structure of PurE (N5-carboxyaminoimidazole ribonucleotide mutase) H59D, from the acidophilic bacterium Acetobacter aceti, complexed with 5-aminoimidazole ribonucleotide (AIR)
TeuB_maduro_1-335	6o55-assembly1_A	0.105	218	6.552E-01	38	0.179	4.198E-01	0.633	0.950	6o55-assembly1_A Crystal Structure of N5-carboxyaminoimidazole ribonucleotide mutase (PurE) from Legionella pneumophila
TeuB_maduro_1-335	4jgi-assembly3_B-2	0.132	242	4.335E-01	38	0.179	3.698E-01	0.645	0.903	4jgi-assembly3_B-2 1.5 Angstrom crystal structure of a novel cobalamin-binding protein from Desulfitobacterium hafniense DCB-2
TeuB_maduro_1-335	4nae-assembly1_A	0.109	282	9.346E-02	38	0.179	2.605E-01	0.740	0.973	4nae-assembly1_A PcrB from Geobacillus kaustophilus, with bound G1P
TeuB_maduro_1-335	4naf-assembly1_A	0.124	233	5.495E-02	38	0.179	2.437E-01	0.591	0.901	4naf-assembly1_A PrcB from Geobacillus kaustophilus, apo structure
TeuB_maduro_1-335	8kc8-assembly1_A	0.098	233	2.265E-01	38	0.179	3.012E-01	0.618	0.846	8kc8-assembly1_A De novo design protein -T11
TeuB_maduro_1-335	8jfi-assembly1_B-2	0.114	149	1.411E+00	38	0.179	5.113E-01	0.364	0.586	8jfi-assembly1_B-2 Crystal structure of 3-oxoacyl-ACP reductase FabG in complex with NADP+ and 3-keto-hexanoyl-ACP from Helicobacter pylori
TeuB_maduro_1-335	6ns7-assembly3_C	0.107	149	8.296E-01	38	0.179	4.950E-01	0.337	0.587	6ns7-assembly3_C Crystal structure of murine caspase-11
TeuB_maduro_1-335	6z9i-assembly2_B	0.109	238	2.265E-01	38	0.179	2.752E-01	0.639	0.810	6z9i-assembly2_B Escherichia coli D-2-deoxyribose-5-phosphate aldolase - N21K mutant complex with reaction products
TeuB_maduro_1-335	4a5o-assembly2_D	0.110	308	1.332E-01	38	0.179	2.931E-01	0.761	0.868	4a5o-assembly2_D Crystal structure of Pseudomonas aeruginosa N5, N10- methylenetetrahydrofolate dehydrogenase-cyclohydrolase (FolD)
TeuB_maduro_1-335	6aqy-assembly3_F	0.088	270	1.499E-01	38	0.179	3.240E-01	0.657	0.773	6aqy-assembly3_F Crystal structure of a gdp-l-fucose synthetase from Naegleria fowleri
TeuB_maduro_1-335	4h6x-assembly2_B	0.085	187	3.632E-01	38	0.179	3.988E-01	0.337	0.576	4h6x-assembly2_B Structure of Patellamide maturation protease PatG
TeuB_maduro_1-335	6kdf-assembly1_C	0.114	236	9.914E-02	38	0.179	2.814E-01	0.570	0.630	6kdf-assembly1_C Crystal structure of the alpha beta heterodimer of human IDH3 in APO form.
TeuB_maduro_1-335	5ax7-assembly1_B	0.096	302	1.052E-01	38	0.179	3.198E-01	0.672	0.769	5ax7-assembly1_B yeast pyruvyltransferase Pvg1p
TeuB_maduro_1-335	4wyi-assembly1_A	0.134	291	3.227E-01	38	0.179	3.630E-01	0.657	0.720	4wyi-assembly1_A The crystal structure of Arabidopsis thaliana galactolipid synthase, MGD1 (apo-form)
TeuB_maduro_1-335	6ktq-assembly1_B	0.113	353	3.046E-02	38	0.179	2.161E-01	0.767	0.817	6ktq-assembly1_B Crystal structure of catalytic domain of homocitrate synthase from Sulfolobus acidocaldarius (SaHCS(dRAM)) in complex with alpha-ketoglutarate/Zn2+/CoA
TeuB_maduro_1-335	3hvy-assembly1_D	0.082	157	7.821E-01	38	0.179	4.377E-01	0.391	0.322	3hvy-assembly1_D Crystal structure of putative cystathionine beta-lyase involved in aluminum resistance (NP_348457.1) from Clostridium acetobutylicum at 2.00 A resolution
TeuB_maduro_1-335	7v3x-assembly4_W	0.090	366	2.704E-01	38	0.179	3.249E-01	0.713	0.769	7v3x-assembly4_W Crystal Structure of Cyanobacterial Circadian Clock Protein KaiC
TeuB_maduro_1-335	5x4i-assembly1_A	0.113	221	4.878E-01	38	0.179	4.181E-01	0.624	0.351	5x4i-assembly1_A Pyrococcus furiosus RecJ (D83A, Mn-soaking)
TeuB_maduro_1-335	9ij0-assembly1_A	0.120	100	1.895E+00	38	0.179	5.610E-01	0.269	0.123	9ij0-assembly1_A Cryo-EM Structure of MILI-piRNA-target (8-nt)
TeuB_maduro_1-335	2jfb-assembly1_A	0.158	120	2.700E+00	37	0.164	5.887E-01	0.296	0.765	2jfb-assembly1_A 3D Structure of Lumazine Synthase from Candida albicans
TeuB_maduro_1-335	2fwa-assembly1_B	0.109	219	6.950E-01	37	0.164	4.133E-01	0.630	0.957	2fwa-assembly1_B Structure of PurE (N5-carboxyaminoimidazole ribonucleotide mutase) H89N from the acidophilic bacterium Acetobacter aceti, at pH 7
TeuB_maduro_1-335	4zjy-assembly1_B	0.101	216	6.552E-01	37	0.164	4.208E-01	0.630	0.951	4zjy-assembly1_B Structure of Acetobacter aceti PurE-S57N
TeuB_maduro_1-335	8ruw-assembly1_C	0.128	203	1.052E-01	37	0.164	2.605E-01	0.516	0.782	8ruw-assembly1_C Crystal structure of Archaeoglobus fulgidus (S)-3-O-geranylgeranylglyceryl phosphate synthase
TeuB_maduro_1-335	3w01-assembly1_B	0.135	184	1.686E-01	37	0.164	2.843E-01	0.496	0.718	3w01-assembly1_B Crystal structure of PcrB complexed with PEG from Staphylococcus aureus subsp. aureus Mu3
TeuB_maduro_1-335	8jf9-assembly1_C	0.120	149	1.787E+00	37	0.164	5.056E-01	0.364	0.591	8jf9-assembly1_C Crystal structure of 3-oxoacyl-ACP reductase FabG from Helicobacter pylori
TeuB_maduro_1-335	7n7h-assembly1_A	0.079	289	1.413E-01	37	0.164	2.940E-01	0.624	0.920	7n7h-assembly1_A X-ray crystal structure of Viperin-like enzyme from Nematostella vectensis
TeuB_maduro_1-335	9ise-assembly2_C	0.069	317	2.549E-01	37	0.164	3.017E-01	0.761	0.862	9ise-assembly2_C Human MTHFD1 in complex with LY374571
TeuB_maduro_1-335	6s4f-assembly1_B	0.107	308	1.897E-01	37	0.164	3.129E-01	0.764	0.869	6s4f-assembly1_B Structure of human MTHFD2 in complex with TH9619
TeuB_maduro_1-335	7agk-assembly2_B	0.125	136	7.821E-01	37	0.164	4.423E-01	0.313	0.418	7agk-assembly2_B Crystal structure of E. coli SF kinase (YihV) in complex with product sulfofructose phosphate (SFP)
TeuB_maduro_1-335	3uuw-assembly1_D	0.187	165	6.552E-01	37	0.164	4.300E-01	0.400	0.488	3uuw-assembly1_D 1.63 Angstrom Resolution Crystal Structure of Dehydrogenase (MviM) from Clostridium difficile.
TeuB_maduro_1-335	6jks-assembly1_A	0.087	321	1.686E-01	37	0.164	3.167E-01	0.785	0.854	6jks-assembly1_A Crystal structure of aspartate transcarbamoylase from Trypanosoma cruzi in complex with carbamoyl phosphate (CP) and aspartate (Asp)
TeuB_maduro_1-335	1cm7-assembly1_B	0.110	281	1.686E-01	37	0.164	3.060E-01	0.624	0.702	1cm7-assembly1_B 3-ISOPROPYLMALATE DEHYDROGENASE FROM ESCHERICHIA COLI
TeuB_maduro_1-335	3vmk-assembly1_B	0.101	346	1.499E-01	37	0.164	2.795E-01	0.770	0.837	3vmk-assembly1_B 3-isopropylmalate dehydrogenase from Shewanella benthica DB21 MT-2
TeuB_maduro_1-335	9dqm-assembly1_B	0.125	359	1.413E-01	37	0.164	2.951E-01	0.764	0.781	9dqm-assembly1_B Crystal Structure Pyrophosphate-fructose 6-phosphate 1-phosphotransferase 1 (Pfk1) from Trichomonas vaginalis (AMP bound)
TeuB_maduro_1-335	7dy1-assembly1_E	0.101	402	1.183E-01	37	0.164	2.707E-01	0.716	0.835	7dy1-assembly1_E Crystal Structure of Cyanobacterial Circadian Clock Protein KaiC
TeuB_maduro_1-335	7dy2-assembly2_H	0.101	363	3.042E-01	37	0.164	3.276E-01	0.645	0.763	7dy2-assembly2_H Crystal Structure of Cyanobacterial Circadian Clock Protein KaiC
TeuB_maduro_1-335	3tr5-assembly1_B	0.112	133	8.296E-01	37	0.164	4.618E-01	0.293	0.256	3tr5-assembly1_B Structure of a peptide chain release factor 3 (prfC) from Coxiella burnetii
TeuB_maduro_1-335	8va1-assembly1_D	0.100	307	2.549E-01	37	0.164	3.451E-01	0.669	0.501	8va1-assembly1_D S. aureus TarL H300N in complex with CDP-ribitol (single tetramer)
TeuB_maduro_1-335	5clh-assembly1_A	0.105	219	6.552E-01	36	0.150	4.060E-01	0.630	0.969	5clh-assembly1_A Structure of PurE (N5-carboxyaminoimidazole ribonucleotide mutase) H59N from the acidophilic bacterium Acetobacter aceti, at pH 8
TeuB_maduro_1-335	5bor-assembly1_A	0.091	219	7.373E-01	36	0.150	4.186E-01	0.630	0.962	5bor-assembly1_A Structure of Acetobacter aceti PurE-S57C, sulfonate form
TeuB_maduro_1-335	4ycc-assembly1_A	0.100	219	6.552E-01	36	0.150	4.055E-01	0.630	0.962	4ycc-assembly1_A Structure of a single tryptophan mutant of Acetobacter aceti PurE with Y154L mutation
TeuB_maduro_1-335	2fwb-assembly1_B	0.100	219	6.950E-01	36	0.150	4.036E-01	0.630	0.951	2fwb-assembly1_B Structure of PurE (N5-carboxyaminoimidazole ribonucleotide mutase) H89F from the acidophilic bacterium Acetobacter aceti, at pH 8
TeuB_maduro_1-335	7mcd-assembly4_D	0.110	235	1.332E-01	36	0.150	2.675E-01	0.615	0.995	7mcd-assembly4_D Crystal structure of an AI-designed TIM-barrel F15C
TeuB_maduro_1-335	4da9-assembly1_B	0.115	208	1.114E+00	36	0.150	4.500E-01	0.454	0.907	4da9-assembly1_B Crystal structure of putative Short-chain dehydrogenase/reductase from Sinorhizobium meliloti 1021
TeuB_maduro_1-335	6kmt-assembly3_C	0.116	154	6.950E-01	36	0.150	4.338E-01	0.340	0.594	6kmt-assembly3_C P32 of caspase-11 mutant C254A
TeuB_maduro_1-335	3nq8-assembly1_A	0.116	241	2.403E-01	36	0.150	2.646E-01	0.639	0.817	3nq8-assembly1_A Optimization of the in silico designed Kemp eliminase KE70 by computational design and directed evolution R4 8/5A
TeuB_maduro_1-335	4p4g-assembly2_B	0.115	251	2.549E-01	36	0.150	3.809E-01	0.609	0.846	4p4g-assembly2_B Crystal Structure of Mycobacterium tuberculosis Shikimate Dehydrogenase
TeuB_maduro_1-335	4fj0-assembly2_D	0.121	264	3.632E-01	36	0.150	3.340E-01	0.501	0.966	4fj0-assembly2_D Crystal structure of the ternary complex between a fungal 17beta-hydroxysteroid dehydrogenase (Holo form) and 3,7-dihydroxy flavone
TeuB_maduro_1-335	2w7t-assembly1_A	0.164	97	2.546E+00	36	0.150	5.587E-01	0.272	0.356	2w7t-assembly1_A Trypanosoma brucei CTPS - glutaminase domain with bound acivicin
TeuB_maduro_1-335	6v6y-assembly1_A-2	0.125	216	3.042E-01	36	0.150	2.995E-01	0.567	0.621	6v6y-assembly1_A-2 Crystal Structure of T. thermophilus methylenetetrahydrofolate dehydrogenase (MTHFD)
TeuB_maduro_1-335	3qlj-assembly3_F	0.117	205	6.176E-01	36	0.150	3.940E-01	0.499	0.617	3qlj-assembly3_F Crystal structure of a short chain dehydrogenase from Mycobacterium avium
TeuB_maduro_1-335	5oj7-assembly1_A	0.190	63	2.865E+00	36	0.150	6.111E-01	0.176	0.213	5oj7-assembly1_A Sirtuin 4 orthologue from Xenopus Tropicalis in complex with ADP-ribose
TeuB_maduro_1-335	1b0a-assembly1_A	0.112	222	1.686E-01	36	0.150	3.028E-01	0.576	0.613	1b0a-assembly1_A 5,10, METHYLENE-TETRAHYDROPHOLATE DEHYDROGENASE/CYCLOHYDROLASE FROM E COLI.
TeuB_maduro_1-335	9ita-assembly1_A	0.118	219	2.265E-01	36	0.150	2.946E-01	0.570	0.636	9ita-assembly1_A Human MTHFD2 in complex with compound 16d
TeuB_maduro_1-335	7agh-assembly1_B	0.101	138	1.114E+00	36	0.150	4.446E-01	0.313	0.424	7agh-assembly1_B Crystal structure of SF kinase YihV from E. coli in complex with AMPPNP-Mg
TeuB_maduro_1-335	6kdf-assembly3_F	0.115	233	1.332E-01	36	0.150	2.813E-01	0.570	0.635	6kdf-assembly3_F Crystal structure of the alpha beta heterodimer of human IDH3 in APO form.
TeuB_maduro_1-335	5cm6-assembly1_B	0.096	62	9.335E-01	36	0.150	4.742E-01	0.185	0.179	5cm6-assembly1_B CRYSTAL STRUCTURE OF A TRAP PERIPLASMIC SOLUTE BINDING PROTEIN FROM PSEUDOALTEROMONAS ATLANTICA T6c(Patl_2292, TARGET EFI-510180) WITH BOUND SODIUM AND PYRUVATE
TeuB_maduro_1-335	8grb-assembly3_I	0.091	349	1.332E-01	36	0.150	2.686E-01	0.857	0.811	8grb-assembly3_I Crystal structure of a constitutively active mutant of the alpha beta heterodimer of human IDH3
TeuB_maduro_1-335	3mbo-assembly4_H	0.097	307	7.821E-01	36	0.150	3.837E-01	0.651	0.794	3mbo-assembly4_H Crystal Structure of the Glycosyltransferase BaBshA bound with UDP and L-malate
TeuB_maduro_1-335	5cee-assembly1_A-2	0.124	177	8.800E-01	36	0.150	3.847E-01	0.484	0.401	5cee-assembly1_A-2 Malic enzyme from Candidatus Phytoplasma AYWB in complex with NAD and Mg2+
TeuB_maduro_1-335	3tr5-assembly1_A	0.094	137	6.552E-01	36	0.150	4.414E-01	0.293	0.251	3tr5-assembly1_A Structure of a peptide chain release factor 3 (prfC) from Coxiella burnetii
TeuB_maduro_1-335	6xeh-assembly1_A	0.139	93	5.168E+00	35	0.138	7.174E-01	0.278	0.608	6xeh-assembly1_A Solution NMR Structure of DE NOVO DESIGNED Rossmann 2x3 Fold Protein r2x3_168, Northeast Structural Genomics Consortium (NESG) Target OR386
TeuB_maduro_1-335	3n8n-assembly2_M	0.161	99	2.133E+00	35	0.138	5.595E-01	0.272	0.667	3n8n-assembly2_M Crystal structure of 3-dehydroquinate dehydratase from Mycobacterium tuberculosis in complex with inhibitor 6
TeuB_maduro_1-335	4v7g-assembly1_AA	0.184	125	2.400E+00	35	0.138	5.619E-01	0.325	0.770	4v7g-assembly1_AA Crystal Structure of Lumazine Synthase from Bacillus Anthracis
TeuB_maduro_1-335	4zmb-assembly1_B	0.104	221	9.335E-01	35	0.138	4.246E-01	0.630	0.962	4zmb-assembly1_B Structure of Acetobacter aceti PurE-S57V,Y154F
TeuB_maduro_1-335	4ay4-assembly1_D	0.088	215	8.800E-01	35	0.138	4.038E-01	0.621	0.901	4ay4-assembly1_D crystal structure of Bacillus anthracis PurE
TeuB_maduro_1-335	2i6i-assembly1_A	0.182	115	1.050E+00	35	0.138	4.277E-01	0.310	0.671	2i6i-assembly1_A crystal structures of the archaeal sulfolobus PTP-fold phosphatase
TeuB_maduro_1-335	2l82-assembly1_A	0.128	163	1.588E+00	35	0.138	4.770E-01	0.460	0.907	2l82-assembly1_A Solution NMR Structure of de novo designed protein, P-loop NTPase fold, Northeast Structural Genomics Consortium Target OR32
TeuB_maduro_1-335	4ycb-assembly1_B	0.100	219	7.373E-01	35	0.138	4.044E-01	0.630	0.945	4ycb-assembly1_B Structure of a single tryptophan mutant of Acetobacter aceti PurE
TeuB_maduro_1-335	2xhz-assembly1_B	0.120	116	2.865E+00	35	0.138	5.791E-01	0.328	0.580	2xhz-assembly1_B Probing the active site of the sugar isomerase domain from E. coli arabinose-5-phosphate isomerase via X-ray crystallography
TeuB_maduro_1-335	8bsj-assembly1_SA	0.056	106	1.588E+00	35	0.138	5.380E-01	0.304	0.438	8bsj-assembly1_SA Giardia Ribosome in PRE-T Classical State (C)
TeuB_maduro_1-335	7n41-assembly2_B	0.164	182	8.296E-01	35	0.138	3.895E-01	0.504	0.848	7n41-assembly2_B Crystal structure of TagA with UDP-ManNAc
TeuB_maduro_1-335	3ng3-assembly1_D	0.121	255	5.495E-02	35	0.138	2.116E-01	0.636	0.908	3ng3-assembly1_D Crystal structure of deoxyribose phosphate aldolase from mycobacterium avium 104 in a schiff base with an unknown aldehyde
TeuB_maduro_1-335	6ns7-assembly4_D	0.068	146	1.182E+00	35	0.138	5.031E-01	0.331	0.539	6ns7-assembly4_D Crystal structure of murine caspase-11
TeuB_maduro_1-335	1vl8-assembly1_B	0.131	183	9.335E-01	35	0.138	4.185E-01	0.454	0.635	1vl8-assembly1_B Crystal structure of Gluconate 5-dehydrogenase (TM0441) from Thermotoga maritima at 2.07 A resolution
TeuB_maduro_1-335	3sju-assembly1_A	0.110	217	1.789E-01	35	0.138	2.927E-01	0.570	0.620	3sju-assembly1_A Hedamycin Polyketide Ketoreductase bound to NADPH
TeuB_maduro_1-335	3u9l-assembly1_A-2	0.106	188	8.296E-01	35	0.138	4.197E-01	0.460	0.584	3u9l-assembly1_A-2 The crystal structure of 3-oxoacyl-[acyl-carrier-protein] reductase (NADPH) from Sinorhizobium meliloti
TeuB_maduro_1-335	9dtl-assembly1_A	0.166	66	1.895E+00	35	0.138	5.327E-01	0.191	0.215	9dtl-assembly1_A Crystal Structure of C4-Dicarboxylate-Binding Protein (PA0884) of Tripartite ATP-independent Periplasmic Transporter Family from Pseudomonas aeruginosa PAO1 in Complex with Succinic Acid
TeuB_maduro_1-335	5y5d-assembly1_B	0.131	137	1.114E+00	35	0.138	4.909E-01	0.328	0.390	5y5d-assembly1_B The crystal structure of VrEH2 mutant M263W
TeuB_maduro_1-335	6ke3-assembly4_G	0.099	231	3.852E-01	35	0.138	3.159E-01	0.570	0.641	6ke3-assembly4_G Crystal structure of the alpha bata heterodimer of human IDH3 in complex with NADH
TeuB_maduro_1-335	1xdw-assembly1_A	0.092	302	1.897E-01	35	0.138	2.867E-01	0.690	0.761	1xdw-assembly1_A NAD+-dependent (R)-2-Hydroxyglutarate Dehydrogenase from Acidaminococcus fermentans
TeuB_maduro_1-335	5yw4-assembly1_A	0.100	339	2.403E-01	35	0.138	3.503E-01	0.827	0.816	5yw4-assembly1_A Structure-Guided Engineering of Reductase: Efficient Attenuating Substrate Inhibition in Asymmetric Catalysis
TeuB_maduro_1-335	3wqc-assembly1_A	0.105	257	7.830E-02	35	0.138	2.350E-01	0.678	0.567	3wqc-assembly1_A D-threo-3-hydroxyaspartate dehydratase from Delftia sp. HT23
TeuB_maduro_1-335	7w9z-assembly1_B	0.124	161	1.895E+00	35	0.138	5.106E-01	0.412	0.378	7w9z-assembly1_B Crystal structure of Bacillus subtilis YugJ in complex with NADP and nitrate
TeuB_maduro_1-335	1vlj-assembly1_A	0.132	302	1.499E-01	35	0.138	2.782E-01	0.770	0.565	1vlj-assembly1_A Crystal structure of NADH-dependent butanol dehydrogenase A (TM0820) from Thermotoga maritima at 1.78 A resolution
TeuB_maduro_1-335	2dh3-assembly1_A	0.111	295	1.183E-01	35	0.138	2.463E-01	0.672	0.562	2dh3-assembly1_A Crystal Structure of human ED-4F2hc
TeuB_maduro_1-335	4j1s-assembly1_A	0.081	370	1.116E-01	35	0.138	2.517E-01	0.824	0.787	4j1s-assembly1_A Crystal structure of a ketoreductase domain from the bacillaene assembly line
TeuB_maduro_1-335	8hjn-assembly2_B	0.105	436	1.255E-01	35	0.138	2.870E-01	0.833	0.887	8hjn-assembly2_B Crystal structure of glycosyltransferase SgUGT94-289-3 in complex with UPG
TeuB_maduro_1-335	6kyj-assembly1_A	0.097	297	1.332E-01	35	0.138	2.579E-01	0.630	0.587	6kyj-assembly1_A Hybrid-Rubisco (rice RbcL and sorghum RbcS) in complex with sulfate ions
TeuB_maduro_1-335	5gad-assembly1_i	0.106	301	5.495E-02	35	0.138	2.360E-01	0.845	0.436	5gad-assembly1_i RNC-SRP-SR complex early state
TeuB_maduro_1-335	5ktk-assembly1_A	0.073	410	1.116E-01	35	0.138	2.445E-01	0.824	0.814	5ktk-assembly1_A Ketoreductase from module 3 of the bacillaene synthase from Bacillus subtilis 168
TeuB_maduro_1-335	7xbu-assembly1_A	0.099	292	4.335E-01	35	0.138	3.565E-01	0.701	0.536	7xbu-assembly1_A Crystal structure of the adenylation domain of CmnG in complex with capreomycidine
TeuB_maduro_1-335	7cwv-assembly1_A	0.109	282	2.704E-01	35	0.138	3.077E-01	0.648	0.540	7cwv-assembly1_A Crystal structure of Arabinose isomerase from hyper thermophilic bacterium Thermotoga maritima (TMAI) wt
TeuB_maduro_1-335	6kr6-assembly1_A	0.166	96	2.010E+00	35	0.138	4.995E-01	0.269	0.126	6kr6-assembly1_A Crystal structure of Drosophila Piwi
TeuB_maduro_1-335	7yfx-assembly1_A	0.117	102	2.400E+00	35	0.138	5.496E-01	0.269	0.125	7yfx-assembly1_A Cryo-EM structure of Hili in complex with piRNA
TeuB_maduro_1-335	5clg-assembly1_A	0.111	216	9.335E-01	34	0.126	4.054E-01	0.630	0.968	5clg-assembly1_A Structure of PurE (N5-carboxyaminoimidazole ribonucleotide mutase) mutant H59N from the acidophilic bacterium Acetobacter aceti, at pH 5.4
TeuB_maduro_1-335	4zc8-assembly1_A	0.095	219	9.335E-01	34	0.126	4.051E-01	0.630	0.975	4zc8-assembly1_A Structure of Acetobacter aceti PurE-S57T
TeuB_maduro_1-335	3ors-assembly1_C	0.093	213	1.254E+00	34	0.126	4.120E-01	0.627	0.913	3ors-assembly1_C Crystal Structure of N5-Carboxyaminoimidazole Ribonucleotide Mutase from Staphylococcus aureus
TeuB_maduro_1-335	5wb4-assembly1_E	0.180	172	8.800E-01	34	0.126	3.839E-01	0.472	0.822	5wb4-assembly1_E Crystal structure of the TarA wall teichoic acid glycosyltransferase
TeuB_maduro_1-335	8std-assembly3_F	0.086	173	9.903E-01	34	0.126	4.396E-01	0.499	0.601	8std-assembly3_F S127A variant of LarB, a carboxylase/hydrolase involved in synthesis of the cofactor for lactate racemase, in complex with authentic substrate NaAD and soaked with CS2
TeuB_maduro_1-335	4n9q-assembly1_A	0.112	239	3.227E-01	34	0.126	3.160E-01	0.540	0.971	4n9q-assembly1_A Crystal structure of paAzoR1 bound to ubiquinone-1
TeuB_maduro_1-335	8soq-assembly2_D	0.110	190	4.598E-01	34	0.126	3.862E-01	0.519	0.654	8soq-assembly2_D S127A variant of LarB, a carboxylase/hydrolase involved in synthesis of the cofactor for lactate racemase, in complex with authentic substrate NaAD
TeuB_maduro_1-335	5nd8-assembly1_b	0.107	149	1.684E+00	34	0.126	5.253E-01	0.307	0.608	5nd8-assembly1_b Hibernating ribosome from Staphylococcus aureus (Unrotated state)
TeuB_maduro_1-335	5wxx-assembly1_A-2	0.122	253	2.549E-01	34	0.126	2.708E-01	0.633	0.916	5wxx-assembly1_A-2 Crystal structure of Microcystis aeruginosa PCC 7806 aspartate racemase in complex with citrate
TeuB_maduro_1-335	3f5q-assembly2_B	0.111	251	6.552E-01	34	0.126	3.484E-01	0.582	0.895	3f5q-assembly2_B CRYSTAL STRUCTURE OF putative short chain dehydrogenase from Escherichia coli CFT073
TeuB_maduro_1-335	3l77-assembly1_A	0.112	186	8.296E-01	34	0.126	3.922E-01	0.463	0.677	3l77-assembly1_A X-ray structure alcohol dehydrogenase from archaeon Thermococcus sibiricus complexed with 5-hydroxy-NADP
TeuB_maduro_1-335	4jro-assembly1_C	0.111	152	1.684E+00	34	0.126	4.848E-01	0.367	0.571	4jro-assembly1_C Crystal structure of 3-oxoacyl-[acyl-carrier protein]reductase (FabG)from Listeria monocytogenes in complex with NADP+
TeuB_maduro_1-335	3bzw-assembly1_A	0.164	79	2.865E+00	34	0.126	5.419E-01	0.212	0.302	3bzw-assembly1_A Crystal structure of a putative lipase from Bacteroides thetaiotaomicron
TeuB_maduro_1-335	6e9p-assembly1_G	0.140	291	1.332E-01	34	0.126	2.135E-01	0.770	0.920	6e9p-assembly1_G Crystal structure of tryptophan synthase from M. tuberculosis - open form with BRD0059 bound
TeuB_maduro_1-335	5ocw-assembly1_A	0.143	306	8.811E-02	34	0.126	2.112E-01	0.791	0.914	5ocw-assembly1_A Structure of Mycobacterium tuberculosis tryptophan synthase in space group F222
TeuB_maduro_1-335	8w0n-assembly1_A	0.091	185	1.050E+00	34	0.126	4.259E-01	0.463	0.632	8w0n-assembly1_A IRED crystal structure
TeuB_maduro_1-335	2wzt-assembly1_B	0.148	256	1.183E-01	34	0.126	2.132E-01	0.645	0.919	2wzt-assembly1_B Crystal structure of a mycobacterium aldo-keto reductase in its apo and liganded form
TeuB_maduro_1-335	3aus-assembly1_A	0.135	184	1.497E+00	34	0.126	4.547E-01	0.463	0.615	3aus-assembly1_A Crystal structure of Bacillus megaterium glucose dehydrogenase 4 in ligand-free form
TeuB_maduro_1-335	3sx2-assembly1_D	0.114	296	2.704E-01	34	0.126	3.202E-01	0.654	0.967	3sx2-assembly1_D Crystal structure of a putative 3-ketoacyl-(acyl-carrier-protein) reductase from Mycobacterium paratuberculosis in complex with NAD
TeuB_maduro_1-335	3qlj-assembly2_C	0.110	209	4.598E-01	34	0.126	3.611E-01	0.499	0.598	3qlj-assembly2_C Crystal structure of a short chain dehydrogenase from Mycobacterium avium
TeuB_maduro_1-335	3qlj-assembly2_D	0.112	204	7.821E-01	34	0.126	3.913E-01	0.499	0.596	3qlj-assembly2_D Crystal structure of a short chain dehydrogenase from Mycobacterium avium
TeuB_maduro_1-335	8hwn-assembly3_C	0.097	268	1.332E-01	34	0.126	2.538E-01	0.752	0.659	8hwn-assembly3_C aldo-keto reductase DepB
TeuB_maduro_1-335	9dsy-assembly1_A	0.164	67	1.895E+00	34	0.126	5.229E-01	0.194	0.208	9dsy-assembly1_A Crystal Structure of C4-Dicarboxylate-Binding Periplasmic Protein (PA5167) of Tripartite ATP-independent Periplasmic Transporter Family from Pseudomonas aeruginosa PAO1 in Complex with Succinic Acid
TeuB_maduro_1-335	2zau-assembly1_B-2	0.140	64	4.082E+00	34	0.126	6.199E-01	0.179	0.211	2zau-assembly1_B-2 Crystal structure of an N-terminally truncated selenophosphate synthetase from Aquifex aeolicus
TeuB_maduro_1-335	4kes-assembly1_C	0.135	266	9.914E-02	34	0.126	2.164E-01	0.684	0.726	4kes-assembly1_C Crystal structure of SsoPox W263T
TeuB_maduro_1-335	6kdf-assembly7_N	0.090	242	2.135E-01	34	0.126	2.766E-01	0.570	0.627	6kdf-assembly7_N Crystal structure of the alpha beta heterodimer of human IDH3 in APO form.
TeuB_maduro_1-335	7ce3-assembly1_A	0.100	260	6.176E-01	34	0.126	3.297E-01	0.630	0.699	7ce3-assembly1_A Crystal structure of human IDH3 holoenzyme in APO form.
TeuB_maduro_1-335	7eqi-assembly3_F	0.115	78	1.684E+00	34	0.126	4.830E-01	0.221	0.228	7eqi-assembly3_F ChlB3 [Aceyltransferase]
TeuB_maduro_1-335	2puv-assembly1_D	0.075	344	2.265E-01	34	0.126	2.753E-01	0.773	0.835	2puv-assembly1_D The crystal structure of isomerase domain of glucosamine-6-phosphate synthase from Candida albicans
TeuB_maduro_1-335	3ewd-assembly1_A	0.116	181	1.897E-01	34	0.126	2.826E-01	0.519	0.379	3ewd-assembly1_A Crystal structure of adenosine deaminase mutant (delta Asp172) from Plasmodium vivax in complex with MT-coformycin
TeuB_maduro_1-335	7olh-assembly1_B	0.175	74	3.419E+00	34	0.126	6.038E-01	0.215	0.183	7olh-assembly1_B Bacillus subtilis Complex structure 1 of diadenylate cyclase CdaA cytoplasmic domain (CdaACD) and the phosphoglucomutase GlmM short variant (GlmMF369)
TeuB_maduro_1-335	3c4q-assembly1_A	0.111	341	2.868E-01	34	0.126	2.975E-01	0.743	0.730	3c4q-assembly1_A Structure of the retaining glycosyltransferase MshA : The first step in mycothiol biosynthesis. Organism : Corynebacterium glutamicum- Complex with UDP
TeuB_maduro_1-335	1ky5-assembly1_D	0.102	418	1.499E-01	34	0.126	2.651E-01	0.863	0.888	1ky5-assembly1_D D244E mutant S-Adenosylhomocysteine hydrolase refined with noncrystallographic restraints
TeuB_maduro_1-335	5hm8-assembly2_E	0.107	392	3.042E-01	34	0.126	3.167E-01	0.896	0.710	5hm8-assembly2_E 2.85 Angstrom Crystal Structure of S-adenosylhomocysteinase from Cryptosporidium parvum in Complex with Adenosine and NAD.
TeuB_maduro_1-335	5h7d-assembly1_A	0.132	211	4.878E-01	34	0.126	3.492E-01	0.445	0.404	5h7d-assembly1_A Crystal structure of the YgjG-protein A-Zpa963-calmodulin complex
TeuB_maduro_1-335	8dba-assembly1_A	0.079	389	3.423E-01	34	0.126	3.054E-01	0.710	0.744	8dba-assembly1_A Crystal structure of dodecameric KaiC
TeuB_maduro_1-335	2a57-assembly1_A	0.159	113	5.482E+00	33	0.116	5.899E-01	0.281	0.733	2a57-assembly1_A Structure of 6,7-Dimthyl-8-ribityllumazine synthase from Schizosaccharomyces pombe mutant W27Y with bound ligand 6-carboxyethyl-7-oxo-8-ribityllumazine
TeuB_maduro_1-335	1kz4-assembly1_E	0.141	120	5.168E+00	33	0.116	5.955E-01	0.301	0.737	1kz4-assembly1_E Mutant enzyme W63Y Lumazine Synthase from S.pombe
TeuB_maduro_1-335	7a4f-assembly1_AC	0.096	196	8.800E-01	33	0.116	3.775E-01	0.528	0.942	7a4f-assembly1_AC Aquifex aeolicus lumazine synthase-derived nucleocapsid variant NC-1 (120-mer)
TeuB_maduro_1-335	1c2y-assembly1_A	0.159	113	4.330E+00	33	0.116	6.117E-01	0.287	0.697	1c2y-assembly1_A CRYSTAL STRUCTURES OF A PENTAMERIC FUNGAL AND AN ICOSAHEDRAL PLANT LUMAZINE SYNTHASE REVEALS THE STRUCTURAL BASIS FOR DIFFERENCES IN ASSEMBLY
TeuB_maduro_1-335	2fw8-assembly1_A	0.100	219	1.114E+00	33	0.116	4.060E-01	0.630	0.969	2fw8-assembly1_A Structure of PurE (N5-carboxyaminoimidazole ribonucleotide mutase) H89G from the acidophilic bacterium Acetobacter aceti, at pH 8
TeuB_maduro_1-335	2fw9-assembly1_B	0.099	221	1.114E+00	33	0.116	4.166E-01	0.630	0.969	2fw9-assembly1_B Structure of PurE (N5-carboxyaminoimidazole ribonucleotide mutase) H59F from the acidophilic bacterium Acetobacter aceti, at pH 8
TeuB_maduro_1-335	1y5e-assembly1_C	0.138	159	8.800E-01	33	0.116	4.137E-01	0.388	0.882	1y5e-assembly1_C Crystal structure of Molybdenum cofactor biosynthesis protein B
TeuB_maduro_1-335	2qip-assembly1_A-2	0.089	156	2.010E+00	33	0.116	4.657E-01	0.299	0.951	2qip-assembly1_A-2 Crystal structure of a protein of unknown function VPA0982 from Vibrio parahaemolyticus RIMD 2210633
TeuB_maduro_1-335	4rac-assembly1_C	0.112	62	4.082E+00	33	0.116	5.881E-01	0.167	0.286	4rac-assembly1_C Aza-acyclic nucleoside phosphonates containing a second phosphonate group as inhibitors of the human, Plasmodium falciparum and vivax 6-oxopurine phosphoribosyltransferases and their pro-drugs as antimalarial agents
TeuB_maduro_1-335	2nly-assembly1_A	0.100	220	4.086E-01	33	0.116	3.093E-01	0.585	0.787	2nly-assembly1_A Crystal structure of protein BH1492 from Bacillus halodurans, Pfam DUF610
TeuB_maduro_1-335	3ng3-assembly1_C	0.129	255	9.914E-02	33	0.116	2.143E-01	0.636	0.909	3ng3-assembly1_C Crystal structure of deoxyribose phosphate aldolase from mycobacterium avium 104 in a schiff base with an unknown aldehyde
TeuB_maduro_1-335	4l76-assembly2_D	0.105	142	1.588E+00	33	0.116	4.600E-01	0.361	0.563	4l76-assembly2_D Ca2+-bound E212Q mutant MthK RCK domain
TeuB_maduro_1-335	4jro-assembly1_D	0.103	155	1.787E+00	33	0.116	4.687E-01	0.370	0.582	4jro-assembly1_D Crystal structure of 3-oxoacyl-[acyl-carrier protein]reductase (FabG)from Listeria monocytogenes in complex with NADP+
TeuB_maduro_1-335	3nqv-assembly1_A	0.127	235	5.823E-01	33	0.116	2.854E-01	0.621	0.813	3nqv-assembly1_A Optimization of the in silico designed Kemp eliminase KE70 by computational design and directed evolution R5 7/4A
TeuB_maduro_1-335	1x7g-assembly1_B-2	0.103	279	4.086E-01	33	0.116	3.231E-01	0.648	0.948	1x7g-assembly1_B-2 Actinorhodin Polyketide Ketoreductase, act KR, with NADP bound
TeuB_maduro_1-335	1g6k-assembly1_A	0.119	184	1.588E+00	33	0.116	4.435E-01	0.463	0.617	1g6k-assembly1_A Crystal structure of glucose dehydrogenase mutant E96A complexed with NAD+
TeuB_maduro_1-335	4p4l-assembly3_C	0.104	250	4.878E-01	33	0.116	3.676E-01	0.609	0.852	4p4l-assembly3_C Crystal Structure of Mycobacterium tuberculosis Shikimate Dehydrogenase
TeuB_maduro_1-335	1yco-assembly1_B	0.091	305	2.403E-01	33	0.116	2.693E-01	0.758	0.989	1yco-assembly1_B Crystal structure of a branched-chain phosphotransacylase from Enterococcus faecalis V583
TeuB_maduro_1-335	5o2a-assembly2_C	0.132	219	3.423E-01	33	0.116	2.970E-01	0.570	0.616	5o2a-assembly2_C FolD Q98H
TeuB_maduro_1-335	4h6x-assembly1_A	0.073	191	1.411E+00	33	0.116	4.375E-01	0.331	0.640	4h6x-assembly1_A Structure of Patellamide maturation protease PatG
TeuB_maduro_1-335	7btm-assembly4_G-2	0.094	158	1.895E+00	33	0.116	4.750E-01	0.373	0.500	7btm-assembly4_G-2 SDR protein/resistance protein NapW
TeuB_maduro_1-335	6kg2-assembly1_B	0.112	223	2.549E-01	33	0.116	2.740E-01	0.582	0.648	6kg2-assembly1_B Human MTHFD2 in complex with Compound 18
TeuB_maduro_1-335	6jid-assembly1_A	0.097	317	3.632E-01	33	0.116	2.936E-01	0.770	0.881	6jid-assembly1_A Human MTHFD2 in complex with Compound 1
TeuB_maduro_1-335	5w3w-assembly1_A	0.127	307	6.184E-02	33	0.116	2.016E-01	0.764	0.870	5w3w-assembly1_A Crystal structure of SsoPox AsD6 mutant (V27A-Y97W-L228M-W263M) - open form
TeuB_maduro_1-335	3n6q-assembly3_B	0.148	262	9.914E-02	33	0.116	2.113E-01	0.696	0.670	3n6q-assembly3_B Crystal structure of YghZ from E. coli
TeuB_maduro_1-335	5t79-assembly1_A	0.102	284	1.590E-01	33	0.116	2.496E-01	0.740	0.654	5t79-assembly1_A X-Ray Crystal Structure of a Novel Aldo-keto Reductases for the Biocatalytic Conversion of 3-hydroxybutanal to 1,3-butanediol
TeuB_maduro_1-335	6aqy-assembly2_D	0.102	272	2.403E-01	33	0.116	3.017E-01	0.639	0.708	6aqy-assembly2_D Crystal structure of a gdp-l-fucose synthetase from Naegleria fowleri
TeuB_maduro_1-335	5xza-assembly1_A	0.114	383	3.042E-01	33	0.116	3.076E-01	0.830	0.975	5xza-assembly1_A Crystal Structure of Phosphofructokinase from Staphylococcus aureus in complex with ADP
TeuB_maduro_1-335	2c18-assembly1_B	0.093	322	7.830E-02	33	0.116	2.089E-01	0.773	0.848	2c18-assembly1_B 5-(4-Carboxy-2-oxo-butane-1-sulfonyl)-4-oxo-pentanoic acid bound to Porphobilinogen synthase from Pseudomonas aeruginosa
TeuB_maduro_1-335	2puw-assembly1_B-2	0.082	327	2.549E-01	33	0.116	2.636E-01	0.785	0.831	2puw-assembly1_B-2 The crystal structure of isomerase domain of glucosamine-6-phosphate synthase from Candida albicans
TeuB_maduro_1-335	7fjg-assembly1_A	0.107	167	1.497E+00	33	0.116	4.404E-01	0.412	0.388	7fjg-assembly1_A Crystal structure of butanol dehydrogenase A (YqdH) in complex with partial NADH from Fusobacterium nucleatum
TeuB_maduro_1-335	6tvp-assembly1_A	0.093	375	4.878E-01	33	0.116	3.221E-01	0.764	0.894	6tvp-assembly1_A Structure of Mycobacterium smegmatis alpha-maltose-1-phosphate synthase GlgM
TeuB_maduro_1-335	2c77-assembly1_A	0.138	245	3.042E-01	33	0.116	3.070E-01	0.615	0.488	2c77-assembly1_A EF-Tu complexed with a GTP analog and the antibiotic GE2270 A
TeuB_maduro_1-335	4oo3-assembly1_A	0.118	219	7.373E-01	33	0.116	3.693E-01	0.567	0.369	4oo3-assembly1_A Crystal structure of a putative oxidoreductase (PARMER_00841) from Parabacteroides merdae ATCC 43184 at 2.23 A resolution
TeuB_maduro_1-335	3d64-assembly1_A	0.100	377	1.686E-01	33	0.116	2.698E-01	0.899	0.701	3d64-assembly1_A Crystal structure of S-adenosyl-L-homocysteine hydrolase from Burkholderia pseudomallei
TeuB_maduro_1-335	7dy2-assembly1_A	0.107	345	2.403E-01	33	0.116	2.715E-01	0.618	0.733	7dy2-assembly1_A Crystal Structure of Cyanobacterial Circadian Clock Protein KaiC
TeuB_maduro_1-335	7cxo-assembly1_C	0.137	341	2.868E-01	33	0.116	2.744E-01	0.773	0.638	7cxo-assembly1_C Crystal structure of Arabinose isomerase from hybrid AI10
TeuB_maduro_1-335	5jpi-assembly1_D	0.104	403	2.265E-01	33	0.116	2.865E-01	0.896	0.707	5jpi-assembly1_D 2.15 Angstrom Crystal Structure of S-adenosylhomocysteinase from Cryptosporidium parvum in Complex with D-Eritadenine and NAD
TeuB_maduro_1-335	3vqt-assembly6_C	0.122	302	1.413E-01	33	0.116	2.755E-01	0.776	0.481	3vqt-assembly6_C Crystal structure analysis of the translation factor RF3
TeuB_maduro_1-335	7yfy-assembly1_A	0.120	100	4.082E+00	33	0.116	5.812E-01	0.269	0.127	7yfy-assembly1_A Cryo-EM structure of the Mili-piRNA- target ternary complex
TeuB_maduro_1-335	2b99-assembly1_A	0.170	88	3.627E+00	32	0.106	5.622E-01	0.251	0.534	2b99-assembly1_A Crystal Structure of an archaeal pentameric riboflavin synthase Complex with a Substrate analog inhibitor
TeuB_maduro_1-335	6fxw-assembly1_A	0.087	172	2.133E+00	32	0.106	4.401E-01	0.478	0.869	6fxw-assembly1_A Structure of Leishmania infantum type B ribose 5-phosphate isomerase
TeuB_maduro_1-335	8c36-assembly1_C	0.151	112	6.552E-01	32	0.106	3.156E-01	0.313	0.518	8c36-assembly1_C Light-adapted 2.0 Angstrom crystal structure of H132A variant of cobalamin binding domain belonging to a light-dependent transcription regulator TtCarH obtained under aerobic conditions
TeuB_maduro_1-335	7mj1-assembly2_C	0.085	188	1.684E+00	32	0.106	4.456E-01	0.519	0.670	7mj1-assembly2_C LarB, a carboxylase/hydrolase involved in synthesis of the cofactor for lactate racemase, in complex with NAD
TeuB_maduro_1-335	8a98-assembly1_SB	0.121	123	2.700E+00	32	0.106	5.422E-01	0.346	0.445	8a98-assembly1_SB CRYO-EM STRUCTURE OF LEISHMANIA MAJOR 80S RIBOSOME : snoRNA MUTANT
TeuB_maduro_1-335	8jtp-assembly1_B	0.110	227	4.878E-01	32	0.106	3.374E-01	0.513	0.962	8jtp-assembly1_B Crystal structure of apo Enoyl-Acyl Carrier Protein Reductase (FabI) from Klebsiella pneumoniae
TeuB_maduro_1-335	1d6n-assembly1_B	0.147	61	2.133E+00	32	0.106	5.172E-01	0.173	0.285	1d6n-assembly1_B TERNARY COMPLEX STRUCTURE OF HUMAN HGPRTASE, PRPP, MG2+, AND THE INHIBITOR HPP REVEALS THE INVOLVEMENT OF THE FLEXIBLE LOOP IN SUBSTRATE BINDING
TeuB_maduro_1-335	4da9-assembly1_C	0.094	233	5.823E-01	32	0.106	3.166E-01	0.501	0.968	4da9-assembly1_C Crystal structure of putative Short-chain dehydrogenase/reductase from Sinorhizobium meliloti 1021
TeuB_maduro_1-335	3nkf-assembly3_D	0.121	132	7.821E-01	32	0.106	3.796E-01	0.301	0.591	3nkf-assembly3_D Crystal structure of human ligand-free mature caspase-6 with intersubunit linker attached
TeuB_maduro_1-335	8ruw-assembly3_D	0.100	258	3.423E-01	32	0.106	2.716E-01	0.675	0.855	8ruw-assembly3_D Crystal structure of Archaeoglobus fulgidus (S)-3-O-geranylgeranylglyceryl phosphate synthase
TeuB_maduro_1-335	4rdh-assembly2_D	0.123	130	3.039E+00	32	0.106	4.995E-01	0.278	0.517	4rdh-assembly2_D Crystal structure of E. coli tRNA N6-threonylcarbamoyladenosine dehydratase, TcdA
TeuB_maduro_1-335	8tav-assembly1_A	0.101	277	2.868E-01	32	0.106	2.809E-01	0.627	0.988	8tav-assembly1_A FphH, Staphylococcus aureus fluorophosphonate-binding serine hydrolases H, boronic acid-based compound N34 bound
TeuB_maduro_1-335	4d7a-assembly1_B	0.123	130	2.865E+00	32	0.106	4.973E-01	0.278	0.504	4d7a-assembly1_B Crystal structure of E. coli tRNA N6-threonylcarbamoyladenosine dehydratase, TcdA, in complex with AMP at 1.801 Angstroem resolution
TeuB_maduro_1-335	8for-assembly2_B	0.094	244	3.423E-01	32	0.106	2.516E-01	0.639	0.814	8for-assembly2_B Crystal Structure of Kemp Eliminase KE70-core with bound transition state analogue
TeuB_maduro_1-335	5iz4-assembly1_A	0.111	189	2.133E+00	32	0.106	4.561E-01	0.463	0.692	5iz4-assembly1_A Crystal structure of a putative short-chain dehydrogenase/reductase from Burkholderia xenovorans
TeuB_maduro_1-335	1gee-assembly1_A	0.114	184	2.133E+00	32	0.106	4.430E-01	0.463	0.617	1gee-assembly1_A Crystal structure of glucose dehydrogenase mutant Q252L complexed with NAD+
TeuB_maduro_1-335	5l3r-assembly1_A	0.114	296	1.052E-01	32	0.106	2.436E-01	0.848	0.738	5l3r-assembly1_A Structure of the GTPase heterodimer of chloroplast SRP54 and FtsY from Arabidopsis thaliana
TeuB_maduro_1-335	3sx2-assembly1_A	0.113	272	2.403E-01	32	0.106	2.801E-01	0.636	0.825	3sx2-assembly1_A Crystal structure of a putative 3-ketoacyl-(acyl-carrier-protein) reductase from Mycobacterium paratuberculosis in complex with NAD
TeuB_maduro_1-335	4m0d-assembly1_A	0.120	124	5.168E+00	32	0.106	6.059E-01	0.313	0.395	4m0d-assembly1_A Crystal structure of MurQ from H.influenzae in apo form
TeuB_maduro_1-335	5yb5-assembly1_B	0.117	188	5.823E-01	32	0.106	3.906E-01	0.418	0.538	5yb5-assembly1_B The complex crystal structure of VrEH2 mutant M263N with SNO
TeuB_maduro_1-335	6jkr-assembly2_F	0.084	320	2.704E-01	32	0.106	2.893E-01	0.785	0.851	6jkr-assembly2_F Crystal structure of aspartate transcarbamoylase from Trypanosoma cruzi in complex with carbamoyl phosphate (CP)
TeuB_maduro_1-335	6aqy-assembly1_A	0.104	277	2.265E-01	32	0.106	3.017E-01	0.639	0.698	6aqy-assembly1_A Crystal structure of a gdp-l-fucose synthetase from Naegleria fowleri
TeuB_maduro_1-335	1w5o-assembly1_A	0.103	318	1.116E-01	32	0.106	2.132E-01	0.749	0.854	1w5o-assembly1_A Stepwise introduction of zinc binding site into porphobilinogen synthase of Pseudomonas aeruginosa (mutations A129C, D131C and D139C)
TeuB_maduro_1-335	6aqz-assembly2_C	0.087	285	1.183E-01	32	0.106	2.665E-01	0.660	0.716	6aqz-assembly2_C Crystal structure of a gdp-l-fucose synthetase from Naegleria fowleri bound to NADP
TeuB_maduro_1-335	3jva-assembly1_H	0.139	187	2.135E-01	32	0.106	2.409E-01	0.519	0.448	3jva-assembly1_H Crystal structure of Dipeptide Epimerase from Enterococcus faecalis V583
TeuB_maduro_1-335	3hgu-assembly1_A	0.134	223	7.373E-01	32	0.106	3.828E-01	0.552	0.560	3hgu-assembly1_A Structure of Phenazine Antibiotic Biosynthesis Protein
TeuB_maduro_1-335	3udu-assembly4_H-3	0.095	346	3.227E-01	32	0.106	2.702E-01	0.770	0.850	3udu-assembly4_H-3 Crystal structure of putative 3-isopropylmalate dehydrogenase from Campylobacter jejuni
TeuB_maduro_1-335	6xxy-assembly1_B	0.103	291	4.335E-01	32	0.106	2.981E-01	0.618	0.709	6xxy-assembly1_B Crystal structure of Haemophilus influenzae 3-isopropylmalate dehydrogenase in complex with O-isobutenyl oxalylhydroxamate.
TeuB_maduro_1-335	4mca-assembly1_B	0.120	150	1.254E+00	32	0.106	4.138E-01	0.367	0.377	4mca-assembly1_B Crystal Structure of Glycerol Dehydrogenase from Serratia to 1.9A
TeuB_maduro_1-335	6vhu-assembly2_B	0.124	314	4.335E-01	32	0.106	3.186E-01	0.773	0.667	6vhu-assembly2_B Klebsiella oxytoca NpsA N-terminal subdomain in space group P21
TeuB_maduro_1-335	7qlq-assembly1_BBB	0.069	115	2.865E+00	32	0.106	4.891E-01	0.272	0.279	7qlq-assembly1_BBB CRYSTAL STRUCTURE OF E.coli ALCOHOL DEHYDROGENASE - FucO MUTANT N151G, L259V COMPLEXED WITH FE, NAD, AND DIMETHOXYPHENYL ACETAMIDE
TeuB_maduro_1-335	7qni-assembly1_AAA	0.083	239	9.903E-01	32	0.106	4.026E-01	0.454	0.561	7qni-assembly1_AAA CRYSTAL STRUCTURE OF E.coli ALCOHOL DEHYDROGENASE - FucO MUTANT L259V
TeuB_maduro_1-335	4fdt-assembly1_A	0.073	191	4.598E-01	32	0.106	3.351E-01	0.534	0.357	4fdt-assembly1_A Crystal Structure of a Multiple Inositol Polyphosphate Phosphatase
TeuB_maduro_1-335	8io2-assembly1_F	0.108	277	2.868E-01	32	0.106	2.645E-01	0.630	0.610	8io2-assembly1_F The Rubisco assembly intermidate of Arabidopsis thaliana Rubisco accumulation factor 1 (AtRaf1) and Rubisco large subunit (RbcL)
TeuB_maduro_1-335	4m46-assembly1_A	0.073	272	6.176E-01	32	0.106	3.042E-01	0.654	0.553	4m46-assembly1_A Crystal structure of a green-emitter native of Lampyris turkestanicus luciferase
TeuB_maduro_1-335	1m0w-assembly1_B	0.103	106	1.182E+00	32	0.106	4.221E-01	0.260	0.188	1m0w-assembly1_B Yeast Glutathione Synthase Bound to gamma-glutamyl-cysteine, AMP-PNP and 2 Magnesium Ions
TeuB_maduro_1-335	7cx7-assembly1_F-2	0.112	346	2.704E-01	32	0.106	2.501E-01	0.773	0.641	7cx7-assembly1_F-2 Crystal structure of Arabinose isomerase from hybrid AI8
TeuB_maduro_1-335	3tr5-assembly1_D	0.071	167	9.903E-01	32	0.106	3.897E-01	0.388	0.289	3tr5-assembly1_D Structure of a peptide chain release factor 3 (prfC) from Coxiella burnetii
TeuB_maduro_1-335	6vhy-assembly1_A	0.111	269	5.489E-01	32	0.106	3.307E-01	0.704	0.431	6vhy-assembly1_A NpsA-ThdA, an artificially fused Adenylation-PCP di-domain NRPS from Klebsiella oxytoca
TeuB_maduro_1-335	6eq1-assembly2_A	0.194	36	3.848E+00	32	0.106	6.365E-01	0.107	0.052	6eq1-assembly2_A Structure of the periplasmic binding protein (PBP) MelB (Atu4661) in complex with stachyose from agrobacterium fabrum C58
TeuB_maduro_1-335	5bp4-assembly6_L	0.086	438	4.086E-01	32	0.106	3.072E-01	0.800	0.464	5bp4-assembly6_L Modifying region (DH-ER-KR) of a mycocerosic acid synthase-like (MAS-like) PKS
TeuB_maduro_1-335	6g2d-assembly1_D	0.139	115	1.330E+00	32	0.106	4.267E-01	0.263	0.052	6g2d-assembly1_D Citrate-induced acetyl-CoA carboxylase (ACC-Cit) filament at 5.4 A resolution
TeuB_maduro_1-335	1ihc-assembly1_A	0.096	93	2.546E+00	31	0.098	4.876E-01	0.230	0.515	1ihc-assembly1_A X-ray Structure of Gephyrin N-terminal Domain
TeuB_maduro_1-335	5bvl-assembly1_A	0.109	182	7.821E-01	31	0.098	3.272E-01	0.475	0.889	5bvl-assembly1_A Crystal structure of a de novo designed TIM-barrel
TeuB_maduro_1-335	3kts-assembly7_G	0.130	192	4.598E-01	31	0.098	2.797E-01	0.501	0.870	3kts-assembly7_G CRYSTAL STRUCTURE OF GLYCEROL UPTAKE OPERON ANTITERMINATOR REGULATORY PROTEIN FROM LISTERIA MONOCYTOGENES STR. 4b F2365
TeuB_maduro_1-335	5wfg-assembly2_F	0.154	175	1.330E+00	31	0.098	3.852E-01	0.472	0.822	5wfg-assembly2_F Crystal structure of the TarA wall teichoic acid glycosyltransferase bound to UDP
TeuB_maduro_1-335	5wfg-assembly1_B	0.177	175	1.254E+00	31	0.098	3.740E-01	0.472	0.819	5wfg-assembly1_B Crystal structure of the TarA wall teichoic acid glycosyltransferase bound to UDP
TeuB_maduro_1-335	4raq-assembly1_B	0.090	133	2.262E+00	31	0.098	4.370E-01	0.325	0.555	4raq-assembly1_B Aza-acyclic nucleoside phosphonates containing a second phosphonate group as inhibitors of the human, Plasmodium falciparum and vivax 6-oxopurine phosphoribosyltransferases and their pro-drugs as antimalarial agents
TeuB_maduro_1-335	7mj2-assembly3_E	0.096	186	2.262E+00	31	0.098	4.630E-01	0.519	0.672	7mj2-assembly3_E LarB, a carboxylase/hydrolase involved in synthesis of the cofactor for lactate racemase, in complex with Zn
TeuB_maduro_1-335	4rao-assembly1_C	0.104	124	3.039E+00	31	0.098	4.773E-01	0.331	0.547	4rao-assembly1_C Aza-acyclic nucleoside phosphonates containing a second phosphonate group as inhibitors of the human, Plasmodium falciparum and vivax 6-oxopurine phosphoribosyltransferases and their pro-drugs as antimalarial agents
TeuB_maduro_1-335	1n0w-assembly1_A	0.099	131	2.400E+00	31	0.098	4.887E-01	0.313	0.548	1n0w-assembly1_A Crystal structure of a RAD51-BRCA2 BRC repeat complex
TeuB_maduro_1-335	3ggc-assembly1_A-2	0.083	132	2.546E+00	31	0.098	4.856E-01	0.325	0.580	3ggc-assembly1_A-2 Human hypoxanthine-guanine phosphoribosyltransferase in complex with 9-(2-phosphonoethoxyethyl)hypoxanthine
TeuB_maduro_1-335	3ng3-assembly1_A	0.128	257	1.052E-01	31	0.098	2.046E-01	0.636	0.904	3ng3-assembly1_A Crystal structure of deoxyribose phosphate aldolase from mycobacterium avium 104 in a schiff base with an unknown aldehyde
TeuB_maduro_1-335	7pkq-assembly1_b	0.143	132	3.419E+00	31	0.098	5.017E-01	0.307	0.498	7pkq-assembly1_b Small subunit of the Chlamydomonas reinhardtii mitoribosome
TeuB_maduro_1-335	3sj7-assembly1_B-2	0.116	171	2.262E+00	31	0.098	4.294E-01	0.439	0.613	3sj7-assembly1_B-2 Structure of beta-ketoacetyl-CoA reductase (FabG) from Staphylococcus aureus complex with NADPH
TeuB_maduro_1-335	5c6m-assembly2_C	0.113	238	4.598E-01	31	0.098	2.549E-01	0.639	0.805	5c6m-assembly2_C Crystal structure of deoxyribose-phosphate aldolase from Shewanella halifaxensis
TeuB_maduro_1-335	3imf-assembly1_B	0.101	277	2.013E-01	31	0.098	2.602E-01	0.633	0.920	3imf-assembly1_B 1.99 Angstrom resolution crystal structure of a short chain dehydrogenase from Bacillus anthracis str. 'Ames Ancestor'
TeuB_maduro_1-335	4yqy-assembly1_A-2	0.109	182	1.254E+00	31	0.098	3.780E-01	0.415	0.681	4yqy-assembly1_A-2 Crystal Structure of a putative Dehydrogenase from Sulfitobacter sp. (COG1028) (TARGET EFI-513936) in its APO form
TeuB_maduro_1-335	2ztv-assembly1_C	0.095	200	1.254E+00	31	0.098	3.935E-01	0.469	0.678	2ztv-assembly1_C The binary complex of D-3-hydroxybutyrate dehydrogenase with NAD+
TeuB_maduro_1-335	3sx2-assembly1_C	0.112	302	3.227E-01	31	0.098	2.778E-01	0.654	0.965	3sx2-assembly1_C Crystal structure of a putative 3-ketoacyl-(acyl-carrier-protein) reductase from Mycobacterium paratuberculosis in complex with NAD
TeuB_maduro_1-335	5jy1-assembly1_D	0.108	249	3.632E-01	31	0.098	2.947E-01	0.487	0.895	5jy1-assembly1_D Crystal Structure of putative short-chain dehydrogenase/reductase from Burkholderia xenovorans LB400 bound to NAD
TeuB_maduro_1-335	3sx2-assembly2_G	0.105	294	3.042E-01	31	0.098	2.841E-01	0.645	0.948	3sx2-assembly2_G Crystal structure of a putative 3-ketoacyl-(acyl-carrier-protein) reductase from Mycobacterium paratuberculosis in complex with NAD
TeuB_maduro_1-335	5kzj-assembly2_B	0.118	329	3.227E-01	31	0.098	2.784E-01	0.776	0.993	5kzj-assembly2_B Loop Deletion mutant of Paracoccus denitrificans AztC
TeuB_maduro_1-335	1w54-assembly1_B	0.107	317	1.413E-01	31	0.098	1.988E-01	0.770	0.794	1w54-assembly1_B Stepwise introduction of a zinc binding site into Porphobilinogen synthase from Pseudomonas aeruginosa (mutation D139C)
TeuB_maduro_1-335	1idm-assembly1_A-2	0.081	342	2.403E-01	31	0.098	2.322E-01	0.797	0.787	1idm-assembly1_A-2 3-ISOPROPYLMALATE DEHYDROGENASE, LOOP-DELETED CHIMERA
TeuB_maduro_1-335	1gc8-assembly1_B	0.096	354	8.811E-02	31	0.098	1.977E-01	0.854	0.829	1gc8-assembly1_B THE CRYSTAL STRUCTURE OF THERMUS THERMOPHILUS 3-ISOPROPYLMALATE DEHYDROGENASE MUTATED AT 172TH FROM ALA TO PHE
TeuB_maduro_1-335	1sg6-assembly1_A	0.157	140	2.700E+00	31	0.098	4.764E-01	0.361	0.345	1sg6-assembly1_A Crystal structure of Aspergillus nidulans 3-dehydroquinate synthase (AnDHQS) in complex with Zn2+ and NAD+, at 1.7D
TeuB_maduro_1-335	8hdr-assembly1_M	0.075	160	1.684E+00	31	0.098	4.868E-01	0.316	0.401	8hdr-assembly1_M Cyanophage Pam3 neck
TeuB_maduro_1-335	7w9y-assembly1_B	0.129	162	2.546E+00	31	0.098	4.749E-01	0.412	0.374	7w9y-assembly1_B Crystal structure of Bacillus subtilis YugJ in complex with NADP and nickel
TeuB_maduro_1-335	7w9x-assembly1_A	0.117	162	3.223E+00	31	0.098	4.966E-01	0.412	0.372	7w9x-assembly1_A Crystal structure of Bacillus subtilis YugJ in complex with nickel
TeuB_maduro_1-335	2f2s-assembly2_A-2	0.146	89	1.895E+00	31	0.098	4.630E-01	0.242	0.216	2f2s-assembly2_A-2 Human mitochondrial acetoacetyl-CoA thiolase
TeuB_maduro_1-335	4pb3-assembly1_B	0.130	238	2.868E-01	31	0.098	2.488E-01	0.627	0.522	4pb3-assembly1_B D-threo-3-hydroxyaspartate dehydratase H351A mutant
TeuB_maduro_1-335	6vhx-assembly3_B	0.125	264	5.823E-01	31	0.098	3.129E-01	0.710	0.589	6vhx-assembly3_B Klebsiella oxytoca NpsA N-terminal subdomain in complex with 3-hydroxyanthranilyl-AMSN
TeuB_maduro_1-335	2w42-assembly1_A	0.129	310	4.598E-01	31	0.098	2.816E-01	0.746	0.653	2w42-assembly1_A THE STRUCTURE OF A PIWI PROTEIN FROM ARCHAEOGLOBUS FULGIDUS COMPLEXED WITH A 16NT DNA DUPLEX.
TeuB_maduro_1-335	7df1-assembly2_B-2	0.099	282	3.423E-01	31	0.098	2.558E-01	0.660	0.548	7df1-assembly2_B-2 Crystal structure of human CD98 heavy chain extracellular domain in complex with S1-F4 scFv
TeuB_maduro_1-335	2iik-assembly1_B	0.093	86	2.133E+00	31	0.098	4.443E-01	0.242	0.207	2iik-assembly1_B Crystal Structure of human peroxisomal acetyl-CoA acyl transferase 1 (ACAA1)
TeuB_maduro_1-335	7e3n-assembly1_A-2	0.095	387	2.135E-01	31	0.098	2.473E-01	0.851	0.791	7e3n-assembly1_A-2 Crystal structure of Isocitrate dehydrogenase D252N mutant from Trypanosoma brucei in complexed with NADP+, alpha-ketoglutarate, and ca2+
TeuB_maduro_1-335	6xup-assembly1_B	0.113	300	6.176E-01	31	0.098	2.950E-01	0.713	0.623	6xup-assembly1_B Archaeoglobus fulgidus Argonaute protein with DNA oligoduplex 5'-pATCGTGGCCACGAT
TeuB_maduro_1-335	4pg7-assembly1_A	0.125	104	5.168E+00	31	0.098	5.894E-01	0.269	0.246	4pg7-assembly1_A Crystal structure of S. aureus Homoserine Dehydrogenase at pH7.5
TeuB_maduro_1-335	5oeu-assembly1_C	0.129	247	6.950E-01	31	0.098	3.238E-01	0.585	0.517	5oeu-assembly1_C The structure of a glutathione synthetase like-effector (GSS22) from Globodera pallida in ADP-bound closed conformation.
TeuB_maduro_1-335	5h80-assembly1_A	0.136	161	9.903E-01	31	0.098	3.744E-01	0.406	0.307	5h80-assembly1_A Biotin Carboxylase domain of single-chain bacterial carboxylase
TeuB_maduro_1-335	4zc0-assembly1_B	0.116	309	4.086E-01	31	0.098	2.976E-01	0.719	0.650	4zc0-assembly1_B Structure of a dodecameric bacterial helicase
TeuB_maduro_1-335	2bis-assembly1_A	0.133	307	5.174E-01	31	0.098	2.954E-01	0.624	0.659	2bis-assembly1_A Structure of glycogen synthase from Pyrococcus abyssi
TeuB_maduro_1-335	8iol-assembly1_A	0.107	289	3.042E-01	31	0.098	2.663E-01	0.630	0.603	8iol-assembly1_A The complex of Rubisco large subunit (RbcL)
TeuB_maduro_1-335	6kyj-assembly2_G-2	0.105	342	1.499E-01	31	0.098	2.223E-01	0.767	0.655	6kyj-assembly2_G-2 Hybrid-Rubisco (rice RbcL and sorghum RbcS) in complex with sulfate ions
TeuB_maduro_1-335	2nx9-assembly1_A	0.100	288	1.590E-01	31	0.098	2.111E-01	0.761	0.481	2nx9-assembly1_A Crystal structure of the carboxyltransferase domain of the oxaloacetate decarboxylase Na+ pump from Vibrio cholerae
TeuB_maduro_1-335	5oeu-assembly1_A	0.113	247	8.296E-01	31	0.098	3.399E-01	0.585	0.465	5oeu-assembly1_A The structure of a glutathione synthetase like-effector (GSS22) from Globodera pallida in ADP-bound closed conformation.
TeuB_maduro_1-335	7v3x-assembly1_F	0.086	403	9.903E-01	31	0.098	3.338E-01	0.713	0.833	7v3x-assembly1_F Crystal Structure of Cyanobacterial Circadian Clock Protein KaiC
TeuB_maduro_1-335	7dxq-assembly1_B	0.091	424	4.598E-01	31	0.098	2.870E-01	0.740	0.868	7dxq-assembly1_B Crystal Structure of Cyanobacterial Circadian Clock Protein KaiC
TeuB_maduro_1-335	5jxw-assembly1_C	0.124	385	2.549E-01	31	0.098	2.745E-01	0.896	0.700	5jxw-assembly1_C 2.25 Angstrom Crystal Structure of S-adenosylhomocysteinase from Cryptosporidium parvum in Complex with Neplanocin-A and NAD
TeuB_maduro_1-335	5jpi-assembly1_C	0.118	398	2.868E-01	31	0.098	2.759E-01	0.896	0.705	5jpi-assembly1_C 2.15 Angstrom Crystal Structure of S-adenosylhomocysteinase from Cryptosporidium parvum in Complex with D-Eritadenine and NAD
TeuB_maduro_1-335	7ch3-assembly2_E	0.110	308	7.373E-01	31	0.098	3.096E-01	0.618	0.586	7ch3-assembly2_E Crystal structure of Arabinose isomerase from hyper thermophilic bacterium Thermotoga maritima (TMAI) triple mutant (K264A, E265A, K266A)
TeuB_maduro_1-335	8cpl-assembly1_C	0.129	209	1.050E+00	31	0.098	3.536E-01	0.445	0.401	8cpl-assembly1_C YZw2 a scaffold for cryo-EM of small proteins of interest
TeuB_maduro_1-335	2req-assembly2_C	0.110	262	5.489E-01	31	0.098	3.113E-01	0.722	0.290	2req-assembly2_C METHYLMALONYL-COA MUTASE, NON-PRODUCTIVE COA COMPLEX, IN OPEN CONFORMATION REPRESENTING SUBSTRATE-FREE STATE
TeuB_maduro_1-335	5bp4-assembly4_H	0.094	453	4.335E-01	31	0.098	2.997E-01	0.836	0.392	5bp4-assembly4_H Modifying region (DH-ER-KR) of a mycocerosic acid synthase-like (MAS-like) PKS
TeuB_maduro_1-335	8byr-assembly1_F	0.134	171	1.787E+00	30	0.090	3.944E-01	0.391	0.974	8byr-assembly1_F Crystal structure of MoaB2 protein from Mycobacterium smegmatis
TeuB_maduro_1-335	1kz6-assembly1_E	0.150	179	4.082E+00	30	0.090	4.923E-01	0.493	0.980	1kz6-assembly1_E Mutant enzyme W63Y/L119F Lumazine Synthase from S.pombe
TeuB_maduro_1-335	4lhb-assembly1_C	0.111	134	4.330E+00	30	0.090	5.155E-01	0.370	0.650	4lhb-assembly1_C Crystal structure of tungsten cofactor synthesizing protein MoaB from Pyrococcus furiosus
TeuB_maduro_1-335	2ate-assembly1_A	0.084	213	2.262E+00	30	0.090	4.244E-01	0.621	0.914	2ate-assembly1_A Structure of the complex of PurE with NitroAIR
TeuB_maduro_1-335	3kuu-assembly1_A	0.103	222	2.262E+00	30	0.090	4.203E-01	0.642	0.923	3kuu-assembly1_A Structure of the PurE Phosphoribosylaminoimidazole Carboxylase Catalytic Subunit from Yersinia pestis
TeuB_maduro_1-335	7smj-assembly1_A	0.112	223	2.549E-01	30	0.090	2.310E-01	0.645	0.983	7smj-assembly1_A F2N structure, protein design with deep learning
TeuB_maduro_1-335	6yqy-assembly1_A	0.108	203	7.373E-01	30	0.090	3.034E-01	0.522	0.994	6yqy-assembly1_A Crystal structure of sTIM11noCys, a de novo designed TIM barrel
TeuB_maduro_1-335	3r6w-assembly1_B-2	0.083	228	4.598E-01	30	0.090	2.980E-01	0.484	0.904	3r6w-assembly1_B-2 paAzoR1 binding to nitrofurazone
TeuB_maduro_1-335	8stc-assembly2_D	0.117	196	1.787E+00	30	0.090	4.207E-01	0.555	0.667	8stc-assembly2_D S127A variant of LarB, a carboxylase/hydrolase involved in synthesis of the cofactor for lactate racemase, in complex with Zinc and soaked with bicarbonate.
TeuB_maduro_1-335	6eri-assembly1_BB	0.099	151	2.262E+00	30	0.090	4.513E-01	0.313	0.656	6eri-assembly1_BB Structure of the chloroplast ribosome with chl-RRF and hibernation-promoting factor
TeuB_maduro_1-335	1ub3-assembly1_A	0.136	234	2.868E-01	30	0.090	2.374E-01	0.606	0.848	1ub3-assembly1_A Crystal Structure of Tetrameric Structure of Aldolase from thermus thermophilus HB8
TeuB_maduro_1-335	3gep-assembly1_A-2	0.099	131	3.223E+00	30	0.090	4.882E-01	0.325	0.575	3gep-assembly1_A-2 Human hypoxanthine guanine phosphoribosyltranserfase in complex with (S)-9-(3-hydroxy-2-phosphonylmethoxypropyl)guanine
TeuB_maduro_1-335	1d6n-assembly1_A	0.175	57	3.039E+00	30	0.090	5.131E-01	0.164	0.266	1d6n-assembly1_A TERNARY COMPLEX STRUCTURE OF HUMAN HGPRTASE, PRPP, MG2+, AND THE INHIBITOR HPP REVEALS THE INVOLVEMENT OF THE FLEXIBLE LOOP IN SUBSTRATE BINDING
TeuB_maduro_1-335	3lhz-assembly1_B	0.103	232	7.821E-01	30	0.090	2.998E-01	0.639	0.696	3lhz-assembly1_B Crystal structure of the mutant V201A of orotidine 5'-monophosphate decarboxylase from Methanobacterium thermoautotrophicum complexed with inhibitor BMP
TeuB_maduro_1-335	3qmr-assembly1_B	0.152	229	6.176E-01	30	0.090	2.618E-01	0.630	0.931	3qmr-assembly1_B Crystal structure of the mutant R160A,V182A of orotidine 5'-monophosphate decarboxylase from Methanobacterium thermoautotrophicum complexed with the inhibitor BMP
TeuB_maduro_1-335	8wx8-assembly2_B	0.120	265	6.176E-01	30	0.090	2.537E-01	0.749	0.991	8wx8-assembly2_B De novo design protein -T09
TeuB_maduro_1-335	3cvj-assembly2_D	0.129	116	3.223E+00	30	0.090	4.987E-01	0.275	0.413	3cvj-assembly2_D Crystal structure of a putative phosphoheptose isomerase (bh3325) from bacillus halodurans c-125 at 2.00 A resolution
TeuB_maduro_1-335	2ztu-assembly1_C	0.095	199	1.497E+00	30	0.090	3.862E-01	0.469	0.715	2ztu-assembly1_C T190A mutant of D-3-hydroxybutyrate dehydrogenase complexed with NAD+
TeuB_maduro_1-335	6vap-assembly2_B	0.097	235	6.950E-01	30	0.090	3.133E-01	0.522	0.873	6vap-assembly2_B Structure of the type II thioesterase BorB from the borrelidin biosynthetic cluster
TeuB_maduro_1-335	3npv-assembly1_B	0.084	248	4.878E-01	30	0.090	2.475E-01	0.639	0.817	3npv-assembly1_B Optimization of the in silico designed Kemp eliminase KE70 by computational design and directed evolution
TeuB_maduro_1-335	3osu-assembly1_A	0.091	185	2.700E+00	30	0.090	4.314E-01	0.463	0.650	3osu-assembly1_A Crystal structure of the 3-oxoacyl-acyl carrier protein reductase, FabG, from Staphylococcus aureus
TeuB_maduro_1-335	6dwe-assembly1_A	0.134	312	2.013E-01	30	0.090	2.034E-01	0.785	0.960	6dwe-assembly1_A Crystal structure of tryptophan synthase from M. tuberculosis - aminoacrylate- and BRD0059-bound form
TeuB_maduro_1-335	3sx2-assembly2_E	0.110	298	4.335E-01	30	0.090	2.769E-01	0.654	0.965	3sx2-assembly2_E Crystal structure of a putative 3-ketoacyl-(acyl-carrier-protein) reductase from Mycobacterium paratuberculosis in complex with NAD
TeuB_maduro_1-335	3csd-assembly1_B	0.108	285	2.549E-01	30	0.090	2.567E-01	0.651	0.930	3csd-assembly1_B Actinorhodin Polyketide Ketoreductase Mutant P94L bound to NADPH and the Inhibitor Emodin
TeuB_maduro_1-335	6jh7-assembly1_A-2	0.086	220	4.335E-01	30	0.090	2.959E-01	0.576	0.610	6jh7-assembly1_A-2 Crystal structure of AerF from Microcystis aeruginosa
TeuB_maduro_1-335	3gdf-assembly1_B	0.093	235	4.086E-01	30	0.090	2.785E-01	0.588	0.655	3gdf-assembly1_B Crystal structure of the NADP-dependent mannitol dehydrogenase from Cladosporium herbarum.
TeuB_maduro_1-335	1zrq-assembly1_A	0.099	302	9.914E-02	30	0.090	1.843E-01	0.800	0.865	1zrq-assembly1_A Escherichia coli Methylenetetrahydrofolate Reductase (reduced) complexed with NADH, pH 6.0
TeuB_maduro_1-335	1a4i-assembly1_A	0.091	219	9.903E-01	30	0.090	3.262E-01	0.567	0.625	1a4i-assembly1_A HUMAN TETRAHYDROFOLATE DEHYDROGENASE / CYCLOHYDROLASE
TeuB_maduro_1-335	4yra-assembly4_F	0.087	319	1.330E+00	30	0.090	3.871E-01	0.836	0.798	4yra-assembly4_F mouse TDH in the apo form
TeuB_maduro_1-335	7btm-assembly4_F	0.097	154	1.787E+00	30	0.090	4.273E-01	0.373	0.498	7btm-assembly4_F SDR protein/resistance protein NapW
TeuB_maduro_1-335	2ffc-assembly1_A-2	0.098	335	1.255E-01	30	0.090	1.881E-01	0.767	0.937	2ffc-assembly1_A-2 Crystal Structure of Plasmodium Vivax Orotidine-Monophosphate-Decarboxyl UMP Bound
TeuB_maduro_1-335	8hwn-assembly1_B	0.122	196	2.704E-01	30	0.090	2.270E-01	0.537	0.567	8hwn-assembly1_B aldo-keto reductase DepB
TeuB_maduro_1-335	1w5m-assembly1_A	0.103	299	2.403E-01	30	0.090	2.258E-01	0.696	0.809	1w5m-assembly1_A Stepwise introduction of zinc binding site into porphobilinogen synthase of Pseudomonas aeruginosa (mutations A129C and D139C)
TeuB_maduro_1-335	6om1-assembly1_B	0.038	232	1.684E+00	30	0.090	4.379E-01	0.397	0.655	6om1-assembly1_B Crystal structure of an atypical integrin
TeuB_maduro_1-335	2yyy-assembly1_B	0.108	333	5.823E-01	30	0.090	3.059E-01	0.707	0.839	2yyy-assembly1_B Crystal structure of Glyceraldehyde-3-phosphate dehydrogenase
TeuB_maduro_1-335	4v8q-assembly1_BZ	0.157	222	4.086E-01	30	0.090	3.058E-01	0.615	0.454	4v8q-assembly1_BZ Complex of SmpB, a tmRNA fragment and EF-Tu-GDP-Kirromycin with the 70S ribosome
TeuB_maduro_1-335	7qnf-assembly1_AAA	0.082	157	3.848E+00	30	0.090	5.063E-01	0.394	0.368	7qnf-assembly1_AAA CRYSTAL STRUCTURE OF E.coli ALCOHOL DEHYDROGENASE - FucO MUTANT N151G, L259V COMPLEXED WITH FE, NAD+, AND ETHYLENE GLYCOL
TeuB_maduro_1-335	5bof-assembly1_B	0.160	143	9.903E-01	30	0.090	3.275E-01	0.415	0.280	5bof-assembly1_B Crystal Structure of Staphylococcus aureus Enolase
TeuB_maduro_1-335	7qsx-assembly1_C	0.075	317	3.227E-01	30	0.090	2.426E-01	0.633	0.638	7qsx-assembly1_C Non-obligately L8S8-complex forming RubisCO derived from ancestral sequence reconstruction and rational engineering in L8 complex
TeuB_maduro_1-335	7zz5-assembly1_A	0.127	149	1.330E+00	30	0.090	3.703E-01	0.379	0.280	7zz5-assembly1_A Cryo-EM structure of "BC open" conformation of Lactococcus lactis pyruvate carboxylase with acetyl-CoA
TeuB_maduro_1-335	7dy2-assembly2_I	0.101	445	1.413E-01	30	0.090	2.039E-01	0.866	0.848	7dy2-assembly2_I Crystal Structure of Cyanobacterial Circadian Clock Protein KaiC
TeuB_maduro_1-335	5d2e-assembly1_A	0.076	472	4.086E-01	30	0.090	2.708E-01	0.875	0.913	5d2e-assembly1_A crystal structure of an N-terminal ketoreductase from macrolactin assembly line
TeuB_maduro_1-335	7og0-assembly2_B	0.125	175	2.265E-01	30	0.090	2.662E-01	0.457	0.301	7og0-assembly2_B Nontypeable Haemophillus influenzae SapA in open and closed conformations, in complex with double stranded RNA
TeuB_maduro_1-335	7vgf-assembly1_B	0.116	120	1.787E+00	30	0.090	4.228E-01	0.275	0.215	7vgf-assembly1_B cryo-EM structure of AMP-PNP bound human ABCB7
TeuB_maduro_1-335	8uy2-assembly1_A	0.136	308	1.499E-01	30	0.090	2.101E-01	0.794	0.469	8uy2-assembly1_A Methylenetetrahydrofolate reductase from Chaetomium thermophilum DSM 1495, AdoMet-bound, Inhibited (T) State
TeuB_maduro_1-335	4j07-assembly1_B	0.145	172	5.168E+00	29	0.082	5.225E-01	0.472	0.919	4j07-assembly1_B Crystal structure of a PROBABLE RIBOFLAVIN SYNTHASE, BETA CHAIN RIBH (6,7-dimethyl-8-ribityllumazine synthase, DMRL synthase, Lumazine synthase) from Mycobacterium leprae
TeuB_maduro_1-335	6p6f-assembly1_B	0.070	170	6.544E+00	29	0.082	5.336E-01	0.457	0.887	6p6f-assembly1_B BG505 SOSIP-I53-50NP
TeuB_maduro_1-335	5m31-assembly1_A	0.124	137	2.262E+00	29	0.082	4.443E-01	0.281	0.907	5m31-assembly1_A Macrodomain of Thermus aquaticus DarG
TeuB_maduro_1-335	1kz9-assembly1_E	0.160	106	7.364E+00	29	0.082	6.088E-01	0.266	0.651	1kz9-assembly1_E Mutant Enzyme L119F Lumazine Synthase from S.pombe
TeuB_maduro_1-335	2ywx-assembly1_A	0.090	210	3.223E+00	29	0.082	4.648E-01	0.621	0.911	2ywx-assembly1_A Crystal structure of phosphoribosylaminoimidazole carboxylase catalytic subunit from Methanocaldococcus jannaschii
TeuB_maduro_1-335	1xmp-assembly1_G	0.088	215	3.627E+00	29	0.082	4.513E-01	0.621	0.884	1xmp-assembly1_G Crystal Structure of PurE (BA0288) from Bacillus anthracis at 1.8 Resolution
TeuB_maduro_1-335	7ot7-assembly1_A	0.084	189	1.330E+00	29	0.082	3.240E-01	0.484	0.896	7ot7-assembly1_A sTIM11noCys-SB, a de novo designed TIM barrel with a salt-bridge cluster (crystal form 2)
TeuB_maduro_1-335	4rad-assembly1_A	0.091	120	5.482E+00	29	0.082	5.272E-01	0.331	0.553	4rad-assembly1_A Aza-acyclic nucleoside phosphonates containing a second phosphonate group as inhibitors of the human, Plasmodium falciparum and vivax 6-oxopurine phosphoribosyltransferases and their pro-drugs as antimalarial agents
TeuB_maduro_1-335	4rao-assembly1_B	0.091	131	3.627E+00	29	0.082	4.392E-01	0.325	0.561	4rao-assembly1_B Aza-acyclic nucleoside phosphonates containing a second phosphonate group as inhibitors of the human, Plasmodium falciparum and vivax 6-oxopurine phosphoribosyltransferases and their pro-drugs as antimalarial agents
TeuB_maduro_1-335	8b2l-assembly1_Z1	0.112	116	4.082E+00	29	0.082	5.272E-01	0.331	0.480	8b2l-assembly1_Z1 Cryo-EM structure of the plant 80S ribosome
TeuB_maduro_1-335	8ruw-assembly3_E	0.121	205	4.878E-01	29	0.082	2.559E-01	0.522	0.787	8ruw-assembly3_E Crystal structure of Archaeoglobus fulgidus (S)-3-O-geranylgeranylglyceryl phosphate synthase
TeuB_maduro_1-335	4yqy-assembly1_B-2	0.088	180	2.700E+00	29	0.082	4.290E-01	0.454	0.674	4yqy-assembly1_B-2 Crystal Structure of a putative Dehydrogenase from Sulfitobacter sp. (COG1028) (TARGET EFI-513936) in its APO form
TeuB_maduro_1-335	5vt6-assembly1_C	0.091	241	4.878E-01	29	0.082	2.757E-01	0.484	0.971	5vt6-assembly1_C Crystal structure of Acetoacetyl-CoA Reductase from Burkholderia pseudomallei 1710b complexed with NADP
TeuB_maduro_1-335	6nry-assembly1_A	0.077	154	2.700E+00	29	0.082	4.452E-01	0.352	0.543	6nry-assembly1_A Crystal structure of human caspase-4
TeuB_maduro_1-335	2ztm-assembly1_D	0.092	250	6.552E-01	29	0.082	2.999E-01	0.484	0.951	2ztm-assembly1_D T190S mutant of D-3-hydroxybutyrate dehydrogenase
TeuB_maduro_1-335	6e9p-assembly2_C	0.141	289	3.852E-01	29	0.082	2.166E-01	0.770	0.900	6e9p-assembly2_C Crystal structure of tryptophan synthase from M. tuberculosis - open form with BRD0059 bound
TeuB_maduro_1-335	6zzs-assembly2_F-2	0.125	296	3.042E-01	29	0.082	2.611E-01	0.764	0.917	6zzs-assembly2_F-2 Crystal structure of (R)-3-hydroxybutyrate dehydrogenase from Acinetobacter baumannii complexed with NAD+ and 3-oxovalerate
TeuB_maduro_1-335	8w0o-assembly1_G	0.106	187	2.546E+00	29	0.082	4.395E-01	0.463	0.629	8w0o-assembly1_G GDH-105 crystal structure
TeuB_maduro_1-335	1h5q-assembly2_F	0.105	189	1.787E+00	29	0.082	3.602E-01	0.481	0.542	1h5q-assembly2_F Mannitol dehydrogenase from Agaricus bisporus
TeuB_maduro_1-335	2xj4-assembly1_A	0.088	225	1.413E-01	29	0.082	2.194E-01	0.490	0.689	2xj4-assembly1_A Structure of the bacterial cell division regulator protein MipZ
TeuB_maduro_1-335	5d0n-assembly1_A	0.093	352	3.042E-01	29	0.082	2.512E-01	0.916	0.985	5d0n-assembly1_A Crystal structure of maize PDRP bound with AMP
TeuB_maduro_1-335	3rph-assembly1_A	0.104	153	1.684E+00	29	0.082	4.089E-01	0.379	0.484	3rph-assembly1_A Crystal Structure of ADP/ATP-dependent NAD(P)H-hydrate dehydratase from Bacillus subtilis co-crystallized with ATP/Mg2+.
TeuB_maduro_1-335	7ucw-assembly1_A	0.078	279	9.335E-01	29	0.082	3.248E-01	0.555	0.960	7ucw-assembly1_A Structure of mouse Decr1 in complex with 2'-5' oligoadenylate
TeuB_maduro_1-335	4a5o-assembly2_C	0.112	301	5.823E-01	29	0.082	2.757E-01	0.770	0.873	4a5o-assembly2_C Crystal structure of Pseudomonas aeruginosa N5, N10- methylenetetrahydrofolate dehydrogenase-cyclohydrolase (FolD)
TeuB_maduro_1-335	7ehv-assembly1_B	0.134	216	6.950E-01	29	0.082	2.932E-01	0.570	0.630	7ehv-assembly1_B Human MTHFD2 in complex with compound 21 and 3
TeuB_maduro_1-335	9isr-assembly2_D	0.144	104	2.400E+00	29	0.082	4.156E-01	0.269	0.337	9isr-assembly2_D Human MTHFD1 in complex with compound 16g
TeuB_maduro_1-335	3rk8-assembly1_B	0.089	303	1.413E-01	29	0.082	1.938E-01	0.764	0.766	3rk8-assembly1_B Crystal structure of the chloride inhibited dihydrodipicolinate synthase from Acinetobacter baumannii complexed with pyruvate at 1.8 A resolution
TeuB_maduro_1-335	3n6q-assembly3_H-2	0.135	311	1.116E-01	29	0.082	1.995E-01	0.812	0.791	3n6q-assembly3_H-2 Crystal structure of YghZ from E. coli
TeuB_maduro_1-335	4iql-assembly1_B	0.128	132	2.546E+00	29	0.082	4.394E-01	0.313	0.399	4iql-assembly1_B Crystal Structure of Porphyromonas gingivalis Enoyl-ACP Reductase II (FabK) with cofactors NADPH and FMN
TeuB_maduro_1-335	3dev-assembly1_B	0.075	120	1.787E+00	29	0.082	4.647E-01	0.319	0.285	3dev-assembly1_B Crystal structure of SH1221 protein from Staphylococcus haemolyticus, Northeast Structural Genomics Consortium Target ShR87
TeuB_maduro_1-335	1w5o-assembly1_B	0.112	321	2.135E-01	29	0.082	2.020E-01	0.770	0.798	1w5o-assembly1_B Stepwise introduction of zinc binding site into porphobilinogen synthase of Pseudomonas aeruginosa (mutations A129C, D131C and D139C)
TeuB_maduro_1-335	7eqi-assembly4_H	0.136	73	2.546E+00	29	0.082	4.453E-01	0.206	0.205	7eqi-assembly4_H ChlB3 [Aceyltransferase]
TeuB_maduro_1-335	2puw-assembly1_A-2	0.088	327	7.821E-01	29	0.082	2.802E-01	0.767	0.826	2puw-assembly1_A-2 The crystal structure of isomerase domain of glucosamine-6-phosphate synthase from Candida albicans
TeuB_maduro_1-335	6ii7-assembly1_A	0.152	236	1.499E-01	29	0.082	2.134E-01	0.657	0.538	6ii7-assembly1_A Crystal structure of Plasmodium falciparum adenosine deaminase C27Q+L227I mutant co-complexed with Zn ion, hypoxanthine and inosine
TeuB_maduro_1-335	3vkz-assembly1_A	0.081	381	1.686E-01	29	0.082	2.046E-01	0.857	0.808	3vkz-assembly1_A 3-isopropylmalate dehydrogenase from Shewanella oneidensis MR-1 at atmospheric pressure
TeuB_maduro_1-335	6vht-assembly1_A	0.115	277	7.821E-01	29	0.082	3.071E-01	0.704	0.609	6vht-assembly1_A Klebsiella oxytoca NpsA N-terminal subdomain in space group C2
TeuB_maduro_1-335	5br4-assembly1_B	0.080	136	7.364E+00	29	0.082	5.779E-01	0.346	0.333	5br4-assembly1_B E. coli lactaldehyde reductase (FucO) M185C mutant
TeuB_maduro_1-335	7qnj-assembly1_BBB	0.084	154	5.168E+00	29	0.082	5.318E-01	0.394	0.367	7qnj-assembly1_BBB CRYSTAL STRUCTURE OF E.coli ALCOHOL DEHYDROGENASE - FucO MUTANT F254I COMPLEXED WITH FE, NAD+, AND GLYCEROL
TeuB_maduro_1-335	6tvp-assembly1_B	0.073	367	8.800E-01	29	0.082	3.174E-01	0.764	0.895	6tvp-assembly1_B Structure of Mycobacterium smegmatis alpha-maltose-1-phosphate synthase GlgM
TeuB_maduro_1-335	1oj7-assembly1_D	0.099	161	3.039E+00	29	0.082	4.638E-01	0.415	0.372	1oj7-assembly1_D STRUCTURAL GENOMICS, UNKNOWN FUNCTION CRYSTAL STRUCTURE OF E. COLI K-12 YQHD
TeuB_maduro_1-335	6bn2-assembly1_A-2	0.147	88	2.700E+00	29	0.082	4.711E-01	0.239	0.211	6bn2-assembly1_A-2 Crystal structure of Acetyl-CoA acetyltransferase from Elizabethkingia anophelis NUHP1
TeuB_maduro_1-335	4yxv-assembly1_A	0.127	86	2.546E+00	29	0.082	4.437E-01	0.230	0.206	4yxv-assembly1_A PksG, a HMG-CoA Synthase from Bacillus subtilus
TeuB_maduro_1-335	5oet-assembly1_A	0.131	145	1.588E+00	29	0.082	3.852E-01	0.379	0.290	5oet-assembly1_A The structure of a glutathione synthetase like-effector (GSS30) from Globodera pallida in apoform.
TeuB_maduro_1-335	8ioj-assembly1_H	0.090	265	7.821E-01	29	0.082	2.818E-01	0.546	0.595	8ioj-assembly1_H The Rubisco assembly intermidiate of Rubisco large subunit (RbcL) and Arabidopsis thaliana Rubisco accumulation factor 1 (AtRaf1)
TeuB_maduro_1-335	3lv2-assembly1_B	0.119	209	1.787E+00	29	0.082	3.682E-01	0.448	0.492	3lv2-assembly1_B Crystal structure of Mycobacterium tuberculosis 7,8-diaminopelargonic acid synthase in complex with substrate analog sinefungin
TeuB_maduro_1-335	8bcm-assembly1_C	0.091	283	3.632E-01	29	0.082	2.491E-01	0.633	0.601	8bcm-assembly1_C Structure of Synechococcus elongatus PCC 7942 Rubisco recombinantly expressed from E.coli
TeuB_maduro_1-335	5h80-assembly1_B	0.129	177	9.335E-01	29	0.082	3.377E-01	0.454	0.340	5h80-assembly1_B Biotin Carboxylase domain of single-chain bacterial carboxylase
TeuB_maduro_1-335	6dzs-assembly1_B	0.210	100	6.169E+00	29	0.082	5.763E-01	0.266	0.230	6dzs-assembly1_B Mycobacterial homoserine dehydrogenase ThrA in complex with NADP
TeuB_maduro_1-335	1ky4-assembly1_D	0.096	427	5.823E-01	29	0.082	2.817E-01	0.922	0.874	1ky4-assembly1_D S-Adenosylhomocysteine hydrolase refined with noncrystallographic restraints
TeuB_maduro_1-335	6lrr-assembly1_C	0.112	310	5.489E-01	29	0.082	2.794E-01	0.630	0.657	6lrr-assembly1_C Cryo-EM structure of RuBisCO-Raf1 from Anabaena sp. PCC 7120
TeuB_maduro_1-335	3h9u-assembly1_C	0.120	432	6.176E-01	29	0.082	2.757E-01	0.922	0.876	3h9u-assembly1_C S-adenosyl homocysteine hydrolase (SAHH) from Trypanosoma brucei
TeuB_maduro_1-335	5oev-assembly2_D	0.103	251	1.050E+00	29	0.082	3.445E-01	0.588	0.475	5oev-assembly2_D The structure of a glutathione synthetase like-effector (GSS22) from Globodera pallida in apoform.
TeuB_maduro_1-335	6o7v-assembly1_D	0.146	123	1.895E+00	29	0.082	3.979E-01	0.313	0.254	6o7v-assembly1_D Saccharomyces cerevisiae V-ATPase Stv1-V1VO State 1
TeuB_maduro_1-335	1wdd-assembly1_A	0.095	293	5.823E-01	29	0.082	2.711E-01	0.630	0.566	1wdd-assembly1_A Crystal Structure of Activated Rice Rubisco Complexed with 2-Carboxyarabinitol-1,5-bisphosphate
TeuB_maduro_1-335	5x4h-assembly1_A	0.121	223	2.262E+00	29	0.082	4.278E-01	0.624	0.351	5x4h-assembly1_A The crystal structure of Pyrococcus furiosus RecJ (wild-type)
TeuB_maduro_1-335	7kz9-assembly2_B	0.147	61	4.872E+00	29	0.082	5.683E-01	0.179	0.126	7kz9-assembly2_B Crystal structure of Pseudomonas sp. PDC86 substrate-binding protein Aapf in complex with a signaling molecule HEHEAA
TeuB_maduro_1-335	7cx7-assembly1_E	0.107	354	5.489E-01	29	0.082	2.616E-01	0.773	0.644	7cx7-assembly1_E Crystal structure of Arabinose isomerase from hybrid AI8
TeuB_maduro_1-335	8tv8-assembly1_A	0.148	54	1.050E+00	29	0.082	3.529E-01	0.155	0.101	8tv8-assembly1_A Crystal structure of nontypeable Haemophilus influenzae SapA
TeuB_maduro_1-335	5bp4-assembly7_M	0.091	439	6.950E-01	29	0.082	3.076E-01	0.800	0.382	5bp4-assembly7_M Modifying region (DH-ER-KR) of a mycocerosic acid synthase-like (MAS-like) PKS
TeuB_maduro_1-335	2vsq-assembly1_A	0.084	297	6.950E-01	29	0.082	2.844E-01	0.731	0.192	2vsq-assembly1_A Structure of surfactin A synthetase C (SrfA-C), a nonribosomal peptide synthetase termination module
TeuB_maduro_1-335	3s5p-assembly1_B	0.089	167	2.700E+00	28	0.076	4.339E-01	0.472	0.976	3s5p-assembly1_B Crystal structure of ribose-5-phosphate isomerase B RpiB from Giardia lamblia
TeuB_maduro_1-335	2obx-assembly1_A	0.135	118	9.325E+00	28	0.076	6.100E-01	0.296	0.760	2obx-assembly1_A Lumazine synthase RibH2 from Mesorhizobium loti (Gene mll7281, Swiss-Prot entry Q986N2) complexed with inhibitor 5-Nitro-6-(D-Ribitylamino)-2,4(1H,3H) Pyrimidinedione
TeuB_maduro_1-335	7a4g-assembly1_AC	0.098	203	1.330E+00	28	0.076	3.543E-01	0.543	0.987	7a4g-assembly1_AC Aquifex aeolicus lumazine synthase-derived nucleocapsid variant NC-1 (180-mer)
TeuB_maduro_1-335	2iz5-assembly1_A	0.161	211	1.182E+00	28	0.076	3.005E-01	0.612	0.956	2iz5-assembly1_A FUNCTION AND STRUCTURE OF THE MOLYBDENUM COFACTOR CARRIER PROTEIN MCP FROM CHLAMYDOMONAS REINHARDTII
TeuB_maduro_1-335	2iz7-assembly1_A	0.177	214	9.903E-01	28	0.076	2.932E-01	0.630	0.988	2iz7-assembly1_A structure of Moco Carrier Protein from Chlamydomonas reinhardtii
TeuB_maduro_1-335	4grd-assembly1_A	0.088	225	3.223E+00	28	0.076	4.143E-01	0.648	0.946	4grd-assembly1_A Crystal structure of Phosphoribosylaminoimidazole carboxylase catalytic subunit from Burkholderia cenocepacia J2315
TeuB_maduro_1-335	5bsk-assembly1_C	0.109	119	4.872E+00	28	0.076	5.092E-01	0.325	0.550	5bsk-assembly1_C Human HGPRT in complex with (S)-HPEPG, an acyclic nucleoside phosphonate
TeuB_maduro_1-335	8soq-assembly3_F	0.119	184	3.223E+00	28	0.076	4.790E-01	0.531	0.627	8soq-assembly3_F S127A variant of LarB, a carboxylase/hydrolase involved in synthesis of the cofactor for lactate racemase, in complex with authentic substrate NaAD
TeuB_maduro_1-335	2fli-assembly1_D	0.137	255	4.878E-01	28	0.076	2.265E-01	0.657	0.912	2fli-assembly1_D The crystal structure of D-ribulose 5-phosphate 3-epimerase from Streptococus pyogenes complexed with D-xylitol 5-phosphate
TeuB_maduro_1-335	3nq6-assembly1_B	0.165	230	8.800E-01	28	0.076	2.570E-01	0.630	0.931	3nq6-assembly1_B Crystal structure of the mutant P180A of orotidine 5'-monophosphate decarboxylase from Methanobacterium thermoautotrophicum complexed with inhibitor 6-azaUMP
TeuB_maduro_1-335	4cqm-assembly4_G	0.107	176	3.039E+00	28	0.076	4.250E-01	0.451	0.656	4cqm-assembly4_G Crystal structure of heterotetrameric human ketoacyl reductase complexed with NAD and NADP
TeuB_maduro_1-335	4fgs-assembly1_D	0.081	244	1.182E+00	28	0.076	3.313E-01	0.481	0.953	4fgs-assembly1_D Crystal structure of a probable dehydrogenase protein
TeuB_maduro_1-335	2ztu-assembly1_A	0.127	282	2.403E-01	28	0.076	2.393E-01	0.752	0.889	2ztu-assembly1_A T190A mutant of D-3-hydroxybutyrate dehydrogenase complexed with NAD+
TeuB_maduro_1-335	2gdj-assembly1_A	0.159	138	2.262E+00	28	0.076	4.317E-01	0.316	0.544	2gdj-assembly1_A Delta-62 RADA recombinase in complex with AMP-PNP and magnesium
TeuB_maduro_1-335	8ir3-assembly1_s	0.112	125	3.627E+00	28	0.076	4.743E-01	0.355	0.498	8ir3-assembly1_s human nuclear pre-60S ribosomal particle - State B'
TeuB_maduro_1-335	3ez4-assembly1_B	0.085	163	2.133E+00	28	0.076	3.879E-01	0.358	0.653	3ez4-assembly1_B Crystal structure of 3-methyl-2-oxobutanoate hydroxymethyltransferase from Burkholderia pseudomallei
TeuB_maduro_1-335	2dzs-assembly1_A	0.092	303	5.174E-01	28	0.076	2.281E-01	0.770	0.980	2dzs-assembly1_A Structure of mutant tryptophan synthase alpha-subunit (E103A) from a hyperthermophile, Pyrococcus furiosus
TeuB_maduro_1-335	5tii-assembly2_D	0.093	256	5.489E-01	28	0.076	2.763E-01	0.501	0.967	5tii-assembly2_D Comprehensive Analysis of a Novel Ketoreductase for Pentangular Polyphenol Biosynthesis
TeuB_maduro_1-335	3nr0-assembly2_B	0.084	248	5.823E-01	28	0.076	2.355E-01	0.639	0.820	3nr0-assembly2_B Optimization of the in silico designed Kemp eliminase KE70 by computational design and directed evolution R6 6/10A
TeuB_maduro_1-335	5tcg-assembly2_E	0.150	305	4.335E-01	28	0.076	2.155E-01	0.791	0.971	5tcg-assembly2_E Crystal structure of tryptophan synthase from M. tuberculosis - aminoacrylate-bound form
TeuB_maduro_1-335	2ztv-assembly1_B	0.084	249	1.497E+00	28	0.076	3.543E-01	0.484	0.951	2ztv-assembly1_B The binary complex of D-3-hydroxybutyrate dehydrogenase with NAD+
TeuB_maduro_1-335	4yed-assembly2_C	0.123	130	5.482E+00	28	0.076	4.982E-01	0.278	0.492	4yed-assembly2_C TcdA (CsdL)
TeuB_maduro_1-335	1xr3-assembly1_B-2	0.106	226	9.903E-01	28	0.076	3.214E-01	0.585	0.646	1xr3-assembly1_B-2 Actinorhodin Polyketide Ketoreductase with NADP and the Inhibitor Isoniazid bound
TeuB_maduro_1-335	4yed-assembly2_D	0.125	128	4.872E+00	28	0.076	4.893E-01	0.278	0.486	4yed-assembly2_D TcdA (CsdL)
TeuB_maduro_1-335	6b4c-assembly1_A	0.092	280	5.174E-01	28	0.076	2.523E-01	0.642	0.942	6b4c-assembly1_A Structure of Viperin from Trichoderma virens
TeuB_maduro_1-335	7yb2-assembly1_A-2	0.118	279	6.950E-01	28	0.076	2.849E-01	0.642	0.927	7yb2-assembly1_A-2 Crystal Structure of anthrol reductase (CbAR) in complex with NADP+ and emodin
TeuB_maduro_1-335	4dbz-assembly1_B	0.089	278	5.489E-01	28	0.076	2.659E-01	0.636	0.931	4dbz-assembly1_B Crystal Structure of V151L Actinorhodin Polyketide Ketoreductase with NADPH
TeuB_maduro_1-335	4alm-assembly1_A	0.106	254	6.552E-01	28	0.076	2.876E-01	0.501	0.928	4alm-assembly1_A Crystal structure of S. aureus FabI (P43212)
TeuB_maduro_1-335	7ulh-assembly1_F	0.108	268	1.789E-01	28	0.076	2.024E-01	0.633	0.791	7ulh-assembly1_F Crystal Structure of a Short chain dehydrogenase from Mycobacterium avium 104
TeuB_maduro_1-335	9iuo-assembly1_A	0.151	99	3.223E+00	28	0.076	4.371E-01	0.254	0.321	9iuo-assembly1_A Human MTHFD1 in complex with compound 16d
TeuB_maduro_1-335	4mmp-assembly1_A	0.086	58	5.482E+00	28	0.076	5.412E-01	0.167	0.185	4mmp-assembly1_A Structure of Sialic Acid Binding Protein from Pasturella Multocida
TeuB_maduro_1-335	2a3n-assembly1_A-2	0.122	350	8.800E-01	28	0.076	2.776E-01	0.791	0.878	2a3n-assembly1_A-2 Crystal structure of a putative glucosamine-fructose-6-phosphate aminotransferase (stm4540.s) from salmonella typhimurium lt2 at 1.35 A resolution
TeuB_maduro_1-335	1xac-assembly1_A	0.114	359	7.373E-01	28	0.076	2.571E-01	0.854	0.832	1xac-assembly1_A CHIMERA ISOPROPYLMALATE DEHYDROGENASE BETWEEN BACILLUS SUBTILIS (M) AND THERMUS THERMOPHILUS (T) FROM N-TERMINAL: 20% T MIDDLE 20% M RESIDUAL 60% T, MUTATED AT S82R. LOW TEMPERATURE (100K) STRUCTURE.
TeuB_maduro_1-335	2f2s-assembly2_D-2	0.105	85	5.482E+00	28	0.076	5.077E-01	0.242	0.220	2f2s-assembly2_D-2 Human mitochondrial acetoacetyl-CoA thiolase
TeuB_maduro_1-335	4pg6-assembly1_A	0.081	232	2.133E+00	28	0.076	3.762E-01	0.624	0.426	4pg6-assembly1_A Crystal structure of S. aureus Homoserine Dehydrogenase at pH7.0
TeuB_maduro_1-335	7df1-assembly4_D	0.103	281	7.373E-01	28	0.076	2.563E-01	0.660	0.541	7df1-assembly4_D Crystal structure of human CD98 heavy chain extracellular domain in complex with S1-F4 scFv
TeuB_maduro_1-335	5cu7-assembly2_B	0.082	206	5.823E-01	28	0.076	2.950E-01	0.537	0.391	5cu7-assembly2_B Bacteroides Thetaiotaomicron Multiple Inositol Polyphosphate Phosphatase A324D Mutant
TeuB_maduro_1-335	5cx4-assembly2_B	0.072	263	4.086E-01	28	0.076	2.604E-01	0.746	0.475	5cx4-assembly2_B Crystal Structure of a Multiple Inositol Polyphosphate Phosphatase
TeuB_maduro_1-335	5yvr-assembly1_A-2	0.134	104	5.816E+00	28	0.076	5.407E-01	0.304	0.233	5yvr-assembly1_A-2 Crystal Structure of the H277A mutant of ADH/D1, an archaeal halo-thermophilic Red Sea brine pool alcohol dehydrogenase
TeuB_maduro_1-335	7qsv-assembly1_B	0.081	344	3.042E-01	28	0.076	2.234E-01	0.764	0.659	7qsv-assembly1_B L8-complex forming RubisCO derived from ancestral sequence reconstruction of the last common ancestor of Form I'' and Form I RubisCOs
TeuB_maduro_1-335	7dy1-assembly1_C	0.098	364	4.335E-01	28	0.076	2.484E-01	0.654	0.774	7dy1-assembly1_C Crystal Structure of Cyanobacterial Circadian Clock Protein KaiC
TeuB_maduro_1-335	7uzf-assembly1_F	0.116	180	7.821E-01	28	0.076	3.147E-01	0.490	0.278	7uzf-assembly1_F Rat Kidney V-ATPase with SidK, State 1
TeuB_maduro_1-335	7khr-assembly1_E	0.127	180	4.878E-01	28	0.076	2.845E-01	0.499	0.284	7khr-assembly1_E Cryo-EM structure of bafilomycin A1-bound intact V-ATPase from bovine brain
TeuB_maduro_1-335	7dyj-assembly1_B	0.099	401	8.296E-01	28	0.076	2.950E-01	0.713	0.837	7dyj-assembly1_B Crystal Structure of Cyanobacterial Circadian Clock Protein KaiC
TeuB_maduro_1-335	7dxq-assembly1_F	0.101	435	2.403E-01	28	0.076	2.099E-01	0.839	0.824	7dxq-assembly1_F Crystal Structure of Cyanobacterial Circadian Clock Protein KaiC
TeuB_maduro_1-335	3kal-assembly1_A	0.087	263	8.800E-01	28	0.076	3.099E-01	0.591	0.487	3kal-assembly1_A Structure of homoglutathione synthetase from Glycine max in closed conformation with homoglutathione, ADP, a sulfate ion, and three magnesium ions bound
TeuB_maduro_1-335	1m0w-assembly1_A	0.101	108	2.865E+00	28	0.076	4.456E-01	0.260	0.189	1m0w-assembly1_A Yeast Glutathione Synthase Bound to gamma-glutamyl-cysteine, AMP-PNP and 2 Magnesium Ions
TeuB_maduro_1-335	7dq5-assembly1_A	0.098	283	1.787E+00	28	0.076	3.611E-01	0.573	0.533	7dq5-assembly1_A Crystal structure of HitB in complex with (S)-beta-phenylalanine sulfamoyladenosine
TeuB_maduro_1-335	7og0-assembly1_A	0.130	176	3.042E-01	28	0.076	2.458E-01	0.457	0.302	7og0-assembly1_A Nontypeable Haemophillus influenzae SapA in open and closed conformations, in complex with double stranded RNA
TeuB_maduro_1-335	8aew-assembly1_A	0.129	378	1.686E-01	28	0.076	2.156E-01	0.672	0.666	8aew-assembly1_A Malonyl-CoA reductase from Chloroflexus aurantiacus - N-terminal Apo
TeuB_maduro_1-335	7e9y-assembly1_A	0.125	64	3.848E+00	28	0.076	5.271E-01	0.191	0.107	7e9y-assembly1_A Crystal structure of eLACCO1
TeuB_maduro_1-335	8epz-assembly1_B	0.097	144	4.872E+00	28	0.076	5.017E-01	0.361	0.238	8epz-assembly1_B Crystal structure of Fe-S cluster-dependent dehydratase from Paralcaligenes ureilyticus in complex with Mn
TeuB_maduro_1-335	3ua4-assembly1_B	0.104	230	2.403E-01	28	0.076	1.948E-01	0.591	0.311	3ua4-assembly1_B Crystal Structure of Protein Arginine Methyltransferase PRMT5
TeuB_maduro_1-335	3dlb-assembly1_A	0.108	138	2.400E+00	28	0.076	4.129E-01	0.355	0.201	3dlb-assembly1_A Crystal structure of the guide-strand-containing Argonaute protein silencing complex
TeuB_maduro_1-335	8jak-assembly1_F	0.150	113	3.223E+00	28	0.076	4.383E-01	0.269	0.152	8jak-assembly1_F Human MCC in MCCU state
TeuB_maduro_1-335	5bp4-assembly3_F	0.089	437	9.335E-01	28	0.076	3.081E-01	0.794	0.379	5bp4-assembly3_F Modifying region (DH-ER-KR) of a mycocerosic acid synthase-like (MAS-like) PKS
TeuB_maduro_1-335	5im5-assembly1_K	0.096	208	3.627E+00	27	0.069	4.291E-01	0.618	0.852	5im5-assembly1_K Crystal structure of designed two-component self-assembling icosahedral cage I53-40
TeuB_maduro_1-335	7a4h-assembly1_BF	0.121	164	1.787E+00	27	0.069	3.601E-01	0.436	0.926	7a4h-assembly1_BF Aquifex aeolicus lumazine synthase-derived nucleocapsid variant NC-2 (180-mer)
TeuB_maduro_1-335	7a4h-assembly1_BD	0.109	164	2.262E+00	27	0.069	3.702E-01	0.436	0.919	7a4h-assembly1_BD Aquifex aeolicus lumazine synthase-derived nucleocapsid variant NC-2 (180-mer)
TeuB_maduro_1-335	7a4h-assembly1_BK	0.131	167	1.588E+00	27	0.069	3.517E-01	0.436	0.920	7a4h-assembly1_BK Aquifex aeolicus lumazine synthase-derived nucleocapsid variant NC-2 (180-mer)
TeuB_maduro_1-335	4zk2-assembly1_B	0.116	215	6.950E-01	27	0.069	2.790E-01	0.630	0.962	4zk2-assembly1_B Structure of Acetobacter aceti PurE-S57D
TeuB_maduro_1-335	3oow-assembly1_D	0.097	215	3.627E+00	27	0.069	4.045E-01	0.627	0.907	3oow-assembly1_D Octameric structure of the phosphoribosylaminoimidazole carboxylase catalytic subunit from Francisella tularensis subsp. tularensis SCHU S4.
TeuB_maduro_1-335	3eoz-assembly1_B	0.116	146	4.872E+00	27	0.069	4.824E-01	0.355	0.720	3eoz-assembly1_B Crystal Structure of Phosphoglycerate Mutase from Plasmodium Falciparum, PFD0660w
TeuB_maduro_1-335	3fxa-assembly1_D	0.126	111	7.364E+00	27	0.069	5.738E-01	0.316	0.492	3fxa-assembly1_D Crystal structure of a putative sugar-phosphate isomerase (lmof2365_0531) from listeria monocytogenes str. 4b f2365 at 1.60 A resolution
TeuB_maduro_1-335	8c34-assembly1_A	0.100	220	4.598E-01	27	0.069	2.406E-01	0.606	0.858	8c34-assembly1_A Aerobic light exposed 1.8 Angstrom crystal structure of cobalamin binding domain belonging to a light-dependent transcription regulator TtCarH
TeuB_maduro_1-335	8jtp-assembly1_D	0.116	223	1.330E+00	27	0.069	3.252E-01	0.513	0.970	8jtp-assembly1_D Crystal structure of apo Enoyl-Acyl Carrier Protein Reductase (FabI) from Klebsiella pneumoniae
TeuB_maduro_1-335	3m41-assembly1_A	0.096	258	8.800E-01	27	0.069	2.787E-01	0.612	0.947	3m41-assembly1_A Crystal structure of the mutant V182A of orotidine 5'-monophosphate decarboxylase from Methanobacterium thermoautotrophicum
TeuB_maduro_1-335	3m5z-assembly1_B	0.103	260	7.821E-01	27	0.069	2.668E-01	0.612	0.948	3m5z-assembly1_B Crystal structure of the mutant V182A,I218A of orotidine 5'-monophosphate decarboxylase from Methanobacterium thermoautotrophicum
TeuB_maduro_1-335	4da9-assembly1_D	0.120	225	1.050E+00	27	0.069	2.944E-01	0.487	0.945	4da9-assembly1_D Crystal structure of putative Short-chain dehydrogenase/reductase from Sinorhizobium meliloti 1021
TeuB_maduro_1-335	6loi-assembly3_E	0.089	290	2.704E-01	27	0.069	2.112E-01	0.797	0.995	6loi-assembly3_E Crystal structure of Enterococcus faecalis Undecaprenyl pyrophosphate synthase(EfaUPPS)
TeuB_maduro_1-335	6szg-assembly1_A	0.084	249	2.704E-01	27	0.069	2.184E-01	0.645	0.901	6szg-assembly1_A Acinetobacter baumannii undecaprenyl pyrophosphate synthase (AB-UppS) in complex with GR839 and GSK513
TeuB_maduro_1-335	2vg0-assembly1_B	0.105	237	2.868E-01	27	0.069	2.148E-01	0.651	0.793	2vg0-assembly1_B Rv1086 citronellyl pyrophosphate complex
TeuB_maduro_1-335	5g2i-assembly1_A	0.163	232	4.598E-01	27	0.069	2.117E-01	0.597	0.879	5g2i-assembly1_A S. enterica HisA mutant Dup13-15(VVR)
TeuB_maduro_1-335	4iin-assembly1_B	0.107	149	6.544E+00	27	0.069	4.996E-01	0.364	0.594	4iin-assembly1_B Crystal structure of a putative 3-oxoacyl-[acyl-carrier protein]reductase from Helicobacter pylori 26695 complexed with NAD+
TeuB_maduro_1-335	4ijk-assembly1_C	0.143	153	5.482E+00	27	0.069	4.797E-01	0.379	0.608	4ijk-assembly1_C Crystal structure of a putative 3-oxoacyl-[acyl-carrier protein]reductase from Helicobacter pylori 26695
TeuB_maduro_1-335	5vt6-assembly1_B	0.078	242	5.489E-01	27	0.069	2.453E-01	0.484	0.970	5vt6-assembly1_B Crystal structure of Acetoacetyl-CoA Reductase from Burkholderia pseudomallei 1710b complexed with NADP
TeuB_maduro_1-335	6ixm-assembly1_B	0.114	254	5.489E-01	27	0.069	2.652E-01	0.672	0.807	6ixm-assembly1_B Crystal structure of the ketone reductase ChKRED20 from the genome of Chryseobacterium sp. CA49 complexed with NAD
TeuB_maduro_1-335	5tii-assembly2_E	0.101	257	5.823E-01	27	0.069	2.687E-01	0.522	0.975	5tii-assembly2_E Comprehensive Analysis of a Novel Ketoreductase for Pentangular Polyphenol Biosynthesis
TeuB_maduro_1-335	2dzx-assembly2_B	0.101	255	6.950E-01	27	0.069	2.524E-01	0.627	0.918	2dzx-assembly2_B Structure of mutant tryptophan synthase alpha-subunit (E131-132A) from a hyperthermophile, Pyrococcus furiosus
TeuB_maduro_1-335	5vt6-assembly1_A	0.102	245	1.050E+00	27	0.069	3.184E-01	0.484	0.971	5vt6-assembly1_A Crystal structure of Acetoacetyl-CoA Reductase from Burkholderia pseudomallei 1710b complexed with NADP
TeuB_maduro_1-335	3ez4-assembly1_F	0.072	206	1.411E+00	27	0.069	3.134E-01	0.481	0.728	3ez4-assembly1_F Crystal structure of 3-methyl-2-oxobutanoate hydroxymethyltransferase from Burkholderia pseudomallei
TeuB_maduro_1-335	7p76-assembly4_D	0.118	237	1.684E+00	27	0.069	2.794E-01	0.639	0.814	7p76-assembly4_D Re-engineered 2-deoxy-D-ribose-5-phosphate aldolase catalysing asymmetric Michael addition reactions, Schiff base complex with cinnamaldehyde
TeuB_maduro_1-335	4ure-assembly1_A	0.117	196	6.950E-01	27	0.069	2.619E-01	0.478	0.714	4ure-assembly1_A Molecular Genetic and Crystal Structural Analysis of 1-(4- Hydroxyphenyl)-Ethanol Dehydrogenase from Aromatoleum aromaticum EbN1
TeuB_maduro_1-335	6uap-assembly2_C	0.134	304	5.823E-01	27	0.069	2.065E-01	0.779	0.972	6uap-assembly2_C Crystal structure of tryptophan synthase from M. tuberculosis - open form with BRD6309 bound
TeuB_maduro_1-335	5ycr-assembly1_B	0.114	245	4.335E-01	27	0.069	2.277E-01	0.606	0.880	5ycr-assembly1_B X-Ray Structure of Enoyl-Acyl Carrier Protein Reductase from Bacillus Anthracis with NAD+
TeuB_maduro_1-335	3md9-assembly2_B	0.122	310	6.176E-01	27	0.069	2.922E-01	0.770	0.976	3md9-assembly2_B Structure of apo form of a periplasmic heme binding protein
TeuB_maduro_1-335	3nav-assembly1_B	0.120	300	5.174E-01	27	0.069	2.109E-01	0.764	0.911	3nav-assembly1_B Crystal structure of an alpha subunit of tryptophan synthase from Vibrio cholerae O1 biovar El Tor str. N16961
TeuB_maduro_1-335	8hfj-assembly1_C	0.111	260	1.787E+00	27	0.069	3.421E-01	0.478	0.946	8hfj-assembly1_C Crystal Structure of CbAR mutant (H162F) in complex with NADP+ and a bulky 1,3-cyclodiketone
TeuB_maduro_1-335	1wmb-assembly1_A	0.128	241	7.373E-01	27	0.069	2.596E-01	0.612	0.823	1wmb-assembly1_A Crystal structure of NAD dependent D-3-hydroxybutylate dehydrogenase
TeuB_maduro_1-335	2ihy-assembly1_B	0.099	141	3.223E+00	27	0.069	4.620E-01	0.301	0.525	2ihy-assembly1_B Structure of the Staphylococcus aureus putative ATPase subunit of an ATP-binding cassette (ABC) transporter
TeuB_maduro_1-335	1rwb-assembly1_A	0.119	184	4.593E+00	27	0.069	4.488E-01	0.463	0.617	1rwb-assembly1_A Cooperative Effect of Two Surface Amino Acid Mutations (Q252L and E170K) of Glucose Dehydrogenase from Bacillus megaterium IWG3 for the stabilization of Oligomeric State
TeuB_maduro_1-335	1w4z-assembly1_B-2	0.096	291	6.176E-01	27	0.069	2.662E-01	0.669	0.946	1w4z-assembly1_B-2 Structure of actinorhodin polyketide (actIII) Reductase
TeuB_maduro_1-335	5ojn-assembly1_A	0.172	110	3.627E+00	27	0.069	4.517E-01	0.263	0.401	5ojn-assembly1_A Sirtuin 4 from Xenopus tropicalis in complex with thioacetyl-ADP-ribose
TeuB_maduro_1-335	9cfj-assembly1_A	0.082	242	3.852E-01	27	0.069	2.617E-01	0.621	0.645	9cfj-assembly1_A Fluvirucin Thioesterase Domain (FluC TE)
TeuB_maduro_1-335	3kvo-assembly3_B	0.101	364	5.180E-02	27	0.069	1.497E-01	0.919	0.967	3kvo-assembly3_B Crystal structure of the catalytic domain of human Hydroxysteroid dehydrogenase like 2 (HSDL2)
TeuB_maduro_1-335	8q59-assembly1_B-2	0.129	278	4.335E-01	27	0.069	2.259E-01	0.630	0.889	8q59-assembly1_B-2 Crystal structure of metal-dependent class II sulfofructose phosphate aldolase from Yersinia aldovae in complex with sulfofructose phosphate (YaSqiA-Zn-SFP)
TeuB_maduro_1-335	7ulh-assembly2_G	0.106	273	2.549E-01	27	0.069	1.997E-01	0.633	0.794	7ulh-assembly2_G Crystal Structure of a Short chain dehydrogenase from Mycobacterium avium 104
TeuB_maduro_1-335	1n5d-assembly1_A	0.125	152	4.330E+00	27	0.069	4.322E-01	0.379	0.490	1n5d-assembly1_A CRYSTAL STRUCTURE OF PORCINE TESTICULAR CARBONYL REDUCTASE/ 20BETA-HYDROXYSTEROID DEHYDROGENASE
TeuB_maduro_1-335	5zka-assembly1_B	0.113	274	1.413E-01	27	0.069	1.822E-01	0.654	0.776	5zka-assembly1_B Crystal structure of N-acetylneuraminate lyase from Fusobacterium nucleatum complexed with Pyruvate
TeuB_maduro_1-335	4xvc-assembly4_D	0.125	295	7.373E-01	27	0.069	2.869E-01	0.693	0.811	4xvc-assembly4_D Crystal structure of an esterase from the bacterial hormone-sensitive lipase (HSL) family
TeuB_maduro_1-335	1jez-assembly1_A	0.125	359	9.914E-02	27	0.069	1.651E-01	0.943	0.923	1jez-assembly1_A THE STRUCTURE OF XYLOSE REDUCTASE, A DIMERIC ALDO-KETO REDUCTASE FROM CANDIDA TENUIS
TeuB_maduro_1-335	1qwk-assembly1_A	0.112	239	3.632E-01	27	0.069	2.178E-01	0.648	0.590	1qwk-assembly1_A Structural genomics of Caenorhabditis Elegans: Hypothetical 35.2 kDa protein (aldose reductase family member)
TeuB_maduro_1-335	3il5-assembly2_D	0.162	129	1.895E+00	27	0.069	3.615E-01	0.361	0.363	3il5-assembly2_D Structure of E. faecalis FabH in complex with 2-({4-bromo-3-[(diethylamino)sulfonyl]benzoyl}amino)benzoic acid
TeuB_maduro_1-335	8zlv-assembly1_A	0.136	242	1.330E+00	27	0.069	2.878E-01	0.675	0.571	8zlv-assembly1_A Asymmetric Dimeric Structure of the Catalytic Domain in Truncated Threonine Deaminase
TeuB_maduro_1-335	7eqi-assembly3_E	0.131	76	1.895E+00	27	0.069	3.901E-01	0.206	0.220	7eqi-assembly3_E ChlB3 [Aceyltransferase]
TeuB_maduro_1-335	6agm-assembly2_D-3	0.101	287	2.135E-01	27	0.069	1.865E-01	0.657	0.757	6agm-assembly2_D-3 Molecular basis for feedback inhibition of tyrosine-regulated 3-deoxy-d-arabino-heptulosonate-7-phosphate synthase from Escherichia coli
TeuB_maduro_1-335	7eqi-assembly1_A	0.123	81	3.848E+00	27	0.069	4.635E-01	0.224	0.234	7eqi-assembly1_A ChlB3 [Aceyltransferase]
TeuB_maduro_1-335	7eqi-assembly1_B	0.123	81	3.627E+00	27	0.069	4.630E-01	0.224	0.233	7eqi-assembly1_B ChlB3 [Aceyltransferase]
TeuB_maduro_1-335	3ijq-assembly1_A	0.109	183	6.950E-01	27	0.069	2.377E-01	0.522	0.445	3ijq-assembly1_A Structure of dipeptide epimerase from Bacteroides thetaiotaomicron complexed with L-Ala-D-Glu; productive substrate binding.
TeuB_maduro_1-335	2ola-assembly1_A	0.101	266	3.423E-01	27	0.069	2.256E-01	0.675	0.585	2ola-assembly1_A Crystal structure of O-succinylbenzoic acid synthetase from Staphylococcus aureus, cubic crystal form
TeuB_maduro_1-335	3jva-assembly1_G	0.113	230	4.598E-01	27	0.069	2.225E-01	0.651	0.516	3jva-assembly1_G Crystal structure of Dipeptide Epimerase from Enterococcus faecalis V583
TeuB_maduro_1-335	1osj-assembly1_B	0.090	353	3.423E-01	27	0.069	2.199E-01	0.854	0.829	1osj-assembly1_B STRUCTURE OF 3-ISOPROPYLMALATE DEHYDROGENASE
TeuB_maduro_1-335	7vmx-assembly1_B	0.123	138	2.400E+00	27	0.069	4.019E-01	0.361	0.340	7vmx-assembly1_B The Crystal Structure of EF-Tu and EF-Ts complex from Mycobacterium tuberculosis
TeuB_maduro_1-335	3okf-assembly1_A	0.129	310	4.335E-01	27	0.069	2.583E-01	0.809	0.628	3okf-assembly1_A 2.5 Angstrom Resolution Crystal Structure of 3-Dehydroquinate Synthase (aroB) from Vibrio cholerae
TeuB_maduro_1-335	5ey4-assembly1_A	0.131	76	3.419E+00	27	0.069	4.794E-01	0.215	0.183	5ey4-assembly1_A Crystal structure of human GRP78 (70kDa heat shock protein 5 / BIP) ATPase domain in complex with 2'-deoxy-ATP
TeuB_maduro_1-335	4qla-assembly1_B	0.104	163	8.296E-01	27	0.069	3.378E-01	0.403	0.374	4qla-assembly1_B Crystal structure of juvenile hormone epoxide hydrolase from the silkworm Bombyx mori
TeuB_maduro_1-335	3wrw-assembly3_F	0.102	205	3.848E+00	27	0.069	3.958E-01	0.484	0.468	3wrw-assembly3_F Crystal structure of the N-terminal domain of resistance protein
TeuB_maduro_1-335	1xpk-assembly2_D	0.109	82	3.627E+00	27	0.069	4.529E-01	0.239	0.209	1xpk-assembly2_D CRYSTAL STRUCTURE OF STAPHYLOCOCCUS AUREUS HMG-COA SYNTHASE WITH HMG-CoA AND WITH ACETOACETYL-COA AND ACETYLATED CYSTEINE
TeuB_maduro_1-335	4pg7-assembly1_B	0.118	110	8.287E+00	27	0.069	5.985E-01	0.269	0.255	4pg7-assembly1_B Crystal structure of S. aureus Homoserine Dehydrogenase at pH7.5
TeuB_maduro_1-335	4fdu-assembly2_B	0.087	205	8.296E-01	27	0.069	2.948E-01	0.537	0.392	4fdu-assembly2_B Crystal Structure of a Multiple Inositol Polyphosphate Phosphatase
TeuB_maduro_1-335	6l2g-assembly1_C	0.133	60	4.593E+00	27	0.069	4.809E-01	0.164	0.149	6l2g-assembly1_C Crystal structure of Aspergillus fumigatus mitochondrial acetyl-CoA acetyltransferase
TeuB_maduro_1-335	4bko-assembly1_A	0.130	275	6.552E-01	27	0.069	2.539E-01	0.630	0.532	4bko-assembly1_A Enoyl-ACP reducatase FabV from Burkholderia pseudomallei (apo)
TeuB_maduro_1-335	6jai-assembly1_A	0.081	61	8.790E+00	27	0.069	6.253E-01	0.182	0.144	6jai-assembly1_A Crystal structure of ABC transporter alpha-glycoside-binding mutant protein D118A in complex with maltose
TeuB_maduro_1-335	3u6w-assembly1_B	0.115	321	2.403E-01	27	0.069	1.987E-01	0.833	0.637	3u6w-assembly1_B Truncated M. tuberculosis LeuA (1-425) complexed with KIV
TeuB_maduro_1-335	4wya-assembly1_A	0.102	204	2.010E+00	27	0.069	3.660E-01	0.445	0.474	4wya-assembly1_A Crystal structure of 7,8-diaminopelargonic acid synthase (BioA) from Mycobacterium tuberculosis, complexed with a fragment hit
TeuB_maduro_1-335	6sau-assembly1_A	0.090	308	6.176E-01	27	0.069	2.318E-01	0.651	0.610	6sau-assembly1_A Structural and functional characterisation of three novel fungal amylases with enhanced stability and pH tolerance.
TeuB_maduro_1-335	5wsk-assembly1_A	0.093	310	5.174E-01	27	0.069	2.510E-01	0.630	0.642	5wsk-assembly1_A Structure of Ribulose-1,5-bisphosphate carboxylase/oxygenase from wheat
TeuB_maduro_1-335	8pbb-assembly1_D	0.092	445	1.497E+00	27	0.069	3.045E-01	0.815	0.946	8pbb-assembly1_D CHAPSO treated partial catalytic component (comprising only AnfD & AnfK, lacking AnfG and FeFeco) of iron nitrogenase from Rhodobacter capsulatus
TeuB_maduro_1-335	7qt1-assembly1_C	0.085	349	3.852E-01	27	0.069	2.234E-01	0.791	0.677	7qt1-assembly1_C Non-obligately L8S8-complex forming RubisCO derived from ancestral sequence reconstruction and rational engineering in L8S8 complex with substitution e170N
TeuB_maduro_1-335	5iu0-assembly1_B	0.095	293	1.050E+00	27	0.069	2.738E-01	0.630	0.568	5iu0-assembly1_B Rubisco from Arabidopsis thaliana
TeuB_maduro_1-335	7v3x-assembly2_G	0.094	404	1.254E+00	27	0.069	2.994E-01	0.716	0.839	7v3x-assembly2_G Crystal Structure of Cyanobacterial Circadian Clock Protein KaiC
TeuB_maduro_1-335	7ofw-assembly1_A	0.118	177	1.897E-01	27	0.069	2.228E-01	0.457	0.290	7ofw-assembly1_A Nontypeable Haemophillus influenzae SapA in complex with heme
TeuB_maduro_1-335	7cwv-assembly2_B-2	0.118	345	6.552E-01	27	0.069	2.470E-01	0.770	0.644	7cwv-assembly2_B-2 Crystal structure of Arabinose isomerase from hyper thermophilic bacterium Thermotoga maritima (TMAI) wt
TeuB_maduro_1-335	7cx7-assembly1_D-2	0.134	343	7.373E-01	27	0.069	2.621E-01	0.773	0.644	7cx7-assembly1_D-2 Crystal structure of Arabinose isomerase from hybrid AI8
TeuB_maduro_1-335	7chl-assembly1_D	0.153	338	3.227E-01	27	0.069	2.267E-01	0.743	0.616	7chl-assembly1_D Crystal structure of hybrid Arabinose isomerase AI-10
TeuB_maduro_1-335	3dbl-assembly3_E	0.132	174	8.296E-01	27	0.069	2.898E-01	0.484	0.257	3dbl-assembly3_E Structural Dissection of a Gating Mechanism Preventing Misactivation of Ubiquitin by NEDD8's E1 (APPBP1-UBA3Arg190wt-NEDD8Ala72Gln)
TeuB_maduro_1-335	8jxm-assembly1_F	0.150	113	3.419E+00	27	0.069	4.383E-01	0.269	0.168	8jxm-assembly1_F Human 3-methylcrotonyl-CoA carboxylase in BCCP-H2 state with MCoA
TeuB_maduro_1-335	3dlb-assembly1_B	0.141	106	4.082E+00	27	0.069	4.696E-01	0.293	0.156	3dlb-assembly1_B Crystal structure of the guide-strand-containing Argonaute protein silencing complex
TeuB_maduro_1-335	8j78-assembly1_G	0.150	113	3.627E+00	27	0.069	4.383E-01	0.269	0.155	8j78-assembly1_G Human 3-methylcrotonyl-CoA carboxylase in BCCP-H2 state
TeuB_maduro_1-335	5z6p-assembly1_A	0.092	163	5.174E-01	27	0.069	2.838E-01	0.436	0.175	5z6p-assembly1_A The crystal structure of an agarase, AgWH50C
TeuB_maduro_1-335	4zhy-assembly1_A	0.079	126	5.168E+00	26	0.063	4.676E-01	0.343	0.627	4zhy-assembly1_A Crystal structure of a bacterial signalling complex
TeuB_maduro_1-335	4xjy-assembly2_C	0.073	122	6.942E+00	26	0.063	4.939E-01	0.328	0.643	4xjy-assembly2_C Periplasmic repressor protein YfiR
TeuB_maduro_1-335	3rfq-assembly1_C	0.122	179	2.010E+00	26	0.063	3.593E-01	0.424	0.981	3rfq-assembly1_C Crystal structure of Pterin-4-alpha-carbinolamine dehydratase MoaB2 from Mycobacterium marinum
TeuB_maduro_1-335	5t0z-assembly1_B	0.105	85	7.812E+00	26	0.063	5.813E-01	0.248	0.468	5t0z-assembly1_B PelC from Geobacter metallireducens
TeuB_maduro_1-335	7ot8-assembly2_B	0.106	187	2.010E+00	26	0.063	3.379E-01	0.484	0.925	7ot8-assembly2_B DeNovoTIM6-SB, a de novo designed TIM barrel with a salt-bridge cluster (crystal form 2)
TeuB_maduro_1-335	6th6-assembly1_Ab	0.129	108	5.482E+00	26	0.063	5.308E-01	0.310	0.454	6th6-assembly1_Ab Cryo-EM Structure of T. kodakarensis 70S ribosome
TeuB_maduro_1-335	4rao-assembly1_A	0.110	127	6.169E+00	26	0.063	4.930E-01	0.331	0.523	4rao-assembly1_A Aza-acyclic nucleoside phosphonates containing a second phosphonate group as inhibitors of the human, Plasmodium falciparum and vivax 6-oxopurine phosphoribosyltransferases and their pro-drugs as antimalarial agents
TeuB_maduro_1-335	8soq-assembly2_C	0.129	201	3.419E+00	26	0.063	4.369E-01	0.555	0.697	8soq-assembly2_C S127A variant of LarB, a carboxylase/hydrolase involved in synthesis of the cofactor for lactate racemase, in complex with authentic substrate NaAD
TeuB_maduro_1-335	1z7g-assembly2_D-3	0.079	138	4.082E+00	26	0.063	4.528E-01	0.325	0.569	1z7g-assembly2_D-3 Free human HGPRT
TeuB_maduro_1-335	6bnj-assembly1_B	0.108	129	4.593E+00	26	0.063	4.687E-01	0.331	0.551	6bnj-assembly1_B Human hypoxanthine guanine phosphoribosyltransferase in complex with [3R,4R]-4-guanin-9-yl-3-((R)-2-hydroxy-2-phosphonoethyl)oxy-1-N-(phosphonopropionyl)pyrrolidine
TeuB_maduro_1-335	3lhv-assembly1_A	0.108	250	1.050E+00	26	0.063	2.697E-01	0.612	0.950	3lhv-assembly1_A Crystal structure of the mutant V182A.I199A.V201A of orotidine 5'-monophosphate decarboxylase from Methanobacterium thermoautotrophicum complexed with inhibitor BMP
TeuB_maduro_1-335	3sj3-assembly1_B	0.103	252	1.050E+00	26	0.063	2.613E-01	0.627	0.972	3sj3-assembly1_B Crystal structure of the mutant R160A.Y206F of orotidine 5'-monophosphate decarboxylase from Methanobacterium thermoautotrophicum complexed with the inhibitor BMP
TeuB_maduro_1-335	3p5y-assembly1_B	0.112	239	1.895E+00	26	0.063	3.089E-01	0.639	0.689	3p5y-assembly1_B Crystal structure of the mutant T159A of orotidine 5'-monophosphate decarboxylase from Methanobacterium thermoautotrophicum complexed with inhibitor BMP
TeuB_maduro_1-335	5wul-assembly1_B	0.101	226	1.787E+00	26	0.063	3.152E-01	0.493	0.963	5wul-assembly1_B Serratia marcescens short-chain dehydrogenase/reductase F98A/F202L
TeuB_maduro_1-335	1viz-assembly3_A-2	0.098	284	1.182E+00	26	0.063	2.552E-01	0.767	0.964	1viz-assembly3_A-2 Crystal structure of an hypothetical protein
TeuB_maduro_1-335	3vav-assembly1_G	0.097	206	1.588E+00	26	0.063	3.157E-01	0.484	0.749	3vav-assembly1_G Crystal structure of 3-methyl-2-oxobutanoate hydroxymethyltransferase from Burkholderia thailandensis
TeuB_maduro_1-335	3j9z-assembly1_SB	0.102	146	4.082E+00	26	0.063	4.546E-01	0.310	0.567	3j9z-assembly1_SB Activation of GTP Hydrolysis in mRNA-tRNA Translocation by Elongation Factor G
TeuB_maduro_1-335	5tch-assembly2_G	0.115	303	2.265E-01	26	0.063	1.901E-01	0.791	0.939	5tch-assembly2_G Crystal structure of tryptophan synthase from M. tuberculosis - ligand-free form, TrpA-G66V mutant
TeuB_maduro_1-335	8wra-assembly1_A	0.081	147	3.419E+00	26	0.063	4.266E-01	0.331	0.547	8wra-assembly1_A The Crystal Structure of CASP1 from Biortus
TeuB_maduro_1-335	5h5x-assembly2_E	0.135	303	3.227E-01	26	0.063	2.365E-01	0.776	0.935	5h5x-assembly2_E Crystal structure of NADH bound carbonyl reductase from Streptomyces coelicolor
TeuB_maduro_1-335	1wdw-assembly2_E	0.096	299	5.174E-01	26	0.063	2.115E-01	0.773	0.956	1wdw-assembly2_E Structural basis of mutual activation of the tryptophan synthase a2b2 complex from a hyperthermophile, Pyrococcus furiosus
TeuB_maduro_1-335	3sx2-assembly2_H	0.116	293	1.182E+00	26	0.063	2.985E-01	0.654	0.968	3sx2-assembly2_H Crystal structure of a putative 3-ketoacyl-(acyl-carrier-protein) reductase from Mycobacterium paratuberculosis in complex with NAD
TeuB_maduro_1-335	4w7h-assembly1_A-2	0.120	274	1.182E+00	26	0.063	2.967E-01	0.636	0.924	4w7h-assembly1_A-2 Crystal Structure of DEH Reductase A1-R Mutant
TeuB_maduro_1-335	5h5x-assembly1_D	0.130	268	3.423E-01	26	0.063	2.147E-01	0.666	0.956	5h5x-assembly1_D Crystal structure of NADH bound carbonyl reductase from Streptomyces coelicolor
TeuB_maduro_1-335	2ztm-assembly1_C	0.121	288	4.335E-01	26	0.063	2.313E-01	0.752	0.896	2ztm-assembly1_C T190S mutant of D-3-hydroxybutyrate dehydrogenase
TeuB_maduro_1-335	6zzq-assembly1_A	0.125	302	7.373E-01	26	0.063	2.673E-01	0.776	0.927	6zzq-assembly1_A Crystal structure of (R)-3-hydroxybutyrate dehydrogenase from Acinetobacter baumannii complexed with NAD+ and acetoacetate
TeuB_maduro_1-335	6jha-assembly1_B-2	0.087	218	9.903E-01	26	0.063	2.917E-01	0.576	0.607	6jha-assembly1_B-2 Crystal structure of NADPH bound AerF from Microcystis aeruginosa
TeuB_maduro_1-335	8r8o-assembly1_A	0.104	249	5.823E-01	26	0.063	2.520E-01	0.684	0.698	8r8o-assembly1_A Hallucinated de novo TIM barrel with three helical extensions - HalluTIM3-1
TeuB_maduro_1-335	3tml-assembly2_A	0.092	269	3.227E-01	26	0.063	1.998E-01	0.707	0.733	3tml-assembly2_A Crystal structure of 2-dehydro-3-deoxyphosphooctonate aldolase from Burkholderia cenocepacia
TeuB_maduro_1-335	3t4c-assembly1_A	0.073	260	4.335E-01	26	0.063	2.158E-01	0.699	0.723	3t4c-assembly1_A Crystal structure of 2-dehydro-3-deoxyphosphooctonate aldolase from Burkholderia ambifaria
TeuB_maduro_1-335	2rh4-assembly1_B	0.091	283	6.950E-01	26	0.063	2.530E-01	0.651	0.922	2rh4-assembly1_B Actinorhodin ketoreductase, actKR, with NADPH and Inhibitor Emodin
TeuB_maduro_1-335	7b0e-assembly1_A	0.105	284	3.852E-01	26	0.063	2.179E-01	0.684	0.933	7b0e-assembly1_A Crystal structure of SmbA loop deletion mutant
TeuB_maduro_1-335	3m1a-assembly2_B	0.112	222	6.176E-01	26	0.063	2.736E-01	0.579	0.576	3m1a-assembly2_B The Crystal Structure of a Short-chain Dehydrogenase from Streptomyces avermitilis to 2A
TeuB_maduro_1-335	7ulh-assembly1_E	0.125	254	2.704E-01	26	0.063	1.978E-01	0.633	0.783	7ulh-assembly1_E Crystal Structure of a Short chain dehydrogenase from Mycobacterium avium 104
TeuB_maduro_1-335	2wzm-assembly2_B	0.115	319	3.227E-01	26	0.063	1.962E-01	0.812	0.938	2wzm-assembly2_B Crystal structure of a mycobacterium aldo-keto reductase in its apo and liganded form
TeuB_maduro_1-335	2c2y-assembly1_A-2	0.122	318	1.182E+00	26	0.063	2.604E-01	0.767	0.879	2c2y-assembly1_A-2 Three Dimensional Structure of bifunctional methylenetetrahydrofolate dehydrogenase-cyclohydrolase from Mycobacterium tuberculosis
TeuB_maduro_1-335	7ulh-assembly1_C	0.124	266	2.403E-01	26	0.063	1.984E-01	0.633	0.796	7ulh-assembly1_C Crystal Structure of a Short chain dehydrogenase from Mycobacterium avium 104
TeuB_maduro_1-335	5w57-assembly1_A	0.101	344	9.335E-01	26	0.063	2.708E-01	0.773	0.996	5w57-assembly1_A Structure of Holo AztC
TeuB_maduro_1-335	9isl-assembly1_B	0.087	228	9.335E-01	26	0.063	3.018E-01	0.567	0.622	9isl-assembly1_B Human MTHFD1 in complex with compound 16e
TeuB_maduro_1-335	9isr-assembly2_C	0.065	320	1.182E+00	26	0.063	2.828E-01	0.761	0.863	9isr-assembly2_C Human MTHFD1 in complex with compound 16g
TeuB_maduro_1-335	7k4p-assembly2_B	0.126	213	6.950E-01	26	0.063	2.371E-01	0.487	0.694	7k4p-assembly2_B Crystal structure of Kemp Eliminase HG3
TeuB_maduro_1-335	5l3w-assembly1_A	0.111	314	5.823E-01	26	0.063	2.478E-01	0.788	0.886	5l3w-assembly1_A Structure of the crenarchaeal FtsY GTPase bound to GDP
TeuB_maduro_1-335	1jez-assembly1_B	0.118	362	1.052E-01	26	0.063	1.556E-01	0.937	0.923	1jez-assembly1_B THE STRUCTURE OF XYLOSE REDUCTASE, A DIMERIC ALDO-KETO REDUCTASE FROM CANDIDA TENUIS
TeuB_maduro_1-335	3qfe-assembly2_B	0.097	359	3.227E-01	26	0.063	1.866E-01	0.907	0.940	3qfe-assembly2_B Crystal structures of a putative dihydrodipicolinate synthase family protein from Coccidioides immitis
TeuB_maduro_1-335	5xmd-assembly2_D-3	0.144	298	5.823E-01	26	0.063	2.639E-01	0.669	0.854	5xmd-assembly2_D-3 Crystal structure of epoxide hydrolase VrEH1 from Vigna radiata
TeuB_maduro_1-335	7ejc-assembly1_A	0.101	148	4.330E+00	26	0.063	4.888E-01	0.313	0.448	7ejc-assembly1_A human RAD51 presynaptic complex
TeuB_maduro_1-335	5j21-assembly1_A	0.059	167	3.848E+00	26	0.063	4.328E-01	0.454	0.465	5j21-assembly1_A Structure of Bacillus NanoRNase A (WT)
TeuB_maduro_1-335	8zkv-assembly1_D	0.134	275	3.852E-01	26	0.063	2.153E-01	0.713	0.738	8zkv-assembly1_D Crystal structure of mutant catalytic domains of threonine deaminase in complex with PLP
TeuB_maduro_1-335	7eqi-assembly2_D	0.136	73	4.082E+00	26	0.063	4.438E-01	0.206	0.204	7eqi-assembly2_D ChlB3 [Aceyltransferase]
TeuB_maduro_1-335	3a9i-assembly1_A-2	0.112	266	6.552E-01	26	0.063	2.350E-01	0.767	0.591	3a9i-assembly1_A-2 Crystal structure of homocitrate synthase from Thermus thermophilus complexed with Lys
TeuB_maduro_1-335	4m3p-assembly1_C	0.137	270	1.050E+00	26	0.063	2.269E-01	0.657	0.693	4m3p-assembly1_C Betaine-Homocysteine S-Methyltransferase from Homo sapiens complexed with Homocysteine
TeuB_maduro_1-335	4e1l-assembly1_C	0.093	64	2.546E+00	26	0.063	3.849E-01	0.170	0.168	4e1l-assembly1_C Crystal structure of Acetoacetyl-CoA thiolase (thlA2) from Clostridium difficile
TeuB_maduro_1-335	6hg1-assembly1_A	0.101	276	7.821E-01	26	0.063	2.639E-01	0.773	0.501	6hg1-assembly1_A Hybrid dihydroorotase domain of human CAD with E. coli flexible loop in apo state
TeuB_maduro_1-335	3wqg-assembly1_A	0.128	241	8.296E-01	26	0.063	2.527E-01	0.627	0.536	3wqg-assembly1_A D-threo-3-hydroxyaspartate dehydratase C353A mutant in the metal-free form
TeuB_maduro_1-335	2bl4-assembly1_A	0.051	116	5.482E+00	26	0.063	4.780E-01	0.272	0.280	2bl4-assembly1_A Lactaldehyde:1,2-propanediol oxidoreductase of Escherichia coli
TeuB_maduro_1-335	4e1l-assembly1_B	0.086	92	2.865E+00	26	0.063	4.241E-01	0.242	0.219	4e1l-assembly1_B Crystal structure of Acetoacetyl-CoA thiolase (thlA2) from Clostridium difficile
TeuB_maduro_1-335	8jg3-assembly1_B-2	0.088	90	3.419E+00	26	0.063	4.516E-01	0.242	0.219	8jg3-assembly1_B-2 Biosynthetic thiolase from Clostridium kluyveri
TeuB_maduro_1-335	4gni-assembly3_A	0.081	74	3.419E+00	26	0.063	4.443E-01	0.212	0.169	4gni-assembly3_A Structure of the Ssz1 ATPase bound to ATP and Magnesium
TeuB_maduro_1-335	1xpm-assembly2_C	0.109	82	4.082E+00	26	0.063	4.538E-01	0.239	0.208	1xpm-assembly2_C Crystal Structure of Staphylococcus aureus HMG-COA Synthase with HMG-CoA and Acetoacetyl-COA and Acetylated Cysteine
TeuB_maduro_1-335	2hzg-assembly1_B	0.112	347	1.413E-01	26	0.063	1.671E-01	0.887	0.670	2hzg-assembly1_B Crystal structure of predicted Mandelate racemase from Rhodobacter sphaeroides
TeuB_maduro_1-335	4cta-assembly1_A	0.130	92	9.891E+00	26	0.063	5.698E-01	0.239	0.216	4cta-assembly1_A Competence or damage-inducible protein CinA from Thermus thermophilus
TeuB_maduro_1-335	2bgg-assembly1_A	0.131	311	1.330E+00	26	0.063	2.867E-01	0.746	0.653	2bgg-assembly1_A The structure of a Piwi protein from Archaeoglobus fulgidus complexed with a 16nt siRNA duplex.
TeuB_maduro_1-335	6pcd-assembly1_C	0.088	90	3.419E+00	26	0.063	4.631E-01	0.242	0.212	6pcd-assembly1_C Crystal structure of beta-ketoadipyl-CoA thiolase mutant (C90S-H356A) in complex Octanoyl coenzyme A
TeuB_maduro_1-335	6t5t-assembly1_A-2	0.118	296	1.684E+00	26	0.063	2.900E-01	0.707	0.609	6t5t-assembly1_A-2 Crystal structure of Archaeoglobus fulgidus Argonaute protein with cognate DNA oligoduplex 5'-pATTGTGGCCACAAT
TeuB_maduro_1-335	1ytu-assembly1_A	0.119	301	1.411E+00	26	0.063	2.887E-01	0.713	0.610	1ytu-assembly1_A Structural basis for 5'-end-specific recognition of the guide RNA strand by the A. fulgidus PIWI protein
TeuB_maduro_1-335	8ok9-assembly1_A	0.109	339	1.497E+00	26	0.063	2.818E-01	0.779	0.684	8ok9-assembly1_A Heterodimeric complex of Archaeoglobus fulgidus Argonaute protein Af1318 (AfAgo) with DNA and AfAgo-N protein containing N-L1-L2 domains
TeuB_maduro_1-335	1xwf-assembly1_D	0.116	421	9.903E-01	26	0.063	2.723E-01	0.922	0.867	1xwf-assembly1_D K185N mutated S-adenosylhomocysteine hydrolase
TeuB_maduro_1-335	8cfu-assembly1_A	0.114	456	1.254E+00	26	0.063	2.734E-01	0.899	0.852	8cfu-assembly1_A Crystal structure of S-adenosyl-L-homocysteine hydrolase from P. aeruginosa in complex with F2X-Entry library fragment H02
TeuB_maduro_1-335	3kal-assembly1_B	0.078	255	1.895E+00	26	0.063	3.287E-01	0.597	0.470	3kal-assembly1_B Structure of homoglutathione synthetase from Glycine max in closed conformation with homoglutathione, ADP, a sulfate ion, and three magnesium ions bound
TeuB_maduro_1-335	2j37-assembly1_W	0.128	226	4.878E-01	26	0.063	2.132E-01	0.567	0.426	2j37-assembly1_W MODEL OF MAMMALIAN SRP BOUND TO 80S RNCS
TeuB_maduro_1-335	7cyy-assembly1_D	0.118	338	1.050E+00	26	0.063	2.751E-01	0.773	0.639	7cyy-assembly1_D Crystal structure of Arabinose isomerase from hybrid AI8 with Adonitol
TeuB_maduro_1-335	8dba-assembly1_I	0.094	360	1.684E+00	26	0.063	2.717E-01	0.704	0.672	8dba-assembly1_I Crystal structure of dodecameric KaiC
TeuB_maduro_1-335	3dbh-assembly4_E	0.112	205	7.373E-01	26	0.063	2.759E-01	0.573	0.270	3dbh-assembly4_E Structural Dissection of a Gating Mechanism Preventing Misactivation of Ubiquitin by NEDD8's E1 (APPBP1-UBA3Arg190Ala-NEDD8Ala72Arg)
TeuB_maduro_1-335	3gzn-assembly2_C	0.118	203	5.489E-01	26	0.063	2.779E-01	0.573	0.268	3gzn-assembly2_C Structure of NEDD8-activating enzyme in complex with NEDD8 and MLN4924
TeuB_maduro_1-335	8jxl-assembly1_F	0.150	113	4.082E+00	26	0.063	4.383E-01	0.269	0.168	8jxl-assembly1_F Human 3-methylcrotonyl-CoA carboxylase in MCCU state with MCoA
TeuB_maduro_1-335	5z6p-assembly2_B	0.092	162	5.489E-01	26	0.063	2.854E-01	0.436	0.190	5z6p-assembly2_B The crystal structure of an agarase, AgWH50C
TeuB_maduro_1-335	3hjf-assembly1_A	0.140	107	3.627E+00	26	0.063	4.347E-01	0.296	0.147	3hjf-assembly1_A Crystal structure of T. thermophilus Argonaute E546 mutant protein complexed with DNA guide strand and 15-nt RNA target strand
TeuB_maduro_1-335	5ul3-assembly1_A	0.075	319	1.254E+00	26	0.063	3.010E-01	0.654	0.389	5ul3-assembly1_A Structure of Cobalamin-dependent S-adenosylmethionine radical enzyme OxsB with aqua-cobalamin bound
TeuB_maduro_1-335	5t10-assembly1_B	0.146	82	2.133E+00	25	0.057	3.842E-01	0.230	0.479	5t10-assembly1_B PelC dodecamer from Paraburkholderia phytofirmans, space group P6
TeuB_maduro_1-335	5yaa-assembly4_D	0.064	139	4.593E+00	25	0.057	4.545E-01	0.293	0.872	5yaa-assembly4_D Crystal structure of Marf1 NYN domain from Mus musculus
TeuB_maduro_1-335	6z2i-assembly1_A	0.129	186	1.684E+00	25	0.057	2.987E-01	0.487	0.905	6z2i-assembly1_A Crystal structure of DeNovoTIM6, a de novo designed TIM barrel
TeuB_maduro_1-335	5brn-assembly1_B	0.092	119	9.891E+00	25	0.057	5.480E-01	0.331	0.536	5brn-assembly1_B Human HGPRT in complex with (S)-HPEPHx, an acyclic nucleoside phosphonate
TeuB_maduro_1-335	1z7g-assembly1_B-2	0.083	132	5.168E+00	25	0.057	4.607E-01	0.325	0.553	1z7g-assembly1_B-2 Free human HGPRT
TeuB_maduro_1-335	4ran-assembly1_B	0.105	123	5.168E+00	25	0.057	4.275E-01	0.325	0.550	4ran-assembly1_B Aza-acyclic nucleoside phosphonates containing a second phosphonate group as inhibitors of the human, Plasmodium falciparum and vivax 6-oxopurine phosphoribosyltransferases and their pro-drugs as antimalarial agents
TeuB_maduro_1-335	7mj0-assembly1_B	0.112	204	2.262E+00	25	0.057	3.664E-01	0.555	0.678	7mj0-assembly1_B LarB, a carboxylase/hydrolase involved in synthesis of the cofactor for lactate racemase, in complex with adenosine monophosphate AMP
TeuB_maduro_1-335	1vpx-assembly2_N	0.144	229	8.800E-01	25	0.057	2.639E-01	0.621	0.858	1vpx-assembly2_N Crystal structure of Transaldolase (EC 2.2.1.2) (TM0295) from Thermotoga maritima at 2.40 A resolution
TeuB_maduro_1-335	8jtp-assembly1_A	0.110	226	2.133E+00	25	0.057	3.320E-01	0.513	0.962	8jtp-assembly1_A Crystal structure of apo Enoyl-Acyl Carrier Protein Reductase (FabI) from Klebsiella pneumoniae
TeuB_maduro_1-335	6jxn-assembly2_C	0.087	263	1.787E+00	25	0.057	3.156E-01	0.618	0.957	6jxn-assembly2_C Crystal Structure of Indigo reductase from Bacillus smithii type strain DSM 4216
TeuB_maduro_1-335	3p0r-assembly1_A-2	0.082	267	2.133E+00	25	0.057	3.070E-01	0.630	0.995	3p0r-assembly1_A-2 Crystal structure of azoreductase from Bacillus anthracis str. Sterne
TeuB_maduro_1-335	1km0-assembly1_B	0.108	248	1.330E+00	25	0.057	2.651E-01	0.618	0.986	1km0-assembly1_B Crystal structure of orotidine monophosphate decarboxylase mutant D70N complexed with 6-azaUMP
TeuB_maduro_1-335	3ng3-assembly1_B	0.109	293	4.086E-01	25	0.057	1.989E-01	0.800	0.995	3ng3-assembly1_B Crystal structure of deoxyribose phosphate aldolase from mycobacterium avium 104 in a schiff base with an unknown aldehyde
TeuB_maduro_1-335	3lld-assembly1_B	0.116	250	1.182E+00	25	0.057	2.619E-01	0.621	0.968	3lld-assembly1_B Crystal structure of the mutant S127G of orotidine 5'-monophosphate decarboxylase from Methanobacterium thermoautotrophicum complexed with 6-azauridine 5'-monophosphate
TeuB_maduro_1-335	8std-assembly3_E	0.130	199	1.787E+00	25	0.057	3.341E-01	0.555	0.636	8std-assembly3_E S127A variant of LarB, a carboxylase/hydrolase involved in synthesis of the cofactor for lactate racemase, in complex with authentic substrate NaAD and soaked with CS2
TeuB_maduro_1-335	4da9-assembly1_A	0.090	209	3.627E+00	25	0.057	4.029E-01	0.469	0.890	4da9-assembly1_A Crystal structure of putative Short-chain dehydrogenase/reductase from Sinorhizobium meliloti 1021
TeuB_maduro_1-335	5kh2-assembly1_B	0.120	241	4.878E-01	25	0.057	2.274E-01	0.651	0.780	5kh2-assembly1_B Crystal Structure of Steptococcus pneumoniae Undecaprenyl pyrophosphate Synthase (UPPS)
TeuB_maduro_1-335	3u5t-assembly1_A	0.116	181	3.848E+00	25	0.057	3.953E-01	0.463	0.687	3u5t-assembly1_A The crystal structure of 3-oxoacyl-[acyl-carrier-protein] reductase from Sinorhizobium meliloti
TeuB_maduro_1-335	8apo-assembly1_Bb	0.069	158	6.544E+00	25	0.057	5.028E-01	0.307	0.627	8apo-assembly1_Bb Structure of the mitochondrial ribosome from Polytomella magna with tRNAs bound to the A and P sites
TeuB_maduro_1-335	5tii-assembly1_C	0.104	250	1.254E+00	25	0.057	2.819E-01	0.501	0.975	5tii-assembly1_C Comprehensive Analysis of a Novel Ketoreductase for Pentangular Polyphenol Biosynthesis
TeuB_maduro_1-335	4q7l-assembly3_C	0.125	128	5.168E+00	25	0.057	4.401E-01	0.307	0.536	4q7l-assembly3_C Structure of NBD288 of TM287/288
TeuB_maduro_1-335	4fgs-assembly1_A	0.094	243	2.133E+00	25	0.057	3.415E-01	0.481	0.958	4fgs-assembly1_A Crystal structure of a probable dehydrogenase protein
TeuB_maduro_1-335	2ztu-assembly1_D	0.116	292	4.878E-01	25	0.057	2.343E-01	0.752	0.892	2ztu-assembly1_D T190A mutant of D-3-hydroxybutyrate dehydrogenase complexed with NAD+
TeuB_maduro_1-335	4d7a-assembly2_D	0.108	221	2.262E+00	25	0.057	3.322E-01	0.460	0.852	4d7a-assembly2_D Crystal structure of E. coli tRNA N6-threonylcarbamoyladenosine dehydratase, TcdA, in complex with AMP at 1.801 Angstroem resolution
TeuB_maduro_1-335	3ez4-assembly1_J	0.090	220	1.895E+00	25	0.057	3.058E-01	0.525	0.770	3ez4-assembly1_J Crystal structure of 3-methyl-2-oxobutanoate hydroxymethyltransferase from Burkholderia pseudomallei
TeuB_maduro_1-335	7ypd-assembly1_B	0.089	178	4.593E+00	25	0.057	4.116E-01	0.385	0.687	7ypd-assembly1_B Discovery and characterization of a new carbonyl reductase from Rhodotorula toluroides reducing fluoroketones, and X-ray analysis of the variant by rational engineering
TeuB_maduro_1-335	4zgw-assembly1_A	0.093	247	1.330E+00	25	0.057	2.814E-01	0.493	0.971	4zgw-assembly1_A Short-chain dehydrogenase/reductase from Serratia marcescens BCRC 10948
TeuB_maduro_1-335	4one-assembly1_D	0.095	252	2.010E+00	25	0.057	3.305E-01	0.490	0.947	4one-assembly1_D Crystal Structure of a 3-oxoacyl-[acyl-carrier protein] reductase from Brucella melitensis
TeuB_maduro_1-335	4rdi-assembly1_A	0.097	235	8.296E-01	25	0.057	2.775E-01	0.507	0.854	4rdi-assembly1_A Crystal structure of E. coli tRNA N6-threonylcarbamoyladenosine dehydratase, TcdA
TeuB_maduro_1-335	3ndr-assembly1_D	0.091	252	2.133E+00	25	0.057	3.430E-01	0.493	0.964	3ndr-assembly1_D Crystal structure of tetrameric pyridoxal 4-dehydrogenase from Mesorhizobium loti
TeuB_maduro_1-335	2b4q-assembly1_B	0.153	319	7.373E-01	25	0.057	2.841E-01	0.806	0.948	2b4q-assembly1_B Pseudomonas aeruginosa RhlG/NADP active-site complex
TeuB_maduro_1-335	5h5x-assembly1_A	0.155	206	5.489E-01	25	0.057	2.166E-01	0.510	0.742	5h5x-assembly1_A Crystal structure of NADH bound carbonyl reductase from Streptomyces coelicolor
TeuB_maduro_1-335	7w61-assembly1_A	0.109	228	1.182E+00	25	0.057	2.964E-01	0.576	0.675	7w61-assembly1_A Crystal structure of farnesol dehydrogenase from Helicoverpa armigera
TeuB_maduro_1-335	3vav-assembly1_E	0.096	229	1.254E+00	25	0.057	2.796E-01	0.525	0.773	3vav-assembly1_E Crystal structure of 3-methyl-2-oxobutanoate hydroxymethyltransferase from Burkholderia thailandensis
TeuB_maduro_1-335	4yed-assembly1_B	0.115	130	8.287E+00	25	0.057	5.133E-01	0.278	0.488	4yed-assembly1_B TcdA (CsdL)
TeuB_maduro_1-335	3wye-assembly1_A-2	0.122	262	5.823E-01	25	0.057	2.532E-01	0.755	0.616	3wye-assembly1_A-2 Crystal Structure of chimeric engineered (2S,3S)-butanediol dehydrogenase complexed with NAD+
TeuB_maduro_1-335	6b4c-assembly9_I	0.106	264	1.330E+00	25	0.057	2.655E-01	0.615	0.922	6b4c-assembly9_I Structure of Viperin from Trichoderma virens
TeuB_maduro_1-335	5jla-assembly1_C	0.115	277	9.903E-01	25	0.057	2.909E-01	0.573	0.988	5jla-assembly1_C Crystal Structure of Ribose-5-phosphate Isomerase from Brucella melitensis 16M
TeuB_maduro_1-335	4dc1-assembly1_B	0.102	224	2.262E+00	25	0.057	3.332E-01	0.582	0.621	4dc1-assembly1_B Crystal Structure of Y202F Actinorhodin Polyketide Ketoreductase with NADPH
TeuB_maduro_1-335	3qrw-assembly1_B	0.092	280	6.176E-01	25	0.057	2.346E-01	0.636	0.931	3qrw-assembly1_B Actinorhodin Polyketide Ketoreductase Mutant P94L bound to NADPH
TeuB_maduro_1-335	2bgl-assembly1_A	0.109	183	5.168E+00	25	0.057	4.467E-01	0.382	0.596	2bgl-assembly1_A X-Ray structure of binary-Secoisolariciresinol Dehydrogenase
TeuB_maduro_1-335	7eul-assembly1_A	0.089	234	5.489E-01	25	0.057	2.268E-01	0.564	0.707	7eul-assembly1_A Crystal structure of C86H-H196S mutant of N(omega)-hydroxy-L-arginine hydrolase
TeuB_maduro_1-335	3ewb-assembly1_X-2	0.098	316	5.174E-01	25	0.057	2.227E-01	0.830	0.875	3ewb-assembly1_X-2 Crystal structure of N-terminal domain of putative 2-isopropylmalate synthase from Listeria monocytogenes
TeuB_maduro_1-335	3m1a-assembly4_E	0.099	222	1.254E+00	25	0.057	2.920E-01	0.579	0.576	3m1a-assembly4_E The Crystal Structure of a Short-chain Dehydrogenase from Streptomyces avermitilis to 2A
TeuB_maduro_1-335	3sx2-assembly2_F	0.106	283	8.296E-01	25	0.057	2.626E-01	0.669	0.828	3sx2-assembly2_F Crystal structure of a putative 3-ketoacyl-(acyl-carrier-protein) reductase from Mycobacterium paratuberculosis in complex with NAD
TeuB_maduro_1-335	4n4q-assembly1_D	0.127	313	1.183E-01	25	0.057	1.596E-01	0.779	0.819	4n4q-assembly1_D Crystal Structure of N-acetylneuraminate lyase from Mycoplasma synoviae, crystal form II
TeuB_maduro_1-335	4x04-assembly1_D	0.116	241	8.800E-01	25	0.057	2.616E-01	0.564	0.674	4x04-assembly1_D CRYSTAL STRUCTURE OF A TRAP PERIPLASMIC SOLUTE BINDING PROTEIN FROM CITROBACTER KOSERI (CKO_04899, TARGET EFI-510094) WITH BOUND D-glucuronate
TeuB_maduro_1-335	1lt7-assembly1_B	0.118	286	1.497E+00	25	0.057	2.462E-01	0.657	0.756	1lt7-assembly1_B Oxidized Homo sapiens betaine-homocysteine S-methyltransferase in complex with four Sm(III) ions
TeuB_maduro_1-335	3ln3-assembly1_A	0.083	361	1.590E-01	25	0.057	1.623E-01	0.878	0.887	3ln3-assembly1_A Crystal structure of Putative reductase (NP_038806.2) from MUS MUSCULUS at 1.18 A resolution
TeuB_maduro_1-335	5bqs-assembly1_B	0.095	84	6.942E+00	25	0.057	4.847E-01	0.227	0.245	5bqs-assembly1_B S. Pneumoniae Fabh with small molecule inhibitor 4
TeuB_maduro_1-335	7eqi-assembly2_C	0.123	81	5.168E+00	25	0.057	4.653E-01	0.224	0.234	7eqi-assembly2_C ChlB3 [Aceyltransferase]
TeuB_maduro_1-335	2hzl-assembly1_A	0.142	63	5.168E+00	25	0.057	5.043E-01	0.185	0.177	2hzl-assembly1_A Crystal structures of a sodium-alpha-keto acid binding subunit from a TRAP transporter in its closed forms
TeuB_maduro_1-335	6om1-assembly4_H	0.046	282	2.010E+00	25	0.057	3.471E-01	0.546	0.690	6om1-assembly4_H Crystal structure of an atypical integrin
TeuB_maduro_1-335	1v5b-assembly4_H	0.106	346	1.050E+00	25	0.057	2.501E-01	0.761	0.843	1v5b-assembly4_H The Structure Of The Mutant, S225A and E251L, Of 3-Isopropylmalate Dehydrogenase From Bacillus Coagulans
TeuB_maduro_1-335	2hdb-assembly1_B	0.120	83	8.287E+00	25	0.057	5.350E-01	0.242	0.217	2hdb-assembly1_B HMG-CoA synthase from Enterococcus faecalis. Mutation alanine 110 to glycine
TeuB_maduro_1-335	6pcb-assembly1_C	0.109	82	5.816E+00	25	0.057	4.953E-01	0.227	0.194	6pcb-assembly1_C Crystal structure of beta-ketoadipyl-CoA thiolase mutant (H356A) in complex with COA
TeuB_maduro_1-335	6pcc-assembly1_B	0.066	90	5.482E+00	25	0.057	4.879E-01	0.242	0.216	6pcc-assembly1_B Crystal structure of beta-ketoadipyl-CoA thiolase mutant (H356A) in complex hexanoyl coenzyme A
TeuB_maduro_1-335	6pcd-assembly1_A	0.093	86	4.872E+00	25	0.057	4.700E-01	0.236	0.200	6pcd-assembly1_A Crystal structure of beta-ketoadipyl-CoA thiolase mutant (C90S-H356A) in complex Octanoyl coenzyme A
TeuB_maduro_1-335	5jam-assembly1_A	0.096	301	4.878E-01	25	0.057	2.064E-01	0.609	0.657	5jam-assembly1_A Yersinia pestis FabV variant T276V
TeuB_maduro_1-335	8oy9-assembly2_B	0.119	159	9.335E-01	25	0.057	2.815E-01	0.451	0.273	8oy9-assembly2_B Time-resolved SFX structure of the class II photolyase complexed with a thymine dimer (1 microsecond pump-probe delay)
TeuB_maduro_1-335	5axa-assembly1_C	0.110	425	1.411E+00	25	0.057	2.882E-01	0.922	0.870	5axa-assembly1_C Crystal structure of mouse SAHH complexed with adenosine
TeuB_maduro_1-335	3h9u-assembly1_A	0.119	419	1.787E+00	25	0.057	2.997E-01	0.922	0.879	3h9u-assembly1_A S-adenosyl homocysteine hydrolase (SAHH) from Trypanosoma brucei
TeuB_maduro_1-335	3h9u-assembly1_B	0.109	302	2.262E+00	25	0.057	3.375E-01	0.693	0.623	3h9u-assembly1_B S-adenosyl homocysteine hydrolase (SAHH) from Trypanosoma brucei
TeuB_maduro_1-335	6dv2-assembly1_A	0.107	84	5.168E+00	25	0.057	4.320E-01	0.230	0.188	6dv2-assembly1_A Crystal Structure of Human Mitochondrial Trifunctional Protein
TeuB_maduro_1-335	6gbn-assembly1_B	0.106	430	9.335E-01	25	0.057	2.706E-01	0.890	0.892	6gbn-assembly1_B Crystal structure of S-adenosyl-L-homocysteine hydrolase from Cytophaga hutchinsonii in complex with adenosine
TeuB_maduro_1-335	4a35-assembly1_A-2	0.113	230	6.552E-01	25	0.057	2.267E-01	0.654	0.383	4a35-assembly1_A-2 Crystal structure of human Mitochondrial enolase superfamily member 1 (ENOSF1)
TeuB_maduro_1-335	3t5a-assembly1_A	0.096	289	2.400E+00	25	0.057	3.260E-01	0.728	0.585	3t5a-assembly1_A Crystal structure of N-terminal domain of FAAL28 G330W mutant from Mycobacterium tuberculosis
TeuB_maduro_1-335	5oes-assembly1_A	0.082	230	9.335E-01	25	0.057	2.892E-01	0.540	0.440	5oes-assembly1_A The structure of a glutathione synthetase (StGSS1) from Solanum tuberosum in ADP and y-EC bound closed conformation.
TeuB_maduro_1-335	3icj-assembly1_A	0.132	249	7.373E-01	25	0.057	2.401E-01	0.642	0.408	3icj-assembly1_A Crystal structure of an uncharacterized metal-dependent hydrolase from pyrococcus furiosus
TeuB_maduro_1-335	3dc8-assembly1_A	0.106	244	1.254E+00	25	0.057	2.771E-01	0.672	0.373	3dc8-assembly1_A Crystal structure of dihydropyrimidinase from Sinorhizobium meliloti
TeuB_maduro_1-335	7ofz-assembly2_A	0.117	179	3.423E-01	25	0.057	2.242E-01	0.457	0.292	7ofz-assembly2_A Nontypeable Haemophillus influenzae SapA in complex with double stranded RNA
TeuB_maduro_1-335	4qfo-assembly1_A	0.101	157	6.176E-01	25	0.057	2.745E-01	0.415	0.266	4qfo-assembly1_A Crystal structure of dipeptide binding protein from pseudoalteromonas sp. SM9913 in complex with Met-Leu
TeuB_maduro_1-335	1r4m-assembly2_C	0.132	174	1.114E+00	25	0.057	2.844E-01	0.484	0.260	1r4m-assembly2_C APPBP1-UBA3-NEDD8, an E1-ubiquitin-like protein complex
TeuB_maduro_1-335	4ayw-assembly1_A-2	0.097	133	3.848E+00	25	0.057	4.088E-01	0.307	0.232	4ayw-assembly1_A-2 STRUCTURE OF THE HUMAN MITOCHONDRIAL ABC TRANSPORTER, ABCB10 (PLATE FORM)
TeuB_maduro_1-335	3b9d-assembly1_A	0.133	203	2.700E+00	25	0.057	3.940E-01	0.385	0.347	3b9d-assembly1_A Crystal structure of Vibrio harveyi chitinase A complexed with pentasaccharide
TeuB_maduro_1-335	4ayx-assembly1_A	0.133	135	3.627E+00	25	0.057	4.208E-01	0.310	0.236	4ayx-assembly1_A STRUCTURE OF THE HUMAN MITOCHONDRIAL ABC TRANSPORTER, ABCB10 (ROD FORM B)
TeuB_maduro_1-335	6zng-assembly1_B	0.101	287	1.684E+00	25	0.057	2.969E-01	0.609	0.348	6zng-assembly1_B MaeB full-length acetyl-CoA bound state
TeuB_maduro_1-335	5bp4-assembly4_G	0.102	438	1.411E+00	25	0.057	3.073E-01	0.800	0.382	5bp4-assembly4_G Modifying region (DH-ER-KR) of a mycocerosic acid synthase-like (MAS-like) PKS
TeuB_maduro_1-335	8qoz-assembly1_A	0.102	98	3.848E+00	25	0.057	4.479E-01	0.278	0.039	8qoz-assembly1_A Cryo-EM Structure of Pre-B+5'ss+ATPgammaS Complex (core part)
TeuB_maduro_1-335	8byr-assembly1_C	0.101	167	4.330E+00	24	0.051	3.877E-01	0.391	0.972	8byr-assembly1_C Crystal structure of MoaB2 protein from Mycobacterium smegmatis
TeuB_maduro_1-335	7a4h-assembly1_BA	0.113	167	3.419E+00	24	0.051	3.648E-01	0.436	0.921	7a4h-assembly1_BA Aquifex aeolicus lumazine synthase-derived nucleocapsid variant NC-2 (180-mer)
TeuB_maduro_1-335	3nq4-assembly1_C	0.114	183	6.169E+00	24	0.051	4.446E-01	0.490	0.948	3nq4-assembly1_C 30mer structure of Lumazine synthase from Salmonella typhimurium LT2
TeuB_maduro_1-335	7a4i-assembly1_AB	0.139	187	4.593E+00	24	0.051	3.771E-01	0.439	0.962	7a4i-assembly1_AB Aquifex aeolicus lumazine synthase-derived nucleocapsid variant NC-3
TeuB_maduro_1-335	5bsk-assembly1_D	0.113	123	6.942E+00	24	0.051	4.689E-01	0.325	0.559	5bsk-assembly1_D Human HGPRT in complex with (S)-HPEPG, an acyclic nucleoside phosphonate
TeuB_maduro_1-335	4ijq-assembly1_A	0.105	123	7.812E+00	24	0.051	4.657E-01	0.331	0.535	4ijq-assembly1_A Human hypoxanthine-guanine phosphoribosyltransferase in complex with [(2-((Guanine-9H-yl)methyl)propane-1,3-diyl)bis(oxy)]bis(methylene))diphosphonic acid
TeuB_maduro_1-335	2h6r-assembly1_A	0.130	246	6.176E-01	24	0.051	1.960E-01	0.615	0.975	2h6r-assembly1_A Crystal Structure of triosephosphate isomerase (TIM) from Methanocaldococcus jannaschii
TeuB_maduro_1-335	4rac-assembly1_A	0.111	126	6.942E+00	24	0.051	4.559E-01	0.325	0.564	4rac-assembly1_A Aza-acyclic nucleoside phosphonates containing a second phosphonate group as inhibitors of the human, Plasmodium falciparum and vivax 6-oxopurine phosphoribosyltransferases and their pro-drugs as antimalarial agents
TeuB_maduro_1-335	8std-assembly2_D	0.150	200	1.895E+00	24	0.051	3.399E-01	0.555	0.676	8std-assembly2_D S127A variant of LarB, a carboxylase/hydrolase involved in synthesis of the cofactor for lactate racemase, in complex with authentic substrate NaAD and soaked with CS2
TeuB_maduro_1-335	5w8v-assembly1_B	0.112	133	5.816E+00	24	0.051	4.147E-01	0.325	0.574	5w8v-assembly1_B HUMAN HGPRT in complex with [(2-[(guanin-9-yl)methyl]propane-1,3-diyl)bis(oxy)]bis(methylene)diphosphonic acid
TeuB_maduro_1-335	6bnj-assembly1_D	0.111	134	6.544E+00	24	0.051	4.400E-01	0.331	0.538	6bnj-assembly1_D Human hypoxanthine guanine phosphoribosyltransferase in complex with [3R,4R]-4-guanin-9-yl-3-((R)-2-hydroxy-2-phosphonoethyl)oxy-1-N-(phosphonopropionyl)pyrrolidine
TeuB_maduro_1-335	3ggj-assembly1_B-2	0.172	58	8.790E+00	24	0.051	5.532E-01	0.170	0.265	3ggj-assembly1_B-2 Human hypoxanthine-guanine phosphoribosyltransferase in complex with 9-(2-phosphonoethoxyethyl)guanine
TeuB_maduro_1-335	3edm-assembly1_C	0.117	272	1.411E+00	24	0.051	2.627E-01	0.663	0.972	3edm-assembly1_C Crystal structure of a short chain dehydrogenase from Agrobacterium tumefaciens
TeuB_maduro_1-335	4lw7-assembly1_B	0.147	223	1.895E+00	24	0.051	2.666E-01	0.612	0.900	4lw7-assembly1_B Crystal structure of the mutant H128S of orotidine 5'-monophosphate decarboxylase from Methanobacterium thermoautotrophicum complexed with the inhibitor BMP
TeuB_maduro_1-335	5c8d-assembly1_B	0.109	211	1.114E+00	24	0.051	2.492E-01	0.606	0.765	5c8d-assembly1_B Crystal structure of full-length Thermus thermophilus CarH bound to adenosylcobalamin (dark state)
TeuB_maduro_1-335	3rkr-assembly2_B-3	0.116	224	2.262E+00	24	0.051	3.252E-01	0.585	0.719	3rkr-assembly2_B-3 Crystal structure of a metagenomic short-chain oxidoreductase (SDR) in complex with NADP
TeuB_maduro_1-335	6loi-assembly3_F	0.092	292	4.335E-01	24	0.051	2.093E-01	0.797	0.991	6loi-assembly3_F Crystal structure of Enterococcus faecalis Undecaprenyl pyrophosphate synthase(EfaUPPS)
TeuB_maduro_1-335	5wuw-assembly1_B-2	0.104	230	2.010E+00	24	0.051	3.135E-01	0.493	0.964	5wuw-assembly1_B-2 Serratia marcescens short-chain dehydrogenase/reductase F98L/F202L mutant
TeuB_maduro_1-335	8c2o-assembly2_B	0.137	80	6.942E+00	24	0.051	5.423E-01	0.197	0.327	8c2o-assembly2_B Structure of E. coli AmiA
TeuB_maduro_1-335	2ew8-assembly1_C	0.118	237	1.254E+00	24	0.051	2.745E-01	0.493	0.965	2ew8-assembly1_C Crystal Structure of the (S)-Specific 1-Phenylethanol Dehydrogenase of the Denitrifying Bacterium Strain EbN1
TeuB_maduro_1-335	4e3z-assembly1_A	0.103	242	2.010E+00	24	0.051	3.029E-01	0.481	0.978	4e3z-assembly1_A Crystal Structure of a oxidoreductase from Rhizobium etli CFN 42
TeuB_maduro_1-335	7wr0-assembly1_A	0.081	148	6.942E+00	24	0.051	4.748E-01	0.340	0.582	7wr0-assembly1_A P32 of caspase-4 C258A mutant
TeuB_maduro_1-335	7ypd-assembly1_A	0.108	185	1.588E+00	24	0.051	2.989E-01	0.478	0.599	7ypd-assembly1_A Discovery and characterization of a new carbonyl reductase from Rhodotorula toluroides reducing fluoroketones, and X-ray analysis of the variant by rational engineering
TeuB_maduro_1-335	3gy0-assembly1_A-2	0.102	214	1.114E+00	24	0.051	2.736E-01	0.561	0.665	3gy0-assembly1_A-2 Crystal structure of putatitve short chain dehydrogenase FROM SHIGELLA FLEXNERI 2A STR. 301 complexed with NADP
TeuB_maduro_1-335	4za2-assembly1_C	0.111	243	2.700E+00	24	0.051	3.537E-01	0.501	0.950	4za2-assembly1_C Crystal structure of Pectobacterium carotovorum 2-keto-3-deoxy-D-gluconate dehydrogenase complexed with NAD+
TeuB_maduro_1-335	4weo-assembly1_C	0.113	272	5.823E-01	24	0.051	1.874E-01	0.654	0.967	4weo-assembly1_C Crystal Structure of a Putative acetoin(Diacetyl) Reductase Burkholderia cenocepacia
TeuB_maduro_1-335	3ez4-assembly1_G	0.081	160	4.872E+00	24	0.051	4.050E-01	0.346	0.651	3ez4-assembly1_G Crystal structure of 3-methyl-2-oxobutanoate hydroxymethyltransferase from Burkholderia pseudomallei
TeuB_maduro_1-335	5tii-assembly1_A	0.090	255	1.411E+00	24	0.051	2.766E-01	0.501	0.967	5tii-assembly1_A Comprehensive Analysis of a Novel Ketoreductase for Pentangular Polyphenol Biosynthesis
TeuB_maduro_1-335	4bnv-assembly1_D	0.104	230	3.227E-01	24	0.051	1.874E-01	0.588	0.719	4bnv-assembly1_D Crystal structure of 3-oxoacyl-(acyl-carrier-protein) reductase (FabG) from Pseudomonas aeruginosa in complex with 1-(2-chlorophenyl)-3-(1- methylbenzimidazol-2-yl)urea at 2.5A resolution
TeuB_maduro_1-335	3vav-assembly1_C	0.085	222	1.787E+00	24	0.051	2.846E-01	0.525	0.765	3vav-assembly1_C Crystal structure of 3-methyl-2-oxobutanoate hydroxymethyltransferase from Burkholderia thailandensis
TeuB_maduro_1-335	2dzx-assembly1_A	0.095	303	1.254E+00	24	0.051	2.322E-01	0.770	0.980	2dzx-assembly1_A Structure of mutant tryptophan synthase alpha-subunit (E131-132A) from a hyperthermophile, Pyrococcus furiosus
TeuB_maduro_1-335	6ux3-assembly1_A	0.085	258	4.598E-01	24	0.051	1.936E-01	0.651	0.746	6ux3-assembly1_A Crystal structure of acetoin dehydrogenase from Enterobacter cloacae
TeuB_maduro_1-335	1wdw-assembly3_I	0.105	295	6.950E-01	24	0.051	2.121E-01	0.773	0.955	1wdw-assembly3_I Structural basis of mutual activation of the tryptophan synthase a2b2 complex from a hyperthermophile, Pyrococcus furiosus
TeuB_maduro_1-335	5wul-assembly1_A	0.095	251	1.895E+00	24	0.051	2.884E-01	0.493	0.971	5wul-assembly1_A Serratia marcescens short-chain dehydrogenase/reductase F98A/F202L
TeuB_maduro_1-335	5wuw-assembly1_A-2	0.088	249	1.330E+00	24	0.051	2.641E-01	0.493	0.967	5wuw-assembly1_A-2 Serratia marcescens short-chain dehydrogenase/reductase F98L/F202L mutant
TeuB_maduro_1-335	5wva-assembly1_A-2	0.084	249	1.330E+00	24	0.051	2.707E-01	0.493	0.971	5wva-assembly1_A-2 Serratia marcescens short-chain dehydrogenase/reductase F98Y/F202Y mutant
TeuB_maduro_1-335	2c07-assembly1_A	0.086	302	5.489E-01	24	0.051	1.972E-01	0.773	0.907	2c07-assembly1_A Oxoacyl-ACP reductase of Plasmodium falciparum
TeuB_maduro_1-335	4nbv-assembly1_A	0.109	293	9.335E-01	24	0.051	2.485E-01	0.764	0.902	4nbv-assembly1_A Crystal structure of FabG from Cupriavidus taiwanensis
TeuB_maduro_1-335	7pcs-assembly1_D	0.090	299	9.335E-01	24	0.051	2.424E-01	0.761	0.891	7pcs-assembly1_D Structure of the heterotetrameric SDR family member BbsCD
TeuB_maduro_1-335	5x8h-assembly1_C	0.104	258	7.821E-01	24	0.051	2.459E-01	0.687	0.786	5x8h-assembly1_C Crystal structure of the ketone reductase ChKRED20 from the genome of Chryseobacterium sp. CA49
TeuB_maduro_1-335	1g6h-assembly1_A	0.087	149	7.364E+00	24	0.051	4.669E-01	0.307	0.559	1g6h-assembly1_A CRYSTAL STRUCTURE OF THE ADP CONFORMATION OF MJ1267, AN ATP-BINDING CASSETTE OF AN ABC TRANSPORTER
TeuB_maduro_1-335	7yb1-assembly1_A	0.106	253	2.400E+00	24	0.051	3.089E-01	0.478	0.941	7yb1-assembly1_A Crystal Structure of anthrol reductase (CbAR) in complex with NADP+
TeuB_maduro_1-335	2ztm-assembly1_A	0.119	294	6.950E-01	24	0.051	2.548E-01	0.746	0.910	2ztm-assembly1_A T190S mutant of D-3-hydroxybutyrate dehydrogenase
TeuB_maduro_1-335	4m9r-assembly1_A	0.121	123	9.891E+00	24	0.051	5.584E-01	0.287	0.461	4m9r-assembly1_A Crystal structure of CED-3
TeuB_maduro_1-335	4mwa-assembly3_C	0.116	257	1.684E+00	24	0.051	2.409E-01	0.657	0.848	4mwa-assembly3_C 1.85 Angstrom Crystal Structure of GCPE Protein from Bacillus anthracis
TeuB_maduro_1-335	3ca8-assembly2_B	0.115	156	1.787E+00	24	0.051	2.803E-01	0.442	0.506	3ca8-assembly2_B Crystal structure of Escherichia coli YdcF, an S-adenosyl-L-methionine utilizing enzyme
TeuB_maduro_1-335	1ja9-assembly1_A	0.146	267	5.489E-01	24	0.051	2.138E-01	0.630	0.915	1ja9-assembly1_A Crystal structure of 1,3,6,8-tetrahydroxynaphthalene reductase in complex with NADPH and pyroquilon
TeuB_maduro_1-335	2c7v-assembly1_C	0.103	300	6.552E-01	24	0.051	2.471E-01	0.764	0.927	2c7v-assembly1_C Structure of Trypanosoma brucei pteridine reductase (PTR1) in ternary complex with cofactor and the antifolate methotrexate
TeuB_maduro_1-335	6b4c-assembly4_D	0.091	272	1.411E+00	24	0.051	2.696E-01	0.624	0.931	6b4c-assembly4_D Structure of Viperin from Trichoderma virens
TeuB_maduro_1-335	4dc0-assembly1_B	0.111	225	1.895E+00	24	0.051	3.055E-01	0.582	0.621	4dc0-assembly1_B Crystal Structure of F189W Actinorhodin Polyketide Ketoreductase with NADPH
TeuB_maduro_1-335	6y32-assembly4_G	0.125	208	7.373E-01	24	0.051	2.406E-01	0.507	0.674	6y32-assembly4_G Structure of the GTPase heterodimer of human SRP54 and SRalpha
TeuB_maduro_1-335	8q58-assembly1_A	0.137	261	1.497E+00	24	0.051	2.528E-01	0.630	0.888	8q58-assembly1_A Crystal structure of metal-dependent classII sulfofructosephosphate aldolase (SFPA) from Hafnia paralvei HpSqiA-Zn
TeuB_maduro_1-335	7dlm-assembly1_A	0.130	238	1.254E+00	24	0.051	2.429E-01	0.588	0.657	7dlm-assembly1_A Short chain dehydrogenase (SCR) crystal structure with NADPH
TeuB_maduro_1-335	4b4v-assembly1_B	0.117	307	2.865E+00	24	0.051	3.383E-01	0.770	0.879	4b4v-assembly1_B Crystal structure of Acinetobacter baumannii N5, N10- methylenetetrahydrofolate dehydrogenase-cyclohydrolase (FolD) complexed with NADP cofactor and inhibitor LY354899
TeuB_maduro_1-335	5o98-assembly1_A	0.114	157	9.891E+00	24	0.051	4.984E-01	0.355	0.521	5o98-assembly1_A Binary complex of Catharanthus roseus Vitrosamine Synthase with NADP+
TeuB_maduro_1-335	3s5o-assembly1_A	0.114	297	8.296E-01	24	0.051	2.244E-01	0.707	0.807	3s5o-assembly1_A Crystal Structure of Human 4-hydroxy-2-oxoglutarate Aldolase Bound to Pyruvate
TeuB_maduro_1-335	1b3v-assembly1_A	0.106	206	1.254E+00	24	0.051	2.488E-01	0.466	0.652	1b3v-assembly1_A XYLANASE FROM PENICILLIUM SIMPLICISSIMUM, COMPLEX WITH XYLOSE
TeuB_maduro_1-335	2qvh-assembly1_A	0.162	160	3.039E+00	24	0.051	3.434E-01	0.436	0.453	2qvh-assembly1_A Crystal structure of O-succinylbenzoate synthase complexed with O-succinyl benzoate (OSB)
TeuB_maduro_1-335	1q13-assembly2_B	0.106	243	6.176E-01	24	0.051	1.988E-01	0.642	0.621	1q13-assembly2_B Crystal structure of rabbit 20alpha hyroxysteroid dehydrogenase in ternary complex with NADP and testosterone
TeuB_maduro_1-335	4i5x-assembly1_A	0.121	272	3.423E-01	24	0.051	1.869E-01	0.699	0.664	4i5x-assembly1_A Crystal Structure Of AKR1B10 Complexed With NADP+ And Flufenamic acid
TeuB_maduro_1-335	1w5q-assembly1_A	0.104	278	5.823E-01	24	0.051	2.103E-01	0.636	0.759	1w5q-assembly1_A Stepwise introduction of zinc binding site into porphobilinogen synthase of Pseudomonas aeruginosa (mutations A129C, D131C, D139C, P132E, K229R)
TeuB_maduro_1-335	1w5n-assembly1_B	0.072	289	9.335E-01	24	0.051	2.281E-01	0.675	0.768	1w5n-assembly1_B Stepwise introduction of zinc binding site into porphobilinogen synthase of Pseudomonas aeruginosa (mutations D131C and D139C)
TeuB_maduro_1-335	3qty-assembly1_B	0.102	39	5.816E+00	24	0.051	5.288E-01	0.116	0.118	3qty-assembly1_B Crystal structure of Phosphoribosylaminoimidazole Synthetase from Francisella tularensis complexed with pyrophosphate
TeuB_maduro_1-335	8d45-assembly1_C	0.105	322	1.411E+00	24	0.051	2.291E-01	0.776	0.814	8d45-assembly1_C Cryo-EM structure of human Kidney Betaine-Homocysteine Methyltransferase
TeuB_maduro_1-335	3bsm-assembly1_A	0.092	325	2.868E-01	24	0.051	1.714E-01	0.839	0.668	3bsm-assembly1_A Crystal structure of D-mannonate dehydratase from Chromohalobacter salexigens
TeuB_maduro_1-335	2pgr-assembly1_A	0.080	261	7.821E-01	24	0.051	2.277E-01	0.633	0.565	2pgr-assembly1_A Crystal structure of adenosine deaminase from Plasmodium vivax in complex with pentostatin
TeuB_maduro_1-335	8w30-assembly1_B	0.063	221	4.593E+00	24	0.051	4.318E-01	0.328	0.578	8w30-assembly1_B Crystal structure of alpha-V beta-1 integrin headpiece in complex with TR01225179
TeuB_maduro_1-335	4qgs-assembly1_A	0.097	175	3.419E+00	24	0.051	3.865E-01	0.373	0.429	4qgs-assembly1_A Substrate and cofactor-free form of the Aldehyde Reductase YqhD from E. coli.
TeuB_maduro_1-335	4w61-assembly1_D	0.130	84	8.790E+00	24	0.051	4.828E-01	0.230	0.210	4w61-assembly1_D Crystal structure of beta-ketoacyl thiolase B (BktB) from Ralstonia eutropha
TeuB_maduro_1-335	3c48-assembly1_B	0.112	339	9.903E-01	24	0.051	2.603E-01	0.743	0.712	3c48-assembly1_B Structure of the retaining glycosyltransferase MshA: The first step in mycothiol biosynthesis. Organism: Corynebacterium glutamicum- APO (OPEN) structure.
TeuB_maduro_1-335	6pca-assembly1_C	0.094	85	4.330E+00	24	0.051	4.450E-01	0.227	0.191	6pca-assembly1_C Crystal structure of beta-ketoadipyl-CoA thiolase
TeuB_maduro_1-335	5yvm-assembly1_A	0.093	107	9.891E+00	24	0.051	5.581E-01	0.313	0.211	5yvm-assembly1_A Crystal Structure of the archaeal halo-thermophilic Red Sea brine pool alcohol dehydrogenase ADH/D1 bound to NZQ
TeuB_maduro_1-335	5g2o-assembly1_A	0.130	292	1.114E+00	24	0.051	2.493E-01	0.633	0.602	5g2o-assembly1_A Yersinia pestis FabV variant T276A
TeuB_maduro_1-335	7r5y-assembly2_B	0.097	236	1.254E+00	24	0.051	2.739E-01	0.627	0.420	7r5y-assembly2_B Crystal Structure of Prevotella sp. CAG:617 Multiple Inositol Polyphosphate Phosphatase, complex with myo-inositol hexakissulfate
TeuB_maduro_1-335	3zu2-assembly1_A	0.103	270	1.050E+00	24	0.051	2.322E-01	0.516	0.607	3zu2-assembly1_A Structure of the enoyl-ACP reductase FabV from Yersinia pestis with the cofactor NADH (SIRAS)
TeuB_maduro_1-335	4wk2-assembly1_B	0.072	234	2.546E+00	24	0.051	3.903E-01	0.352	0.536	4wk2-assembly1_B Metal Ion and Ligand Binding of Integrin
TeuB_maduro_1-335	7obq-assembly1_y	0.107	288	4.878E-01	24	0.051	2.230E-01	0.779	0.427	7obq-assembly1_y SRP-SR at the distal site conformation
TeuB_maduro_1-335	7dy2-assembly2_L	0.092	347	2.010E+00	24	0.051	2.622E-01	0.618	0.729	7dy2-assembly2_L Crystal Structure of Cyanobacterial Circadian Clock Protein KaiC
TeuB_maduro_1-335	7v3x-assembly2_L	0.090	411	2.010E+00	24	0.051	2.877E-01	0.713	0.834	7v3x-assembly2_L Crystal Structure of Cyanobacterial Circadian Clock Protein KaiC
TeuB_maduro_1-335	7fda-assembly1_B	0.131	144	3.039E+00	24	0.051	3.744E-01	0.373	0.257	7fda-assembly1_B CryoEM Structure of Reconstituted V-ATPase, state1
TeuB_maduro_1-335	1v8b-assembly1_D	0.115	371	1.588E+00	24	0.051	2.915E-01	0.896	0.702	1v8b-assembly1_D Crystal structure of a hydrolase
TeuB_maduro_1-335	2o1s-assembly2_D	0.104	269	1.588E+00	24	0.051	2.829E-01	0.704	0.456	2o1s-assembly2_D 1-deoxy-D-xylulose 5-phosphate synthase (DXS) from Escherichia coli
TeuB_maduro_1-335	3dbr-assembly1_E	0.109	174	1.895E+00	24	0.051	2.961E-01	0.484	0.260	3dbr-assembly1_E Structural Dissection of a Gating Mechanism Preventing Misactivation of Ubiquitin by NEDD8's E1 (APPBP1-UBA3Arg190Gln-NEDD8Ala72Arg)
TeuB_maduro_1-335	9axl-assembly1_B	0.063	222	4.593E+00	24	0.051	4.491E-01	0.337	0.418	9axl-assembly1_B Structure of the semi-extended AlphaIIbBeta3 in complex with R21D10 Fab
TeuB_maduro_1-335	8z4l-assembly1_H	0.077	308	1.330E+00	24	0.051	2.731E-01	0.519	0.520	8z4l-assembly1_H Cryo-EM structure of CTR-bound type VII CRISPR-Cas complex at substrate-engaged state I
TeuB_maduro_1-335	5oyn-assembly1_D	0.135	200	4.082E+00	24	0.051	3.786E-01	0.525	0.291	5oyn-assembly1_D Crystal structure of D-xylonate dehydratase in holo-form
TeuB_maduro_1-335	6yhh-assembly1_A	0.078	431	2.549E-01	24	0.051	1.739E-01	0.755	0.598	6yhh-assembly1_A X-ray Structure of Flavobacterium johnsoniae chitobiase (FjGH20)
TeuB_maduro_1-335	3fcs-assembly1_B	0.079	63	2.546E+00	24	0.051	3.900E-01	0.179	0.088	3fcs-assembly1_B Structure of complete ectodomain of integrin aIIBb3
TeuB_maduro_1-335	6ulw-assembly1_C	0.084	439	9.903E-01	24	0.051	2.475E-01	0.836	0.339	6ulw-assembly1_C Adenylation, ketoreductase, and pseudo Asub multidomain structure of a keto acid-selecting NRPS module
TeuB_maduro_1-335	6ulw-assembly2_B	0.092	442	1.114E+00	24	0.051	2.452E-01	0.836	0.337	6ulw-assembly2_B Adenylation, ketoreductase, and pseudo Asub multidomain structure of a keto acid-selecting NRPS module
TeuB_maduro_1-335	8qxd-assembly1_A	0.114	61	6.942E+00	24	0.051	5.179E-01	0.173	0.027	8qxd-assembly1_A Cryo-EM structure of the cross-exon pre-B complex
TeuB_maduro_1-335	3lyh-assembly1_A	0.103	97	6.942E+00	23	0.045	3.925E-01	0.266	0.775	3lyh-assembly1_A Crystal structure of Putative cobalamin (vitamin B12) biosynthesis CbiX protein (YP_958415.1) from Marinobacter aquaeolei VT8 at 1.60 A resolution
TeuB_maduro_1-335	7a4h-assembly1_BO	0.145	165	4.593E+00	23	0.045	3.755E-01	0.436	0.926	7a4h-assembly1_BO Aquifex aeolicus lumazine synthase-derived nucleocapsid variant NC-2 (180-mer)
TeuB_maduro_1-335	6fxl-assembly1_B	0.055	197	5.482E+00	23	0.045	3.895E-01	0.549	0.974	6fxl-assembly1_B Structure of Trypanosoma cruzi type B ribose 5-phosphate isomerase (TcRpiB)
TeuB_maduro_1-335	6kmu-assembly4_G	0.144	90	6.544E+00	23	0.045	4.709E-01	0.254	0.552	6kmu-assembly4_G P22/P10 complex of caspase-11 mutant C254A
TeuB_maduro_1-335	3bjz-assembly1_B	0.131	114	8.287E+00	23	0.045	4.960E-01	0.316	0.497	3bjz-assembly1_B Crystal structure of Pseudomonas aeruginosa phosphoheptose isomerase
TeuB_maduro_1-335	8stc-assembly3_E	0.099	171	8.790E+00	23	0.045	4.970E-01	0.490	0.605	8stc-assembly3_E S127A variant of LarB, a carboxylase/hydrolase involved in synthesis of the cofactor for lactate racemase, in complex with Zinc and soaked with bicarbonate.
TeuB_maduro_1-335	2vfa-assembly1_A	0.104	134	6.544E+00	23	0.045	4.137E-01	0.325	0.571	2vfa-assembly1_A Crystal structure of a chimera of Plasmodium falciparum and human hypoxanthine-guanine phosphoribosyl transferases
TeuB_maduro_1-335	7mj1-assembly3_F	0.102	186	7.812E+00	23	0.045	4.597E-01	0.519	0.662	7mj1-assembly3_F LarB, a carboxylase/hydrolase involved in synthesis of the cofactor for lactate racemase, in complex with NAD
TeuB_maduro_1-335	2vpt-assembly1_A-2	0.075	198	4.593E+00	23	0.045	3.807E-01	0.481	0.771	2vpt-assembly1_A-2 Clostridium thermocellum family 3 carbohydrate esterase
TeuB_maduro_1-335	4v4n-assembly1_BB	0.137	109	4.082E+00	23	0.045	4.005E-01	0.296	0.441	4v4n-assembly1_BB Structure of the Methanococcus jannaschii ribosome-SecYEBeta channel complex
TeuB_maduro_1-335	6bnj-assembly1_C	0.094	127	9.325E+00	23	0.045	4.832E-01	0.331	0.549	6bnj-assembly1_C Human hypoxanthine guanine phosphoribosyltransferase in complex with [3R,4R]-4-guanin-9-yl-3-((R)-2-hydroxy-2-phosphonoethyl)oxy-1-N-(phosphonopropionyl)pyrrolidine
TeuB_maduro_1-335	1lol-assembly1_A	0.109	273	1.182E+00	23	0.045	2.501E-01	0.746	0.975	1lol-assembly1_A Crystal structure of orotidine monophosphate decarboxylase complex with XMP
TeuB_maduro_1-335	4rao-assembly1_D	0.117	128	7.812E+00	23	0.045	4.674E-01	0.331	0.556	4rao-assembly1_D Aza-acyclic nucleoside phosphonates containing a second phosphonate group as inhibitors of the human, Plasmodium falciparum and vivax 6-oxopurine phosphoribosyltransferases and their pro-drugs as antimalarial agents
TeuB_maduro_1-335	1vpx-assembly2_Q	0.147	223	1.588E+00	23	0.045	2.690E-01	0.621	0.817	1vpx-assembly2_Q Crystal structure of Transaldolase (EC 2.2.1.2) (TM0295) from Thermotoga maritima at 2.40 A resolution
TeuB_maduro_1-335	3g1s-assembly1_B	0.100	259	2.700E+00	23	0.045	2.849E-01	0.704	0.789	3g1s-assembly1_B Crystal structure of the mutant D70G of orotidine 5'-monophosphate decarboxylase from Methanobacterium thermoautotrophicum
TeuB_maduro_1-335	3m47-assembly1_A	0.118	279	1.497E+00	23	0.045	2.500E-01	0.752	0.957	3m47-assembly1_A Crystal structure of the mutant I218A of orotidine 5'-monophosphate decarboxylase from Methanobacterium thermoautotrophicum
TeuB_maduro_1-335	1km3-assembly1_A	0.109	256	1.330E+00	23	0.045	2.371E-01	0.612	0.976	1km3-assembly1_A crystal structure of ODCase mutant K42A complexed with 6-azaUMP
TeuB_maduro_1-335	3lty-assembly1_B	0.107	251	1.787E+00	23	0.045	2.457E-01	0.612	0.972	3lty-assembly1_B Crystal structure of the mutant V182A,I218A of orotidine 5'-monophosphate decarboxylase from Methanobacterium thermoautotrophicum complexed with inhibitor BMP
TeuB_maduro_1-335	2dtn-assembly1_A	0.090	242	4.598E-01	23	0.045	2.100E-01	0.660	0.794	2dtn-assembly1_A Crystal structure of Helicobacter pylori undecaprenyl pyrophosphate synthase complexed with pyrophosphate
TeuB_maduro_1-335	2cvh-assembly1_A	0.125	175	8.287E+00	23	0.045	4.540E-01	0.418	0.768	2cvh-assembly1_A Crystal structure of the RadB recombinase
TeuB_maduro_1-335	4jkf-assembly1_A	0.114	70	8.790E+00	23	0.045	5.291E-01	0.188	0.300	4jkf-assembly1_A Open and closed forms of T1791P+R1865A human PRP8 RNase H-like domain with bound Mg ion
TeuB_maduro_1-335	4e3z-assembly1_B	0.101	247	3.627E+00	23	0.045	3.743E-01	0.484	0.991	4e3z-assembly1_B Crystal Structure of a oxidoreductase from Rhizobium etli CFN 42
TeuB_maduro_1-335	4i5d-assembly1_B	0.107	233	1.895E+00	23	0.045	2.736E-01	0.472	0.936	4i5d-assembly1_B Crystal structure of Ralstonia sp. alcohol dehydrogenase in its apo form
TeuB_maduro_1-335	6w6b-assembly1_A-2	0.135	177	2.010E+00	23	0.045	2.921E-01	0.504	0.532	6w6b-assembly1_A-2 The X-ray crystal structure of the C-terminus domain of Staphylococcus aureus Fatty Acid Kinase A (FakA, residues 328-548) protein to 1.40 Angstrom resolution
TeuB_maduro_1-335	1x1t-assembly1_A	0.129	286	7.373E-01	23	0.045	2.239E-01	0.752	0.890	1x1t-assembly1_A Crystal Structure of D-3-Hydroxybutyrate Dehydrogenase from Pseudomonas fragi Complexed with NAD+
TeuB_maduro_1-335	6tbx-assembly1_C	0.087	287	1.497E+00	23	0.045	2.631E-01	0.767	0.908	6tbx-assembly1_C Trypanosoma brucei PTR1 (TbPTR1) in complex with a tricyclic-based inhibitor
TeuB_maduro_1-335	4bny-assembly1_D	0.109	255	1.895E+00	23	0.045	2.861E-01	0.528	0.984	4bny-assembly1_D Crystal structure of 3-oxoacyl-(acyl-carrier-protein) reductase (FabG) from Pseudomonas aeruginosa in complex with 4-(2-phenylthieno(3,2-d) pyrimidin-4-yl)morpholine at 1.8A resolution
TeuB_maduro_1-335	2jap-assembly1_D	0.106	253	1.330E+00	23	0.045	2.447E-01	0.627	0.914	2jap-assembly1_D Clavulanic Acid Dehydrogenase: Structural and Biochemical Analysis of the Final Step in the Biosynthesis of the beta-Lactamase Inhibitor Clavulanic acid
TeuB_maduro_1-335	5k9z-assembly2_D	0.092	237	2.865E+00	23	0.045	3.246E-01	0.504	0.890	5k9z-assembly2_D Crystal Structure of putative short-chain dehydrogenase/reductase from Burkholderia xenovorans LB400
TeuB_maduro_1-335	4one-assembly1_C	0.105	255	1.684E+00	23	0.045	2.824E-01	0.490	0.947	4one-assembly1_C Crystal Structure of a 3-oxoacyl-[acyl-carrier protein] reductase from Brucella melitensis
TeuB_maduro_1-335	4cuz-assembly2_H	0.122	236	6.950E-01	23	0.045	2.341E-01	0.612	0.790	4cuz-assembly2_H Crystal structure of S. aureus FabI in complex with NADPH and PT173
TeuB_maduro_1-335	4is3-assembly1_A	0.107	186	5.168E+00	23	0.045	3.964E-01	0.463	0.635	4is3-assembly1_A Crystal structure of a 3alpha-hydroxysteroid dehydrogenase (BaiA2) associated with secondary bile acid synthesis from Clostridium scindens VPI12708 in complex with a putative NAD(+)-OH- adduct at 2.0 A resolution
TeuB_maduro_1-335	2q2q-assembly1_A	0.119	277	1.684E+00	23	0.045	2.772E-01	0.636	0.936	2q2q-assembly1_A Structure of D-3-Hydroxybutyrate Dehydrogenase from Pseudomonas putida
TeuB_maduro_1-335	5vsm-assembly2_B	0.083	120	2.865E+00	23	0.045	3.586E-01	0.260	0.451	5vsm-assembly2_B Crystal structure of viperin with bound [4Fe-4S] cluster, 5'-deoxyadenosine, and L-methionine
TeuB_maduro_1-335	2wyv-assembly1_C	0.069	246	2.010E+00	23	0.045	2.826E-01	0.478	0.921	2wyv-assembly1_C High resolution structure of Thermus thermophilus enoyl-acyl carrier protein reductase NAD-form
TeuB_maduro_1-335	3awd-assembly1_D	0.119	234	8.800E-01	23	0.045	2.343E-01	0.591	0.728	3awd-assembly1_D Crystal structure of gox2181
TeuB_maduro_1-335	6h0m-assembly1_A	0.076	260	1.330E+00	23	0.045	2.831E-01	0.501	0.938	6h0m-assembly1_A 17beta-hydroxysteroid dehydrogenase type 14 mutant K158A in complex with Nicotinamide Adenine Dinucleotide
TeuB_maduro_1-335	3afm-assembly1_A	0.088	236	1.497E+00	23	0.045	2.707E-01	0.585	0.690	3afm-assembly1_A Crystal structure of aldose reductase A1-R responsible for alginate metabolism
TeuB_maduro_1-335	8hfj-assembly1_A	0.098	264	1.330E+00	23	0.045	2.627E-01	0.478	0.950	8hfj-assembly1_A Crystal Structure of CbAR mutant (H162F) in complex with NADP+ and a bulky 1,3-cyclodiketone
TeuB_maduro_1-335	6ci8-assembly1_B	0.120	216	2.010E+00	23	0.045	3.019E-01	0.567	0.598	6ci8-assembly1_B Structure of the microcompartment-associated aminoacetone dehydrogenase
TeuB_maduro_1-335	2fmo-assembly1_A	0.110	299	4.878E-01	23	0.045	1.768E-01	0.785	0.908	2fmo-assembly1_A Ala177Val mutant of E. coli Methylenetetrahydrofolate Reductase
TeuB_maduro_1-335	4cv1-assembly1_H	0.097	288	5.174E-01	23	0.045	2.030E-01	0.648	0.916	4cv1-assembly1_H Crystal structure of S. aureus FabI in complex with NADPH and CG400549
TeuB_maduro_1-335	1yxm-assembly1_C	0.142	168	5.168E+00	23	0.045	3.880E-01	0.463	0.538	1yxm-assembly1_C Crystal structure of peroxisomal trans 2-enoyl CoA reductase
TeuB_maduro_1-335	5l3q-assembly2_C	0.140	206	9.335E-01	23	0.045	2.354E-01	0.507	0.679	5l3q-assembly2_C Structure of the GTPase heterodimer of human SRP54 and SRalpha
TeuB_maduro_1-335	8ik2-assembly1_A	0.111	324	1.895E+00	23	0.045	2.821E-01	0.812	0.985	8ik2-assembly1_A RhlA exhibits dual thioesterase and acyltransferase activities during rhamnolipid biosynthesis
TeuB_maduro_1-335	1ve5-assembly1_C	0.132	256	9.903E-01	23	0.045	2.210E-01	0.669	0.766	1ve5-assembly1_C Crystal Structure of T.th. HB8 Threonine deaminase
TeuB_maduro_1-335	7dmg-assembly1_A	0.105	265	1.182E+00	23	0.045	2.476E-01	0.627	0.732	7dmg-assembly1_A Short chain dehydrogenase 2 (SCR2) crystal structure with NADP
TeuB_maduro_1-335	1ve5-assembly1_D	0.133	262	8.296E-01	23	0.045	2.147E-01	0.669	0.771	1ve5-assembly1_D Crystal Structure of T.th. HB8 Threonine deaminase
TeuB_maduro_1-335	1w8d-assembly1_D	0.077	246	4.082E+00	23	0.045	3.391E-01	0.493	0.821	1w8d-assembly1_D Binary structure of human DECR.
TeuB_maduro_1-335	1w8d-assembly1_C	0.076	288	2.400E+00	23	0.045	2.944E-01	0.588	0.944	1w8d-assembly1_C Binary structure of human DECR.
TeuB_maduro_1-335	6arh-assembly1_C	0.111	242	2.400E+00	23	0.045	2.868E-01	0.552	0.767	6arh-assembly1_C Crystal structure of Human NAL at a resolution of 1.6 Angstrom
TeuB_maduro_1-335	3fnd-assembly1_A	0.084	296	2.010E+00	23	0.045	2.733E-01	0.621	0.894	3fnd-assembly1_A Crystal structure of a chitinase from Bacteroides thetaiotaomicron
TeuB_maduro_1-335	5np7-assembly1_B	0.090	144	8.790E+00	23	0.045	5.120E-01	0.307	0.437	5np7-assembly1_B CryoEM structure of Human Rad51 on single-stranded DNA to 4.2A resolution.
TeuB_maduro_1-335	7cg2-assembly1_B	0.120	315	1.330E+00	23	0.045	2.770E-01	0.687	0.903	7cg2-assembly1_B Vigna radiata Epoxide hydrolase mutant
TeuB_maduro_1-335	4a1f-assembly1_A	0.100	269	4.082E+00	23	0.045	3.583E-01	0.573	0.728	4a1f-assembly1_A Crystal structure of C-terminal domain of Helicobacter pylori DnaB Helicase
TeuB_maduro_1-335	6kwt-assembly1_A	0.085	349	2.865E+00	23	0.045	3.456E-01	0.833	0.814	6kwt-assembly1_A Crystal structure of Gre2 in complex with NADPH complex from Candida albicans
TeuB_maduro_1-335	1dr0-assembly1_B	0.090	343	2.865E+00	23	0.045	2.801E-01	0.755	0.858	1dr0-assembly1_B STRUCTURE OF MODIFIED 3-ISOPROPYLMALATE DEHYDROGENASE AT THE C-TERMINUS, HD708
TeuB_maduro_1-335	2e3j-assembly1_A	0.104	124	6.942E+00	23	0.045	4.814E-01	0.313	0.321	2e3j-assembly1_A The crystal structure of epoxide hydrolase B (Rv1938) from mycobacterium tuberculosis at 2.1 angstrom
TeuB_maduro_1-335	3qfw-assembly1_A	0.160	262	5.823E-01	23	0.045	2.011E-01	0.639	0.663	3qfw-assembly1_A Crystal structure of Rubisco-like protein from Rhodopseudomonas palustris
TeuB_maduro_1-335	2nva-assembly2_C	0.073	246	9.335E-01	23	0.045	2.228E-01	0.484	0.632	2nva-assembly2_C The X-ray crystal structure of the Paramecium bursaria Chlorella virus arginine decarboxylase bound to agmatine
TeuB_maduro_1-335	7uka-assembly1_A	0.053	94	8.790E+00	23	0.045	4.874E-01	0.248	0.231	7uka-assembly1_A YgiC from Escherichia coli K-12 in complex with ADP
TeuB_maduro_1-335	5wx7-assembly2_D	0.086	115	4.330E+00	23	0.045	3.965E-01	0.284	0.304	5wx7-assembly2_D Alkyldiketide-CoA synthase W332G mutant from Evodia rutaecarpa
TeuB_maduro_1-335	6frk-assembly1_x	0.105	314	5.489E-01	23	0.045	2.083E-01	0.884	0.559	6frk-assembly1_x Structure of a prehandover mammalian ribosomal SRP and SRP receptor targeting complex
TeuB_maduro_1-335	1afw-assembly1_A	0.107	65	5.816E+00	23	0.045	4.267E-01	0.170	0.164	1afw-assembly1_A THE 1.8 ANGSTROM CRYSTAL STRUCTURE OF THE DIMERIC PEROXISOMAL THIOLASE OF SACCHAROMYCES CEREVISIAE
TeuB_maduro_1-335	6pcd-assembly1_B	0.096	83	6.544E+00	23	0.045	4.879E-01	0.227	0.195	6pcd-assembly1_B Crystal structure of beta-ketoadipyl-CoA thiolase mutant (C90S-H356A) in complex Octanoyl coenzyme A
TeuB_maduro_1-335	4yxv-assembly1_B	0.140	107	3.039E+00	23	0.045	3.645E-01	0.266	0.257	4yxv-assembly1_B PksG, a HMG-CoA Synthase from Bacillus subtilus
TeuB_maduro_1-335	6scg-assembly1_B	0.087	194	7.364E+00	23	0.045	4.201E-01	0.487	0.391	6scg-assembly1_B Structure of AdhE form 1
TeuB_maduro_1-335	5jai-assembly1_A	0.095	305	6.176E-01	23	0.045	1.997E-01	0.618	0.640	5jai-assembly1_A Yersinia pestis FabV variant T276G
TeuB_maduro_1-335	6tuo-assembly1_A-2	0.122	295	2.546E+00	23	0.045	2.871E-01	0.707	0.607	6tuo-assembly1_A-2 Crystal structure of Archaeoglobus fulgidus Argonaute protein with cognate DNA oligoduplex 5'-pATTGTACGTACAAT
TeuB_maduro_1-335	6e1j-assembly1_B	0.102	273	2.133E+00	23	0.045	2.664E-01	0.663	0.578	6e1j-assembly1_B Crystal Structure of Methylthioalkylmalate Synthase (BjuMAM1.1) from Brassica juncea
TeuB_maduro_1-335	2xa9-assembly1_A	0.088	327	1.684E+00	23	0.045	2.657E-01	0.654	0.743	2xa9-assembly1_A Crystal structure of trehalose synthase TreT mutant E326A from P. horikoshii in complex with UDPG
TeuB_maduro_1-335	2cwx-assembly1_A	0.095	304	2.133E+00	23	0.045	2.594E-01	0.633	0.659	2cwx-assembly1_A Crystal structure of octameric ribulose-1,5-bisphosphate carboxylase/oxygenase (Rubisco) from Pyrococcus horikoshii OT3 (form-1 crystal)
TeuB_maduro_1-335	5oet-assembly1_B	0.137	145	4.872E+00	23	0.045	3.855E-01	0.379	0.283	5oet-assembly1_B The structure of a glutathione synthetase like-effector (GSS30) from Globodera pallida in apoform.
TeuB_maduro_1-335	4ip4-assembly1_A	0.108	231	1.254E+00	23	0.045	2.408E-01	0.654	0.399	4ip4-assembly1_A Crystal structure of l-fuconate dehydratase from Silicibacter sp. tm1040 liganded with Mg
TeuB_maduro_1-335	6ge8-assembly1_A	0.119	210	4.593E+00	23	0.045	3.659E-01	0.448	0.483	6ge8-assembly1_A Crystal structure of Mycobacterium tuberculosis BioA
TeuB_maduro_1-335	6dv2-assembly3_E	0.117	85	7.812E+00	23	0.045	4.898E-01	0.230	0.191	6dv2-assembly3_E Crystal Structure of Human Mitochondrial Trifunctional Protein
TeuB_maduro_1-335	6dv2-assembly2_D	0.117	85	7.364E+00	23	0.045	4.892E-01	0.230	0.191	6dv2-assembly2_D Crystal Structure of Human Mitochondrial Trifunctional Protein
TeuB_maduro_1-335	4z17-assembly1_A	0.153	104	6.169E+00	23	0.045	4.280E-01	0.221	0.238	4z17-assembly1_A Thermostable enolase from Chloroflexus aurantiacus
TeuB_maduro_1-335	3mtj-assembly1_A	0.154	194	4.872E+00	23	0.045	3.810E-01	0.543	0.334	3mtj-assembly1_A The Crystal Structure of a Homoserine Dehydrogenase from Thiobacillus denitrificans to 2.15A
TeuB_maduro_1-335	4nx0-assembly1_D	0.098	285	3.852E-01	23	0.045	1.791E-01	0.597	0.543	4nx0-assembly1_D Crystal structure of Abp-WT, a GH27-b-L-arabinopyranosidase from Geobacillus stearothermophilus
TeuB_maduro_1-335	8iol-assembly1_B	0.086	312	2.010E+00	23	0.045	2.678E-01	0.633	0.648	8iol-assembly1_B The complex of Rubisco large subunit (RbcL)
TeuB_maduro_1-335	3kak-assembly1_A	0.083	276	2.400E+00	23	0.045	3.079E-01	0.609	0.521	3kak-assembly1_A Structure of homoglutathione synthetase from Glycine max in open conformation with gamma-glutamyl-cysteine bound.
TeuB_maduro_1-335	5oes-assembly1_B	0.082	230	1.588E+00	23	0.045	2.918E-01	0.540	0.439	5oes-assembly1_B The structure of a glutathione synthetase (StGSS1) from Solanum tuberosum in ADP and y-EC bound closed conformation.
TeuB_maduro_1-335	5oes-assembly3_F	0.063	268	8.800E-01	23	0.045	2.558E-01	0.573	0.536	5oes-assembly3_F The structure of a glutathione synthetase (StGSS1) from Solanum tuberosum in ADP and y-EC bound closed conformation.
TeuB_maduro_1-335	5d80-assembly2_d	0.109	182	2.133E+00	23	0.045	3.061E-01	0.487	0.276	5d80-assembly2_d Crystal Structure of Yeast V1-ATPase in the Autoinhibited Form
TeuB_maduro_1-335	8ajs-assembly1_DDD	0.126	452	9.335E-01	23	0.045	2.396E-01	0.901	0.868	8ajs-assembly1_DDD Crystal structure of the F324A mutant of S-adenosyl-L-homocysteine hydrolase from Pseudomonas aeruginosa cocrystallized with adenosine in the presence of K+ cations
TeuB_maduro_1-335	8ajt-assembly1_BBB	0.102	458	1.330E+00	23	0.045	2.502E-01	0.901	0.868	8ajt-assembly1_BBB Crystal structure of the H323A mutant of S-adenosyl-L-homocysteine hydrolase from Pseudomonas aeruginosa cocrystallized with adenosine in the presence of K+ cations
TeuB_maduro_1-335	7s65-assembly1_E	0.088	450	8.800E-01	23	0.045	2.227E-01	0.851	0.850	7s65-assembly1_E Compressed conformation of nighttime state KaiC
TeuB_maduro_1-335	6xbw-assembly1_D	0.119	184	1.684E+00	23	0.045	2.899E-01	0.504	0.289	6xbw-assembly1_D Cryo-EM structure of V-ATPase from bovine brain, state 1
TeuB_maduro_1-335	7u4t-assembly1_F	0.090	177	1.050E+00	23	0.045	2.676E-01	0.490	0.274	7u4t-assembly1_F Human V-ATPase in state 2 with SidK and mEAK-7
TeuB_maduro_1-335	7v3x-assembly1_E	0.090	407	2.133E+00	23	0.045	2.850E-01	0.716	0.840	7v3x-assembly1_E Crystal Structure of Cyanobacterial Circadian Clock Protein KaiC
TeuB_maduro_1-335	4r1q-assembly1_E	0.138	339	1.050E+00	23	0.045	2.304E-01	0.761	0.629	4r1q-assembly1_E Crystal Structure of Thermophilic Geobacillus kaustophilus L-Arabinose isomerase in complex with L-arabitol
TeuB_maduro_1-335	7r7g-assembly1_A	0.101	297	3.039E+00	23	0.045	2.968E-01	0.770	0.444	7r7g-assembly1_A Synechococcus Olefin Synthase FAAL domain A229I/R336A in complex with palmitoyl adenylate and pyrophosphate
TeuB_maduro_1-335	7ocy-assembly1_B	0.155	109	4.872E+00	23	0.045	4.012E-01	0.263	0.189	7ocy-assembly1_B Enterococcus faecalis EfrCD in complex with a nanobody
TeuB_maduro_1-335	3fcs-assembly2_D	0.079	63	3.223E+00	23	0.045	3.928E-01	0.179	0.100	3fcs-assembly2_D Structure of complete ectodomain of integrin aIIBb3
TeuB_maduro_1-335	3dlh-assembly1_A	0.130	69	4.872E+00	23	0.045	4.206E-01	0.197	0.098	3dlh-assembly1_A Crystal structure of the guide-strand-containing Argonaute protein silencing complex
TeuB_maduro_1-335	4bq3-assembly4_D	0.078	166	9.335E-01	23	0.045	2.613E-01	0.436	0.166	4bq3-assembly4_D Structural analysis of an exo-beta-agarase
TeuB_maduro_1-335	8cj5-assembly1_B-2	0.105	200	1.114E+00	23	0.045	2.138E-01	0.475	0.209	8cj5-assembly1_B-2 Arabidopsis thaliana Phosphoenolpyruvate carboxylase PPC1 A651V mutant with bound phosphate
TeuB_maduro_1-335	6ytn-assembly2_BBB	0.101	206	3.039E+00	23	0.045	3.494E-01	0.570	0.118	6ytn-assembly2_BBB Magnesium chelatase H subunit (ChlH) E660W variant from Synechocystis sp.PCC6803
TeuB_maduro_1-335	7a4h-assembly1_BB	0.165	163	6.544E+00	22	0.040	3.870E-01	0.436	0.919	7a4h-assembly1_BB Aquifex aeolicus lumazine synthase-derived nucleocapsid variant NC-2 (180-mer)
TeuB_maduro_1-335	7a4h-assembly1_BL	0.120	166	5.482E+00	22	0.040	3.648E-01	0.439	0.954	7a4h-assembly1_BL Aquifex aeolicus lumazine synthase-derived nucleocapsid variant NC-2 (180-mer)
TeuB_maduro_1-335	4ep5-assembly1_A-2	0.150	133	2.865E+00	22	0.040	2.874E-01	0.328	0.707	4ep5-assembly1_A-2 Thermus thermophilus RuvC structure
TeuB_maduro_1-335	5mtk-assembly1_A	0.115	138	5.168E+00	22	0.040	4.020E-01	0.293	0.765	5mtk-assembly1_A Crystal structure of human Caspase-1 with (3S,6S,10aS)-N-((2S,3S)-2-hydroxy-5-oxotetrahydrofuran-3-yl)-6-(isoquinoline-1-carboxamido)-5-oxodecahydropyrrolo[1,2-a]azocine-3-carboxamide (PGE-3935199)
TeuB_maduro_1-335	4aln-assembly1_D	0.114	228	6.552E-01	22	0.040	2.042E-01	0.606	0.882	4aln-assembly1_D Crystal structure of S. aureus FabI (P32)
TeuB_maduro_1-335	6tmf-assembly1_B	0.078	115	8.790E+00	22	0.040	5.000E-01	0.328	0.482	6tmf-assembly1_B Structure of an archaeal ABCE1-bound ribosomal post-splitting complex
TeuB_maduro_1-335	4ran-assembly1_C	0.108	129	7.364E+00	22	0.040	4.086E-01	0.325	0.559	4ran-assembly1_C Aza-acyclic nucleoside phosphonates containing a second phosphonate group as inhibitors of the human, Plasmodium falciparum and vivax 6-oxopurine phosphoribosyltransferases and their pro-drugs as antimalarial agents
TeuB_maduro_1-335	2d2r-assembly1_B	0.097	235	1.254E+00	22	0.040	2.493E-01	0.630	0.837	2d2r-assembly1_B Crystal structure of Helicobacter pylori Undecaprenyl Pyrophosphate Synthase
TeuB_maduro_1-335	2dtn-assembly1_B	0.075	237	1.497E+00	22	0.040	2.632E-01	0.660	0.759	2dtn-assembly1_B Crystal structure of Helicobacter pylori undecaprenyl pyrophosphate synthase complexed with pyrophosphate
TeuB_maduro_1-335	3enb-assembly2_B	0.116	103	5.168E+00	22	0.040	4.348E-01	0.293	0.394	3enb-assembly2_B Crystal Structure of PRP8 core domain IV
TeuB_maduro_1-335	6fvj-assembly8_H	0.091	196	4.082E+00	22	0.040	3.564E-01	0.487	0.844	6fvj-assembly8_H TesA a major thioesterase from Mycobacterium tuberculosis
TeuB_maduro_1-335	3li1-assembly1_B	0.116	249	1.895E+00	22	0.040	2.431E-01	0.615	0.959	3li1-assembly1_B Crystal structure of the mutant I218A of orotidine 5'-monophosphate decarboxylase from Methanobacterium thermoautotrophicum complexed with inhibitor BMP
TeuB_maduro_1-335	3llf-assembly1_B	0.120	274	2.865E+00	22	0.040	2.538E-01	0.746	0.954	3llf-assembly1_B Crystal structure of the mutant S127P of orotidine 5'-monophosphate decarboxylase from Methanobacterium thermoautotrophicum complexed with 6-azauridine 5'-monophosphate
TeuB_maduro_1-335	4xbk-assembly1_B	0.084	201	3.848E+00	22	0.040	2.738E-01	0.534	0.806	4xbk-assembly1_B 2-deoxyribose-5-phosphate aldolase from Lactobacillus brevis
TeuB_maduro_1-335	3rlu-assembly1_B	0.122	254	2.133E+00	22	0.040	2.382E-01	0.627	0.972	3rlu-assembly1_B Crystal structure of the mutant K82A of orotidine 5'-monophosphate decarboxylase from Methanobacterium thermoautotrophicum complexed with the inhibitor BMP
TeuB_maduro_1-335	3rlv-assembly1_B	0.109	266	2.262E+00	22	0.040	2.715E-01	0.704	0.798	3rlv-assembly1_B Crystal structure of the mutant Y206F of orotidine 5'-monophosphate decarboxylase from Methanobacterium thermoautotrophicum complexed with the inhibitor BMP
TeuB_maduro_1-335	5c8d-assembly1_A	0.105	228	1.588E+00	22	0.040	2.435E-01	0.606	0.772	5c8d-assembly1_A Crystal structure of full-length Thermus thermophilus CarH bound to adenosylcobalamin (dark state)
TeuB_maduro_1-335	1viz-assembly3_B	0.101	257	3.039E+00	22	0.040	2.746E-01	0.684	0.855	1viz-assembly3_B Crystal structure of an hypothetical protein
TeuB_maduro_1-335	8jia-assembly1_A	0.139	136	8.790E+00	22	0.040	4.507E-01	0.307	0.577	8jia-assembly1_A Cryo-EM structure of Mycobacterium tuberculosis ATP bound FtsE(E165Q)X/RipC complex in peptidisc
TeuB_maduro_1-335	3u5t-assembly3_D	0.119	217	2.010E+00	22	0.040	2.741E-01	0.576	0.689	3u5t-assembly3_D The crystal structure of 3-oxoacyl-[acyl-carrier-protein] reductase from Sinorhizobium meliloti
TeuB_maduro_1-335	7caw-assembly1_D	0.075	291	4.335E-01	22	0.040	1.668E-01	0.752	0.909	7caw-assembly1_D Crystal structure of bacterial reductase
TeuB_maduro_1-335	5kh5-assembly1_A	0.106	273	6.552E-01	22	0.040	1.882E-01	0.624	0.957	5kh5-assembly1_A Crystal Structure of Steptococcus pneumoniae Undecaprenyl pyrophosphate Synthase (UPPS) IN COMPLEX WITH ~{N}-(3-azanyl-3-oxidanylidene-propyl)-5-(1-benzothiophen-5-yl)-1-(phenylmethyl)-~{N}-[(4-propan-2-yloxyphenyl)methyl]pyrazole-4-carboxamide
TeuB_maduro_1-335	4rzh-assembly1_B	0.091	262	5.489E-01	22	0.040	1.851E-01	0.633	0.932	4rzh-assembly1_B Crystal structure of FabG from Synechocystis sp. PCC 6803
TeuB_maduro_1-335	6vap-assembly1_A	0.110	253	3.039E+00	22	0.040	3.141E-01	0.555	0.970	6vap-assembly1_A Structure of the type II thioesterase BorB from the borrelidin biosynthetic cluster
TeuB_maduro_1-335	3gk3-assembly1_A	0.102	186	4.330E+00	22	0.040	3.301E-01	0.481	0.586	3gk3-assembly1_A Crystal structure of acetoacetyl-CoA reductase from Burkholderia pseudomallei 1710b
TeuB_maduro_1-335	8jfg-assembly2_F	0.079	240	2.865E+00	22	0.040	3.083E-01	0.487	0.954	8jfg-assembly2_F Crystal structure of 3-oxoacyl-ACP reductase FabG in complex with NADP+ and 3-keto-octanoyl-ACP from Helicobacter pylori
TeuB_maduro_1-335	3osu-assembly1_B	0.083	253	1.114E+00	22	0.040	2.135E-01	0.645	0.749	3osu-assembly1_B Crystal structure of the 3-oxoacyl-acyl carrier protein reductase, FabG, from Staphylococcus aureus
TeuB_maduro_1-335	3sj7-assembly1_A-2	0.088	204	1.182E+00	22	0.040	2.202E-01	0.496	0.690	3sj7-assembly1_A-2 Structure of beta-ketoacetyl-CoA reductase (FabG) from Staphylococcus aureus complex with NADPH
TeuB_maduro_1-335	8sby-assembly2_B	0.141	170	7.812E+00	22	0.040	4.262E-01	0.385	0.608	8sby-assembly2_B Crystal Structure of 2,3-dihydro-2,3-dihydroxybenzoate dehydrogenase from Klebsiella aerogenes (NAD and sulfate bound, hexagonal form)
TeuB_maduro_1-335	6jha-assembly1_A-2	0.071	209	4.082E+00	22	0.040	3.318E-01	0.516	0.674	6jha-assembly1_A-2 Crystal structure of NADPH bound AerF from Microcystis aeruginosa
TeuB_maduro_1-335	4tkm-assembly1_A-2	0.086	290	2.700E+00	22	0.040	2.928E-01	0.660	0.955	4tkm-assembly1_A-2 Crystal structure of NADH-dependent reductase A1-R' complexed with NAD
TeuB_maduro_1-335	8cxa-assembly1_D	0.123	219	9.903E-01	22	0.040	2.294E-01	0.528	0.807	8cxa-assembly1_D Crystal Structure of 3-oxoacyl-[acyl-carrier-protein] reductase from Mycobacterium smegmatis with bound NAD
TeuB_maduro_1-335	3i3o-assembly2_G	0.139	251	1.684E+00	22	0.040	2.477E-01	0.549	0.959	3i3o-assembly2_G 2.06 Angstrom resolution crystal structure of a short chain dehydrogenase from Bacillus anthracis str. 'Ames Ancestor' in complex with NAD-acetone
TeuB_maduro_1-335	3ez4-assembly1_I	0.085	152	7.812E+00	22	0.040	4.235E-01	0.322	0.606	3ez4-assembly1_I Crystal structure of 3-methyl-2-oxobutanoate hydroxymethyltransferase from Burkholderia pseudomallei
TeuB_maduro_1-335	4tkl-assembly1_A-2	0.099	222	4.330E+00	22	0.040	3.556E-01	0.487	0.756	4tkl-assembly1_A-2 Crystal structure of NADH-dependent reductase A1-R' responsible for alginate metabolism
TeuB_maduro_1-335	2yw9-assembly2_H	0.091	274	1.787E+00	22	0.040	2.565E-01	0.639	0.923	2yw9-assembly2_H Crystal structure of TT0143 from Thermus thermophilus HB8
TeuB_maduro_1-335	7v0h-assembly1_B	0.109	192	4.330E+00	22	0.040	3.447E-01	0.499	0.636	7v0h-assembly1_B Crystal Structure of Putative glucose 1-dehydrogenase from Burkholderia cenocepacia in complex with NADP and a potential reaction product
TeuB_maduro_1-335	4w7i-assembly2_D	0.108	285	2.546E+00	22	0.040	3.001E-01	0.660	0.955	4w7i-assembly2_D Crystal structure of DEH reductase A1-R' mutant
TeuB_maduro_1-335	8ide-assembly1_B	0.124	129	8.790E+00	22	0.040	4.662E-01	0.272	0.492	8ide-assembly1_B Structure of an ancient TsaD-TsaC-SUA5-TcdA modular enzyme (TsaN)
TeuB_maduro_1-335	1mxh-assembly1_D	0.112	240	5.168E+00	22	0.040	3.513E-01	0.594	0.794	1mxh-assembly1_D Crystal Structure of Substrate Complex of Putative Pteridine Reductase 2 (PTR2) from Trypanosoma cruzi
TeuB_maduro_1-335	7o6q-assembly1_B	0.106	234	3.223E+00	22	0.040	3.307E-01	0.472	0.895	7o6q-assembly1_B Structure of the borneol dehydrogenase 1 of salvia rosmarinus
TeuB_maduro_1-335	6zz0-assembly1_D	0.092	249	2.262E+00	22	0.040	3.001E-01	0.493	0.923	6zz0-assembly1_D Structure of the borneol dehydrogenase of Salvia rosmarinus (apo)
TeuB_maduro_1-335	4eso-assembly1_A	0.110	236	2.400E+00	22	0.040	3.070E-01	0.573	0.700	4eso-assembly1_A Crystal structure of a putative oxidoreductase protein from Sinorhizobium meliloti 1021 in complex with NADP
TeuB_maduro_1-335	8hfk-assembly1_C	0.108	257	5.168E+00	22	0.040	3.534E-01	0.478	0.952	8hfk-assembly1_C Crystal Structure of CbAR mutant (H162F) in complex with NADP+ and halogenated aryl ketone
TeuB_maduro_1-335	7dd0-assembly1_C	0.109	173	5.168E+00	22	0.040	4.003E-01	0.316	0.659	7dd0-assembly1_C Crystal structure of the N-terminal domain of TagH from Bacillus subtilis
TeuB_maduro_1-335	2ztv-assembly1_D	0.138	260	1.254E+00	22	0.040	2.124E-01	0.633	0.933	2ztv-assembly1_D The binary complex of D-3-hydroxybutyrate dehydrogenase with NAD+
TeuB_maduro_1-335	1g0n-assembly1_B-2	0.107	251	3.848E+00	22	0.040	3.320E-01	0.507	0.937	1g0n-assembly1_B-2 STRUCTURE OF TRIHYDROXYNAPHTHALENE REDUCTASE IN COMPLEX WITH NADPH AND 4,5,6,7-TETRACHLORO-PHTHALIDE
TeuB_maduro_1-335	2dtd-assembly1_A	0.110	172	7.812E+00	22	0.040	4.269E-01	0.391	0.584	2dtd-assembly1_A Structure of Thermoplasma acidophilum aldohexose dehydrogenase (AldT) in ligand-free form
TeuB_maduro_1-335	2ghi-assembly1_A	0.119	142	4.593E+00	22	0.040	3.710E-01	0.307	0.514	2ghi-assembly1_A Crystal Structure of Plasmodium yoelii Multidrug Resistance Protein 2
TeuB_maduro_1-335	2yr1-assembly1_B	0.137	277	1.684E+00	22	0.040	2.250E-01	0.660	0.977	2yr1-assembly1_B Crystal Structure of 3-dehydroquinate dehydratase from Geobacillus kaustophilus HTA426
TeuB_maduro_1-335	6oso-assembly1_A-2	0.111	297	1.787E+00	22	0.040	2.147E-01	0.764	0.915	6oso-assembly1_A-2 The crystal structure of the isolate tryptophan synthase alpha-chain from Salmonella enterica serovar typhimurium at 1.75 Angstrom resolution
TeuB_maduro_1-335	3t4c-assembly1_D	0.093	320	5.489E-01	22	0.040	1.704E-01	0.797	0.931	3t4c-assembly1_D Crystal structure of 2-dehydro-3-deoxyphosphooctonate aldolase from Burkholderia ambifaria
TeuB_maduro_1-335	3cxr-assembly1_A	0.119	242	6.950E-01	22	0.040	1.953E-01	0.591	0.708	3cxr-assembly1_A Crystal structure of gluconate 5-dehydrogase from streptococcus suis type 2
TeuB_maduro_1-335	3itd-assembly1_A	0.104	268	3.627E+00	22	0.040	3.352E-01	0.501	0.969	3itd-assembly1_A Crystal structure of an inactive 17beta-Hydroxysteroid dehydrogenase (Y167F mutated form) from fungus Cochliobolus lunatus
TeuB_maduro_1-335	1fuy-assembly1_A-2	0.122	302	9.335E-01	22	0.040	1.926E-01	0.764	0.920	1fuy-assembly1_A-2 CRYSTAL STRUCTURE OF BETAA169L/BETAC170W DOUBLE MUTANT OF TRYPTOPHAN SYNTHASE COMPLEXED WITH 5-FLUORO-INDOLE-PROPANOL PHOSPHATE
TeuB_maduro_1-335	5nco-assembly1_l	0.116	292	1.497E+00	22	0.040	2.560E-01	0.716	0.886	5nco-assembly1_l Quaternary complex between SRP, SR, and SecYEG bound to the translating ribosome
TeuB_maduro_1-335	3wby-assembly2_B	0.091	251	1.050E+00	22	0.040	2.049E-01	0.630	0.841	3wby-assembly2_B Crystal structure of Gox0644 D53A mutant in complex with NADPH
TeuB_maduro_1-335	7dll-assembly1_A-2	0.102	311	1.114E+00	22	0.040	2.221E-01	0.690	0.902	7dll-assembly1_A-2 Short chain dehydrogenase 2 (SCR2) crystal structure with NADPH
TeuB_maduro_1-335	4rfs-assembly1_B	0.104	115	9.891E+00	22	0.040	4.514E-01	0.263	0.411	4rfs-assembly1_B Structure of a pantothenate energy coupling factor transporter
TeuB_maduro_1-335	3sc4-assembly1_A	0.084	250	1.497E+00	22	0.040	2.532E-01	0.487	0.850	3sc4-assembly1_A Crystal structure of a Short chain dehydrogenase (A0QTM2 homolog) Mycobacterium thermoresistibile
TeuB_maduro_1-335	7ulh-assembly1_D	0.116	265	5.174E-01	22	0.040	1.888E-01	0.633	0.787	7ulh-assembly1_D Crystal Structure of a Short chain dehydrogenase from Mycobacterium avium 104
TeuB_maduro_1-335	6ncs-assembly1_B	0.112	319	1.330E+00	22	0.040	2.007E-01	0.830	0.891	6ncs-assembly1_B Crystal structure of N-acetylneuraminic acid (Sialic acid) synthetase from Leptospira borgpetersenii serovar Hardjo-bovis in complex with citrate
TeuB_maduro_1-335	3pm6-assembly1_A	0.117	314	6.176E-01	22	0.040	1.650E-01	0.773	0.923	3pm6-assembly1_A Crystal structure of a putative fructose-1,6-biphosphate aldolase from Coccidioides immitis solved by combined SAD MR
TeuB_maduro_1-335	2zra-assembly1_A	0.109	182	5.168E+00	22	0.040	3.697E-01	0.361	0.571	2zra-assembly1_A MsRecA Q196E ATPgS
TeuB_maduro_1-335	6hg6-assembly1_A	0.117	273	1.330E+00	22	0.040	2.048E-01	0.740	0.719	6hg6-assembly1_A Clostridium beijerinckii aldo-keto reductase Cbei_3974 with NADPH
TeuB_maduro_1-335	1c9w-assembly1_A	0.122	377	4.878E-01	22	0.040	1.716E-01	0.937	0.981	1c9w-assembly1_A CHO REDUCTASE WITH NADP+
TeuB_maduro_1-335	5d87-assembly1_A-2	0.108	313	1.588E+00	22	0.040	2.414E-01	0.690	0.877	5d87-assembly1_A-2 Staphyloferrin B precursor biosynthetic enzyme SbnA Y152F/S185G variant
TeuB_maduro_1-335	2he8-assembly1_A	0.099	372	4.878E-01	22	0.040	1.714E-01	0.901	0.927	2he8-assembly1_A Crystal structure of 17alpha-hydroxysteroid dehydrogenase in its apo-form
TeuB_maduro_1-335	7cg6-assembly1_B	0.120	332	1.114E+00	22	0.040	2.582E-01	0.660	0.950	7cg6-assembly1_B Vigna radiata Epoxide hydrolase mutant M263Q
TeuB_maduro_1-335	8k5u-assembly2_B	0.090	355	2.400E+00	22	0.040	2.743E-01	0.830	0.903	8k5u-assembly2_B Se-glycosyltransferase RsSenB
TeuB_maduro_1-335	1omo-assembly1_A	0.089	224	1.114E+00	22	0.040	2.361E-01	0.516	0.541	1omo-assembly1_A alanine dehydrogenase dimer w/bound NAD (archaeal)
TeuB_maduro_1-335	6q2d-assembly1_B	0.078	292	8.800E-01	22	0.040	2.154E-01	0.573	0.822	6q2d-assembly1_B Crystal structure of Methanobrevibacter smithii Dph2 in complex with Methanobrevibacter smithii elongation factor 2
TeuB_maduro_1-335	1e51-assembly1_A	0.103	300	1.787E+00	22	0.040	2.481E-01	0.651	0.831	1e51-assembly1_A Crystal structure of native human erythrocyte 5-aminolaevulinic acid dehydratase
TeuB_maduro_1-335	7eqi-assembly4_G	0.123	81	7.812E+00	22	0.040	4.677E-01	0.224	0.238	7eqi-assembly4_G ChlB3 [Aceyltransferase]
TeuB_maduro_1-335	7yvr-assembly1_C	0.123	154	3.627E+00	22	0.040	3.418E-01	0.391	0.373	7yvr-assembly1_C Crystal Structure of L-Threonine Aldolase from Neptunomonas marina
TeuB_maduro_1-335	4qit-assembly1_B	0.121	198	4.082E+00	22	0.040	3.301E-01	0.487	0.496	4qit-assembly1_B Crystal structure of Nitroalkane Oxidase from Pseudomonas aeruginosa in mutant complex form
TeuB_maduro_1-335	4e1l-assembly1_D	0.093	64	5.168E+00	22	0.040	3.950E-01	0.170	0.168	4e1l-assembly1_D Crystal structure of Acetoacetyl-CoA thiolase (thlA2) from Clostridium difficile
TeuB_maduro_1-335	6gdf-assembly1_A	0.134	253	1.411E+00	22	0.040	2.305E-01	0.672	0.492	6gdf-assembly1_A DIHYDROOROTASE FROM AQUIFEX AEOLICUS UNDER 600 BAR OF HYDROSTATIC PRESSURE
TeuB_maduro_1-335	1p9r-assembly1_A	0.164	152	4.593E+00	22	0.040	3.816E-01	0.340	0.373	1p9r-assembly1_A Crystal Structure of Vibrio cholerae putative NTPase EpsE
TeuB_maduro_1-335	8j3r-assembly1_B	0.139	86	7.812E+00	22	0.040	4.534E-01	0.224	0.163	8j3r-assembly1_B Cryo-EM structure of the AsCas12f-HKRA-sgRNAS3-5v7-target DNA
TeuB_maduro_1-335	7bvt-assembly1_A	0.136	66	5.482E+00	22	0.040	4.421E-01	0.191	0.153	7bvt-assembly1_A Crystal structure of cyclic alpha-maltosyl-1,6-maltose binding protein from Arthrobacter globiformis
TeuB_maduro_1-335	7vtr-assembly1_C-2	0.107	93	6.169E+00	22	0.040	4.306E-01	0.242	0.220	7vtr-assembly1_C-2 3-ketoacyl-CoA thiolase Tfu_0875
TeuB_maduro_1-335	1afw-assembly1_B	0.095	84	8.790E+00	22	0.040	4.492E-01	0.227	0.214	1afw-assembly1_B THE 1.8 ANGSTROM CRYSTAL STRUCTURE OF THE DIMERIC PEROXISOMAL THIOLASE OF SACCHAROMYCES CEREVISIAE
TeuB_maduro_1-335	4pg5-assembly1_A	0.085	233	6.544E+00	22	0.040	3.799E-01	0.624	0.430	4pg5-assembly1_A Crystal structure of S. aureus Homoserine Dehydrogenase at pH6.5
TeuB_maduro_1-335	1ulq-assembly2_F	0.151	86	5.482E+00	22	0.040	3.974E-01	0.215	0.204	1ulq-assembly2_F Crystal structure of tt0182 from Thermus thermophilus HB8
TeuB_maduro_1-335	3c48-assembly1_A	0.101	396	2.400E+00	22	0.040	2.905E-01	0.770	0.915	3c48-assembly1_A Structure of the retaining glycosyltransferase MshA: The first step in mycothiol biosynthesis. Organism: Corynebacterium glutamicum- APO (OPEN) structure.
TeuB_maduro_1-335	8gqh-assembly1_C	0.078	89	8.287E+00	22	0.040	4.927E-01	0.242	0.215	8gqh-assembly1_C Structure of Thiolase from Pseudomonas aeruginosa PAO1
TeuB_maduro_1-335	6pcd-assembly1_D	0.088	90	6.942E+00	22	0.040	4.638E-01	0.242	0.209	6pcd-assembly1_D Crystal structure of beta-ketoadipyl-CoA thiolase mutant (C90S-H356A) in complex Octanoyl coenzyme A
TeuB_maduro_1-335	6dv2-assembly2_C	0.105	85	7.812E+00	22	0.040	4.300E-01	0.230	0.192	6dv2-assembly2_C Crystal Structure of Human Mitochondrial Trifunctional Protein
TeuB_maduro_1-335	1ww8-assembly1_A	0.091	251	3.848E+00	22	0.040	3.091E-01	0.582	0.485	1ww8-assembly1_A Crystal Structure of malic enzyme from Pyrococcus horikoshii Ot3
TeuB_maduro_1-335	3a12-assembly1_E-2	0.130	315	8.800E-01	22	0.040	1.993E-01	0.773	0.610	3a12-assembly1_E-2 Crystal structure of Type III Rubisco complexed with 2-CABP
TeuB_maduro_1-335	1tye-assembly2_D	0.063	222	6.544E+00	22	0.040	4.507E-01	0.337	0.498	1tye-assembly2_D Structural basis for allostery in integrins and binding of ligand-mimetic therapeutics to the platelet receptor for fibrinogen
TeuB_maduro_1-335	7v3x-assembly4_S	0.123	170	5.816E+00	22	0.040	4.117E-01	0.412	0.356	7v3x-assembly4_S Crystal Structure of Cyanobacterial Circadian Clock Protein KaiC
TeuB_maduro_1-335	7coq-assembly1_F	0.119	218	1.787E+00	22	0.040	2.731E-01	0.621	0.362	7coq-assembly1_F Hexameric Ring Complex of Engineered V1-ATPase bound to AMP-PNP: A3(De)3_(ANP)1cat
TeuB_maduro_1-335	5oes-assembly3_E	0.082	230	2.133E+00	22	0.040	2.907E-01	0.540	0.438	5oes-assembly3_E The structure of a glutathione synthetase (StGSS1) from Solanum tuberosum in ADP and y-EC bound closed conformation.
TeuB_maduro_1-335	1ulz-assembly1_A-2	0.160	106	8.790E+00	22	0.040	4.342E-01	0.260	0.217	1ulz-assembly1_A-2 Crystal structure of the biotin carboxylase subunit of pyruvate carboxylase
TeuB_maduro_1-335	7tmq-assembly1_F	0.116	181	2.133E+00	22	0.040	2.858E-01	0.490	0.278	7tmq-assembly1_F V1 complex lacking subunit C from Saccharomyces cerevisiae, State 3
TeuB_maduro_1-335	7dye-assembly1_A	0.118	431	1.182E+00	22	0.040	2.138E-01	0.851	0.825	7dye-assembly1_A Crystal Structure of Cyanobacterial Circadian Clock Protein KaiC
TeuB_maduro_1-335	7dxq-assembly1_D	0.079	428	1.050E+00	22	0.040	2.143E-01	0.851	0.823	7dxq-assembly1_D Crystal Structure of Cyanobacterial Circadian Clock Protein KaiC
TeuB_maduro_1-335	7dxq-assembly1_C	0.094	382	2.700E+00	22	0.040	2.877E-01	0.660	0.800	7dxq-assembly1_C Crystal Structure of Cyanobacterial Circadian Clock Protein KaiC
TeuB_maduro_1-335	7l1q-assembly1_D	0.102	224	3.423E-01	22	0.040	1.812E-01	0.546	0.381	7l1q-assembly1_D PS3 F1-ATPase Binding/TS Dwell
TeuB_maduro_1-335	7v3x-assembly1_C	0.090	398	3.848E+00	22	0.040	3.157E-01	0.710	0.831	7v3x-assembly1_C Crystal Structure of Cyanobacterial Circadian Clock Protein KaiC
TeuB_maduro_1-335	4tqt-assembly1_D	0.101	237	3.419E+00	22	0.040	2.746E-01	0.678	0.383	4tqt-assembly1_D Crystal structure of Dihydropyrimidinase from Brucella suis
TeuB_maduro_1-335	7cyy-assembly1_E	0.103	290	4.593E+00	22	0.040	3.157E-01	0.657	0.555	7cyy-assembly1_E Crystal structure of Arabinose isomerase from hybrid AI8 with Adonitol
TeuB_maduro_1-335	1yov-assembly1_A	0.132	196	1.787E+00	22	0.040	2.807E-01	0.558	0.265	1yov-assembly1_A Insights into the Ubiquitin Transfer Cascade from the refined structure of the activating enzyme for NEDD8
TeuB_maduro_1-335	8puw-assembly1_E	0.114	105	6.544E+00	22	0.040	3.922E-01	0.287	0.186	8puw-assembly1_E Chaetomium thermophilum Las1-Grc3-complex
TeuB_maduro_1-335	4n47-assembly1_A	0.075	318	1.684E+00	22	0.040	2.395E-01	0.767	0.381	4n47-assembly1_A Structure of Thermus thermophilus Argonaute bound to guide DNA and 12-mer target DNA
TeuB_maduro_1-335	4ncb-assembly2_B	0.110	326	1.411E+00	22	0.040	2.302E-01	0.773	0.393	4ncb-assembly2_B Structure of Thermus thermophilus Argonaute bound to guide DNA and 19-mer target DNA with Mg2+
TeuB_maduro_1-335	5m45-assembly2_K	0.120	240	2.546E+00	22	0.040	2.667E-01	0.549	0.296	5m45-assembly2_K Structure of Acetone Carboxylase purified from Xanthobacter autotrophicus
TeuB_maduro_1-335	5z16-assembly1_A	0.107	167	4.330E+00	22	0.040	4.077E-01	0.472	0.161	5z16-assembly1_A A novel dimeric isocitrate dehydrogenase from Acinetobacter baumannii
TeuB_maduro_1-335	6qx9-assembly1_5A	0.150	73	9.325E+00	22	0.040	5.237E-01	0.191	0.031	6qx9-assembly1_5A Structure of a human fully-assembled precatalytic spliceosome (pre-B complex).
TeuB_maduro_1-335	7a4h-assembly1_BI	0.118	169	5.168E+00	21	0.034	3.459E-01	0.436	0.947	7a4h-assembly1_BI Aquifex aeolicus lumazine synthase-derived nucleocapsid variant NC-2 (180-mer)
TeuB_maduro_1-335	7a4f-assembly1_AI	0.119	201	6.169E+00	21	0.034	3.712E-01	0.534	0.955	7a4f-assembly1_AI Aquifex aeolicus lumazine synthase-derived nucleocapsid variant NC-1 (120-mer)
TeuB_maduro_1-335	4ess-assembly1_A	0.097	154	8.287E+00	21	0.034	4.249E-01	0.340	0.873	4ess-assembly1_A Crystal Structure of E6D/L155R variant of de novo designed serine hydrolase OSH55, Northeast Structural Genomics Consortium (NESG) Target OR187
TeuB_maduro_1-335	6kmu-assembly1_A	0.111	198	4.082E+00	21	0.034	3.490E-01	0.540	0.785	6kmu-assembly1_A P22/P10 complex of caspase-11 mutant C254A
TeuB_maduro_1-335	2igb-assembly1_B-2	0.072	138	6.544E+00	21	0.034	3.841E-01	0.331	0.682	2igb-assembly1_B-2 Crystal Structure of PyrR, The Regulator Of The Pyrimidine Biosynthetic Operon In Bacillus caldolyticus, UMP-bound form
TeuB_maduro_1-335	7osu-assembly1_A	0.086	220	4.330E+00	21	0.034	3.118E-01	0.609	0.858	7osu-assembly1_A sTIM11noCys-SB, a de novo designed TIM barrel with a salt-bridge cluster (crystal form 1)
TeuB_maduro_1-335	8stc-assembly1_A	0.158	195	1.588E+00	21	0.034	2.536E-01	0.555	0.683	8stc-assembly1_A S127A variant of LarB, a carboxylase/hydrolase involved in synthesis of the cofactor for lactate racemase, in complex with Zinc and soaked with bicarbonate.
TeuB_maduro_1-335	5lhe-assembly1_A	0.065	213	2.400E+00	21	0.034	2.680E-01	0.501	0.894	5lhe-assembly1_A Phosphoribosyl anthranilate isomerase from Thermococcus kodakaraensis
TeuB_maduro_1-335	1vpx-assembly1_A	0.116	231	3.848E+00	21	0.034	2.956E-01	0.546	0.952	1vpx-assembly1_A Crystal structure of Transaldolase (EC 2.2.1.2) (TM0295) from Thermotoga maritima at 2.40 A resolution
TeuB_maduro_1-335	3m5y-assembly1_B	0.098	263	4.082E+00	21	0.034	2.840E-01	0.704	0.788	3m5y-assembly1_B Crystal structure of the mutant V182A,V201A of orotidine 5'-monophosphate decarboxylase from Methanobacterium thermoautotrophicum
TeuB_maduro_1-335	3qf0-assembly1_B	0.151	231	3.627E+00	21	0.034	2.716E-01	0.630	0.931	3qf0-assembly1_B Crystal structure of the mutant T159V,Y206F of orotidine 5'-monophosphate decarboxylase from Methanobacterium thermoautotrophicum complexed with the inhibitor BMP
TeuB_maduro_1-335	3ovr-assembly1_B	0.106	291	1.330E+00	21	0.034	1.922E-01	0.764	0.986	3ovr-assembly1_B Crystal Structure of hRPE and D-Xylulose 5-Phosphate Complex
TeuB_maduro_1-335	7cpn-assembly2_D	0.097	245	1.254E+00	21	0.034	2.234E-01	0.627	0.824	7cpn-assembly2_D CRYSTAL STRUCTURE OF DODECAPRENYL DIPHOSPHATE SYNTHASE FROM THERMOBIFIDA FUSCA
TeuB_maduro_1-335	5kh2-assembly1_A	0.092	239	1.182E+00	21	0.034	2.057E-01	0.651	0.786	5kh2-assembly1_A Crystal Structure of Steptococcus pneumoniae Undecaprenyl pyrophosphate Synthase (UPPS)
TeuB_maduro_1-335	4aln-assembly1_C	0.096	248	1.050E+00	21	0.034	2.032E-01	0.606	0.880	4aln-assembly1_C Crystal structure of S. aureus FabI (P32)
TeuB_maduro_1-335	6acs-assembly1_B	0.109	174	8.800E-01	21	0.034	1.919E-01	0.469	0.695	6acs-assembly1_B poly-cis-prenyltransferase
TeuB_maduro_1-335	8r8n-assembly2_B	0.108	249	2.010E+00	21	0.034	2.200E-01	0.630	0.913	8r8n-assembly2_B Hallucinated de novo TIM barrel with two helical extensions - HalluTIM2-2
TeuB_maduro_1-335	8r8n-assembly1_A	0.089	247	1.895E+00	21	0.034	2.270E-01	0.627	0.896	8r8n-assembly1_A Hallucinated de novo TIM barrel with two helical extensions - HalluTIM2-2
TeuB_maduro_1-335	1x09-assembly1_A	0.090	255	9.903E-01	21	0.034	2.025E-01	0.642	0.866	1x09-assembly1_A Crystal structure of the D26A mutant UPPs in complex with magnesium and isopentenyl pyrophosphate
TeuB_maduro_1-335	5tii-assembly2_G	0.113	246	2.133E+00	21	0.034	2.568E-01	0.501	0.970	5tii-assembly2_G Comprehensive Analysis of a Novel Ketoreductase for Pentangular Polyphenol Biosynthesis
TeuB_maduro_1-335	2p91-assembly1_D	0.101	266	9.335E-01	21	0.034	1.991E-01	0.654	0.794	2p91-assembly1_D Crystal structure of Enoyl-[acyl-carrier-protein] reductase (NADH) from Aquifex aeolicus VF5
TeuB_maduro_1-335	3u5t-assembly3_B	0.113	167	8.287E+00	21	0.034	4.134E-01	0.430	0.622	3u5t-assembly3_B The crystal structure of 3-oxoacyl-[acyl-carrier-protein] reductase from Sinorhizobium meliloti
TeuB_maduro_1-335	8jfa-assembly1_B	0.078	307	2.865E+00	21	0.034	2.892E-01	0.767	0.898	8jfa-assembly1_B Crystal structure of 3-oxoacyl-ACP reductase FabG in complex with NADPH from Helicobacter pylori
TeuB_maduro_1-335	3tdn-assembly2_B	0.084	306	1.684E+00	21	0.034	2.121E-01	0.773	1.000	3tdn-assembly2_B Computationally designed two-fold symmetric Tim-barrel protein, FLR
TeuB_maduro_1-335	3o38-assembly1_B	0.119	268	1.254E+00	21	0.034	2.032E-01	0.681	0.942	3o38-assembly1_B Crystal structure of a short chain dehydrogenase from Mycobacterium smegmatis
TeuB_maduro_1-335	6oz7-assembly2_E	0.128	233	1.411E+00	21	0.034	2.147E-01	0.588	0.776	6oz7-assembly2_E Putative oxidoreductase from Escherichia coli str. K-12
TeuB_maduro_1-335	4tkm-assembly1_B	0.089	279	3.039E+00	21	0.034	2.906E-01	0.642	0.929	4tkm-assembly1_B Crystal structure of NADH-dependent reductase A1-R' complexed with NAD
TeuB_maduro_1-335	4afn-assembly1_D	0.088	284	2.262E+00	21	0.034	2.658E-01	0.752	0.888	4afn-assembly1_D Crystal structure of 3-ketoacyl-(acyl-carrier-protein) reductase (FabG) from Pseudomonas aeruginosa at 2.3A resolution
TeuB_maduro_1-335	4w7h-assembly1_B-2	0.105	200	4.330E+00	21	0.034	3.406E-01	0.469	0.736	4w7h-assembly1_B-2 Crystal Structure of DEH Reductase A1-R Mutant
TeuB_maduro_1-335	1xg5-assembly2_B-2	0.107	241	3.627E+00	21	0.034	3.106E-01	0.487	0.939	1xg5-assembly2_B-2 Structure of human putative dehydrogenase MGC4172 in complex with NADP
TeuB_maduro_1-335	4dry-assembly1_D	0.099	221	4.082E+00	21	0.034	3.332E-01	0.576	0.653	4dry-assembly1_D The crystal structure of 3-oxoacyl-[acyl-carrier-protein] reductase from Rhizobium meliloti
TeuB_maduro_1-335	4qed-assembly1_A	0.064	185	6.942E+00	21	0.034	3.955E-01	0.385	0.649	4qed-assembly1_A ElxO Y152F with NADPH Bound
TeuB_maduro_1-335	7yb1-assembly1_C	0.122	254	1.588E+00	21	0.034	2.266E-01	0.606	0.891	7yb1-assembly1_C Crystal Structure of anthrol reductase (CbAR) in complex with NADP+
TeuB_maduro_1-335	7yb1-assembly1_D-2	0.105	265	2.262E+00	21	0.034	2.747E-01	0.606	0.892	7yb1-assembly1_D-2 Crystal Structure of anthrol reductase (CbAR) in complex with NADP+
TeuB_maduro_1-335	4cm7-assembly1_B	0.084	259	1.411E+00	21	0.034	2.100E-01	0.627	0.921	4cm7-assembly1_B Crystal structure of pteridine reductase 1 (PTR1) from Trypanosoma brucei in ternary complex with cofactor and inhibitor
TeuB_maduro_1-335	4egf-assembly1_D	0.102	225	2.546E+00	21	0.034	2.848E-01	0.579	0.632	4egf-assembly1_D Crystal structure of a L-xylulose reductase from Mycobacterium smegmatis
TeuB_maduro_1-335	4nbw-assembly1_D	0.111	260	2.133E+00	21	0.034	2.830E-01	0.493	0.976	4nbw-assembly1_D Crystal structure of FabG from Plesiocystis pacifica
TeuB_maduro_1-335	2p91-assembly1_A	0.104	316	5.489E-01	21	0.034	1.756E-01	0.758	0.898	2p91-assembly1_A Crystal structure of Enoyl-[acyl-carrier-protein] reductase (NADH) from Aquifex aeolicus VF5
TeuB_maduro_1-335	4egf-assembly2_G	0.127	220	4.330E+00	21	0.034	3.240E-01	0.579	0.627	4egf-assembly2_G Crystal structure of a L-xylulose reductase from Mycobacterium smegmatis
TeuB_maduro_1-335	3r12-assembly1_B	0.083	251	2.400E+00	21	0.034	2.274E-01	0.615	0.851	3r12-assembly1_B Crystal structure of a Deoxyribose-phosphate aldolase (TM_1559) from THERMOTOGA MARITIMA at 1.75 A resolution
TeuB_maduro_1-335	2b4q-assembly1_A	0.136	315	2.010E+00	21	0.034	2.709E-01	0.776	0.910	2b4q-assembly1_A Pseudomonas aeruginosa RhlG/NADP active-site complex
TeuB_maduro_1-335	5jla-assembly1_A	0.110	280	2.865E+00	21	0.034	2.857E-01	0.582	0.984	5jla-assembly1_A Crystal Structure of Ribose-5-phosphate Isomerase from Brucella melitensis 16M
TeuB_maduro_1-335	8g93-assembly1_A	0.104	211	2.133E+00	21	0.034	2.606E-01	0.516	0.729	8g93-assembly1_A Crystal structures of 17-beta-hydroxysteroid dehydrogenase 13
TeuB_maduro_1-335	1k77-assembly1_A	0.142	239	1.114E+00	21	0.034	2.123E-01	0.534	0.823	1k77-assembly1_A Crystal Structure of EC1530, a Putative Oxygenase from Escherichia coli
TeuB_maduro_1-335	3ctm-assembly2_E	0.109	266	2.400E+00	21	0.034	2.815E-01	0.651	0.728	3ctm-assembly2_E Crystal Structure of a Carbonyl Reductase from Candida Parapsilosis with anti-Prelog Stereo-specificity
TeuB_maduro_1-335	1o5q-assembly1_B	0.076	287	1.895E+00	21	0.034	2.411E-01	0.621	0.937	1o5q-assembly1_B Crystal Structure of Pyruvate and Mg2+ bound 2-methylisocitrate lyase (PrpB) from Salmonella typhimurium
TeuB_maduro_1-335	3oec-assembly1_B	0.085	282	1.411E+00	21	0.034	2.472E-01	0.493	0.967	3oec-assembly1_B Crystal structure of carveol dehydrogenase from Mycobacterium thermoresistibile
TeuB_maduro_1-335	7dll-assembly1_B-2	0.109	310	1.114E+00	21	0.034	2.175E-01	0.690	0.901	7dll-assembly1_B-2 Short chain dehydrogenase 2 (SCR2) crystal structure with NADPH
TeuB_maduro_1-335	5l3s-assembly4_G	0.118	211	1.182E+00	21	0.034	2.139E-01	0.519	0.657	5l3s-assembly4_G Structure of the GTPase heterodimer of crenarchaeal SRP54 and FtsY
TeuB_maduro_1-335	7dn1-assembly1_B-2	0.105	266	1.895E+00	21	0.034	2.398E-01	0.630	0.725	7dn1-assembly1_B-2 Hetero-oligomers of SCR-SCR2 crystal structure with NADPH
TeuB_maduro_1-335	7rml-assembly1_A-4	0.118	303	1.050E+00	21	0.034	1.893E-01	0.797	0.858	7rml-assembly1_A-4 Neisseria meningitidis Methylenetetrahydrofolate reductase in complex with FAD
TeuB_maduro_1-335	3pxx-assembly1_A	0.084	284	3.039E+00	21	0.034	2.926E-01	0.654	0.812	3pxx-assembly1_A Crystal structure of carveol dehydrogenase from Mycobacterium avium bound to nicotinamide adenine dinucleotide
TeuB_maduro_1-335	7cs3-assembly1_C-2	0.126	268	2.865E+00	21	0.034	2.929E-01	0.627	0.849	7cs3-assembly1_C-2 IiPLR1 with NADP+
TeuB_maduro_1-335	4ak9-assembly1_B	0.084	259	4.872E+00	21	0.034	3.088E-01	0.603	0.731	4ak9-assembly1_B Structure of chloroplast FtsY from Physcomitrella patens
TeuB_maduro_1-335	5gms-assembly2_B	0.109	311	2.010E+00	21	0.034	2.583E-01	0.701	0.835	5gms-assembly2_B Crystal structure of the mutant S202W/I203F of the esterase E40
TeuB_maduro_1-335	3tuu-assembly1_H	0.085	129	5.482E+00	21	0.034	3.748E-01	0.322	0.397	3tuu-assembly1_H Structure of dihydrodipicolinate synthase from the common grapevine
TeuB_maduro_1-335	6kbl-assembly1_A	0.096	363	6.552E-01	21	0.034	1.746E-01	0.955	0.898	6kbl-assembly1_A Structure-function study of AKR4C14, an aldo-keto reductase from Thai Jasmine rice (Oryza sativa L. ssp. Indica cv. KDML105)
TeuB_maduro_1-335	7y4h-assembly1_A	0.096	280	2.262E+00	21	0.034	2.561E-01	0.513	0.833	7y4h-assembly1_A AcvX from Actinomadura viridis that exhibits deglycosylation activity on lobophorins
TeuB_maduro_1-335	6om1-assembly3_F	0.049	282	3.419E+00	21	0.034	3.342E-01	0.546	0.699	6om1-assembly3_F Crystal structure of an atypical integrin
TeuB_maduro_1-335	2ewv-assembly1_A	0.121	164	7.364E+00	21	0.034	3.962E-01	0.367	0.455	2ewv-assembly1_A Crystal Structure of the Pilus Retraction Motor PilT and Bound ADP
TeuB_maduro_1-335	1pxt-assembly1_A	0.078	64	8.287E+00	21	0.034	4.173E-01	0.170	0.187	1pxt-assembly1_A THE 2.8 ANGSTROMS STRUCTURE OF PEROXISOMAL 3-KETOACYL-COA THIOLASE OF SACCHAROMYCES CEREVISIAE: A FIVE LAYERED A-B-A-B-A STRUCTURE, CONSTRUCTED FROM TWO CORE DOMAINS OF IDENTICAL TOPOLOGY
TeuB_maduro_1-335	6et9-assembly1_L	0.162	86	6.544E+00	21	0.034	3.838E-01	0.236	0.239	6et9-assembly1_L Structure of the acetoacetyl-CoA-thiolase/HMG-CoA-synthase complex from Methanothermococcus thermolithotrophicus at 2.75 A
TeuB_maduro_1-335	3qfw-assembly1_B	0.132	256	2.010E+00	21	0.034	2.357E-01	0.639	0.668	3qfw-assembly1_B Crystal structure of Rubisco-like protein from Rhodopseudomonas palustris
TeuB_maduro_1-335	8tcf-assembly1_B	0.073	246	3.419E+00	21	0.034	3.558E-01	0.412	0.641	8tcf-assembly1_B Integrin alpha-v beta-8 in complex with minibinder B8_BP_dsulf
TeuB_maduro_1-335	2nv9-assembly2_D	0.050	159	2.262E+00	21	0.034	2.589E-01	0.337	0.421	2nv9-assembly2_D The X-ray Crystal Structure of the Paramecium bursaria Chlorella virus arginine decarboxylase
TeuB_maduro_1-335	5yo9-assembly1_B	0.094	190	2.010E+00	21	0.034	2.866E-01	0.501	0.421	5yo9-assembly1_B Crystal structure of KAS III from Acinetobacter baumannii
TeuB_maduro_1-335	3mi3-assembly1_A	0.124	258	2.010E+00	21	0.034	2.325E-01	0.576	0.635	3mi3-assembly1_A Homocitrate Synthase Lys4 bound to Lysine
TeuB_maduro_1-335	6cz1-assembly1_A	0.131	76	8.790E+00	21	0.034	4.779E-01	0.215	0.181	6cz1-assembly1_A Crystal structure of ATPase domain of Human GRP78 bound to Ver155008
TeuB_maduro_1-335	6op5-assembly2_C	0.113	79	8.287E+00	21	0.034	4.425E-01	0.212	0.196	6op5-assembly2_C Crystal Structure of Piper methysticum Styrylpyrone Synthase 1 in complex with p-coumaroyl-CoA
TeuB_maduro_1-335	5zfr-assembly1_B-2	0.081	159	6.942E+00	21	0.034	3.863E-01	0.376	0.400	5zfr-assembly1_B-2 Crystal structure of PilB, an extension ATPase motor of Type IV pilus, from Geobacter sulfurreducens
TeuB_maduro_1-335	1tvz-assembly1_A	0.091	87	6.169E+00	21	0.034	3.848E-01	0.239	0.209	1tvz-assembly1_A Crystal structure of 3-hydroxy-3-methylglutaryl-coenzyme A synthase from Staphylococcus aureus
TeuB_maduro_1-335	3v4n-assembly1_A	0.126	87	9.891E+00	21	0.034	4.743E-01	0.239	0.212	3v4n-assembly1_A The Biochemical and Structural Basis for Inhibition of Enterococcus faecalis HMG-CoA Synthatse, mvaS, by Hymeglusin
TeuB_maduro_1-335	4pg4-assembly1_A	0.082	229	6.942E+00	21	0.034	3.848E-01	0.618	0.421	4pg4-assembly1_A Crystal structure of S. aureus Homoserine Dehydrogenase at pH6.0
TeuB_maduro_1-335	8gqi-assembly1_A	0.123	89	6.942E+00	21	0.034	3.908E-01	0.242	0.209	8gqi-assembly1_A Structure of Thiolase from Pseudomonas aeruginosa PAO1
TeuB_maduro_1-335	5jaq-assembly1_A	0.086	406	6.950E-01	21	0.034	1.890E-01	0.800	0.859	5jaq-assembly1_A Yersinia pestis FabV variant T276C
TeuB_maduro_1-335	2iv0-assembly1_B	0.106	329	1.497E+00	21	0.034	2.195E-01	0.696	0.743	2iv0-assembly1_B Thermal stability of isocitrate dehydrogenase from Archaeoglobus fulgidus studied by crystal structure analysis and engineering of chimers
TeuB_maduro_1-335	1grp-assembly1_A-2	0.095	334	2.133E+00	21	0.034	2.475E-01	0.693	0.758	1grp-assembly1_A-2 REGULATORY AND CATALYTIC MECHANISMS IN ESCHERICHIA COLI ISOCITRATE DEHYDROGENASE: MULTIPLE ROLES FOR N115
TeuB_maduro_1-335	6dv2-assembly1_B	0.105	85	8.790E+00	21	0.034	4.306E-01	0.230	0.193	6dv2-assembly1_B Crystal Structure of Human Mitochondrial Trifunctional Protein
TeuB_maduro_1-335	4pfj-assembly1_A	0.102	430	3.223E+00	21	0.034	2.806E-01	0.922	0.870	4pfj-assembly1_A The structure of bi-acetylated SAHH
TeuB_maduro_1-335	6lrr-assembly1_B	0.120	340	2.010E+00	21	0.034	2.350E-01	0.764	0.671	6lrr-assembly1_B Cryo-EM structure of RuBisCO-Raf1 from Anabaena sp. PCC 7120
TeuB_maduro_1-335	5d80-assembly2_e	0.093	172	4.330E+00	21	0.034	3.274E-01	0.490	0.280	5d80-assembly2_e Crystal Structure of Yeast V1-ATPase in the Autoinhibited Form
TeuB_maduro_1-335	3fcu-assembly2_D	0.077	296	1.254E+00	21	0.034	2.246E-01	0.690	0.567	3fcu-assembly2_D Structure of headpiece of integrin aIIBb3 in open conformation
TeuB_maduro_1-335	7v3x-assembly1_B	0.099	401	3.223E+00	21	0.034	2.778E-01	0.713	0.838	7v3x-assembly1_B Crystal Structure of Cyanobacterial Circadian Clock Protein KaiC
TeuB_maduro_1-335	4lql-assembly1_F	0.123	341	2.865E+00	21	0.034	2.657E-01	0.773	0.673	4lql-assembly1_F Crystal structure of L-arabinose isomerase from Lactobacillus fermentum CGMCC2921
TeuB_maduro_1-335	2ftw-assembly1_A	0.103	290	9.903E-01	21	0.034	2.068E-01	0.710	0.457	2ftw-assembly1_A Crystal structure of dihydropyrimidinase from dictyostelium discoideum
TeuB_maduro_1-335	8y1j-assembly1_A-2	0.110	307	1.254E+00	21	0.034	1.992E-01	0.797	0.536	8y1j-assembly1_A-2 Structure of the pyridoxal 5'-phosphate-dependent (PLP) threonine deaminase ilvA1 from Pseudomonas aeruginosa PAO1
TeuB_maduro_1-335	3dbr-assembly4_A	0.120	174	2.400E+00	21	0.034	2.823E-01	0.484	0.259	3dbr-assembly4_A Structural Dissection of a Gating Mechanism Preventing Misactivation of Ubiquitin by NEDD8's E1 (APPBP1-UBA3Arg190Gln-NEDD8Ala72Arg)
TeuB_maduro_1-335	3dbl-assembly1_G	0.139	179	1.254E+00	21	0.034	2.322E-01	0.484	0.259	3dbl-assembly1_G Structural Dissection of a Gating Mechanism Preventing Misactivation of Ubiquitin by NEDD8's E1 (APPBP1-UBA3Arg190wt-NEDD8Ala72Gln)
TeuB_maduro_1-335	9c6c-assembly1_B	0.122	310	1.050E+00	21	0.034	2.017E-01	0.755	0.431	9c6c-assembly1_B cryoEM structure of CRISPR associated effector, CARF-Adenosine deaminase 1, Cad1, in apo form with ATP (symmetric sites).
TeuB_maduro_1-335	5svb-assembly1_B	0.107	241	1.588E+00	21	0.034	2.277E-01	0.549	0.290	5svb-assembly1_B Mechanism of ATP-Dependent Acetone Carboxylation, Acetone Carboxylase AMP bound structure
TeuB_maduro_1-335	4bq2-assembly4_D	0.072	165	1.684E+00	21	0.034	2.724E-01	0.436	0.169	4bq2-assembly4_D Structural analysis of an exo-beta-agarase
TeuB_maduro_1-335	5kvu-assembly3_C	0.095	178	6.544E+00	21	0.034	4.100E-01	0.510	0.173	5kvu-assembly3_C Crystal structure of isocitrate dehydrogenase-2 in complex with NADP(+) from Mycobacterium tuberculosis
TeuB_maduro_1-335	4bq5-assembly2_B	0.078	166	1.254E+00	21	0.034	2.589E-01	0.436	0.164	4bq5-assembly2_B Structural analysis of an exo-beta-agarase
TeuB_maduro_1-335	8ide-assembly1_A	0.126	331	1.114E+00	21	0.034	2.190E-01	0.794	0.313	8ide-assembly1_A Structure of an ancient TsaD-TsaC-SUA5-TcdA modular enzyme (TsaN)
TeuB_maduro_1-335	6yt0-assembly1_B	0.091	339	5.168E+00	21	0.034	2.865E-01	0.684	0.260	6yt0-assembly1_B Magnesium chelatase H subunit (ChlH) E660D variant from Synechocystis sp.PCC6803
TeuB_maduro_1-335	2f46-assembly2_B	0.104	125	7.812E+00	20	0.029	4.012E-01	0.313	0.789	2f46-assembly2_B Crystal structure of a putative phosphatase (nma1982) from neisseria meningitidis z2491 at 1.41 A resolution
TeuB_maduro_1-335	7a4g-assembly1_AF	0.112	178	5.816E+00	20	0.029	3.370E-01	0.424	0.933	7a4g-assembly1_AF Aquifex aeolicus lumazine synthase-derived nucleocapsid variant NC-1 (180-mer)
TeuB_maduro_1-335	3r6l-assembly3_A	0.115	130	9.891E+00	20	0.029	4.310E-01	0.307	0.819	3r6l-assembly3_A Caspase-2 T380A bound with Ac-VDVAD-CHO
TeuB_maduro_1-335	3r7b-assembly1_A	0.130	123	9.891E+00	20	0.029	4.163E-01	0.290	0.776	3r7b-assembly1_A Caspase-2 bound to one copy of Ac-DVAD-CHO
TeuB_maduro_1-335	3qiv-assembly1_A	0.104	248	1.114E+00	20	0.029	1.954E-01	0.648	0.844	3qiv-assembly1_A Crystal structure of a putative short-chain dehydrogenase or 3-oxoacyl-[acyl-carrier-protein] reductase from Mycobacterium paratuberculosis ATCC BAA-968 / K-10
TeuB_maduro_1-335	3l4e-assembly1_A	0.115	207	2.700E+00	20	0.029	2.870E-01	0.525	0.891	3l4e-assembly1_A 1.5A Crystal Structure of a Putative Peptidase E Protein from Listeria monocytogenes EGD-e
TeuB_maduro_1-335	7mj0-assembly1_A	0.120	199	5.816E+00	20	0.029	3.680E-01	0.552	0.678	7mj0-assembly1_A LarB, a carboxylase/hydrolase involved in synthesis of the cofactor for lactate racemase, in complex with adenosine monophosphate AMP
TeuB_maduro_1-335	1vpx-assembly2_L	0.139	230	3.223E+00	20	0.029	2.651E-01	0.621	0.843	1vpx-assembly2_L Crystal structure of Transaldolase (EC 2.2.1.2) (TM0295) from Thermotoga maritima at 2.40 A resolution
TeuB_maduro_1-335	3m44-assembly1_A	0.112	275	2.133E+00	20	0.029	2.102E-01	0.746	0.947	3m44-assembly1_A Crystal structure of the mutant V201A of orotidine 5'-monophosphate decarboxylase from Methanobacterium thermoautotrophicum
TeuB_maduro_1-335	3l6e-assembly1_A	0.089	213	3.419E+00	20	0.029	2.941E-01	0.490	0.810	3l6e-assembly1_A Crystal structure of putative short chain dehydrogenase/reductase family oxidoreductase from Aeromonas hydrophila subsp. hydrophila ATCC 7966
TeuB_maduro_1-335	3lts-assembly1_B	0.108	231	5.482E+00	20	0.029	3.024E-01	0.618	0.681	3lts-assembly1_B Crystal structure of the mutant V182A,I199A of orotidine 5'-monophosphate decarboxylase from Methanobacterium thermoautotrophicum complexed with inhibitor BMP
TeuB_maduro_1-335	5kh2-assembly2_D	0.102	244	1.411E+00	20	0.029	2.223E-01	0.651	0.779	5kh2-assembly2_D Crystal Structure of Steptococcus pneumoniae Undecaprenyl pyrophosphate Synthase (UPPS)
TeuB_maduro_1-335	4gc4-assembly1_B	0.109	247	3.848E+00	20	0.029	2.667E-01	0.615	0.954	4gc4-assembly1_B Crystal structure of the mutant R160A.R203A of orotidine 5'-monophosphate decarboxylase from Methanobacterium thermoautotrophicum complexed with inhibitor BMP
TeuB_maduro_1-335	7sub-assembly1_A	0.099	313	1.411E+00	20	0.029	1.881E-01	0.851	0.932	7sub-assembly1_A 3-oxoacyl-ACP reductase FabG
TeuB_maduro_1-335	4o6v-assembly1_A	0.123	219	3.627E+00	20	0.029	2.943E-01	0.570	0.651	4o6v-assembly1_A Crystal Structure of a 3-oxoacyl-[acyl-carrier protein] reductase (EC 1.1.1.100) from Brucella suis
TeuB_maduro_1-335	5vwn-assembly1_A-2	0.086	300	1.254E+00	20	0.029	1.878E-01	0.770	0.970	5vwn-assembly1_A-2 Triosephosphate isomerases deletion loop 3 from Trichomonas vaginalis
TeuB_maduro_1-335	6nrp-assembly1_C	0.077	295	1.114E+00	20	0.029	1.820E-01	0.752	0.909	6nrp-assembly1_C Putative short-chain dehydrogenase/reductase (SDR) from Acinetobacter baumannii
TeuB_maduro_1-335	2ewm-assembly1_A-2	0.132	234	2.133E+00	20	0.029	2.598E-01	0.484	0.948	2ewm-assembly1_A-2 Crystal Structure of the (S)-Specific 1-Phenylethanol Dehydrogenase of the Denitrifying Bacterium Strain EbN1
TeuB_maduro_1-335	3afm-assembly1_B-2	0.111	270	3.223E+00	20	0.029	2.875E-01	0.624	0.880	3afm-assembly1_B-2 Crystal structure of aldose reductase A1-R responsible for alginate metabolism
TeuB_maduro_1-335	4fgs-assembly1_C	0.094	255	2.700E+00	20	0.029	2.698E-01	0.606	0.876	4fgs-assembly1_C Crystal structure of a probable dehydrogenase protein
TeuB_maduro_1-335	5vt6-assembly1_D	0.081	294	1.182E+00	20	0.029	1.867E-01	0.752	0.902	5vt6-assembly1_D Crystal structure of Acetoacetyl-CoA Reductase from Burkholderia pseudomallei 1710b complexed with NADP
TeuB_maduro_1-335	7eny-assembly2_F	0.095	272	1.254E+00	20	0.029	1.876E-01	0.663	0.957	7eny-assembly2_F Crystal structure of hydroxysteroid dehydrogenase from Escherichia coli
TeuB_maduro_1-335	3gk3-assembly1_C	0.082	243	2.400E+00	20	0.029	2.606E-01	0.487	0.970	3gk3-assembly1_C Crystal structure of acetoacetyl-CoA reductase from Burkholderia pseudomallei 1710b
TeuB_maduro_1-335	4mow-assembly1_C	0.110	236	3.627E+00	20	0.029	2.478E-01	0.585	0.768	4mow-assembly1_C Crystal structure of a putative glucose 1-dehydrogenase from Burkholderia cenocepacia J2315
TeuB_maduro_1-335	6oz7-assembly1_D	0.082	242	2.865E+00	20	0.029	2.685E-01	0.487	0.954	6oz7-assembly1_D Putative oxidoreductase from Escherichia coli str. K-12
TeuB_maduro_1-335	2wsy-assembly1_A-2	0.078	306	1.114E+00	20	0.029	1.911E-01	0.770	0.924	2wsy-assembly1_A-2 CRYSTAL STRUCTURE OF WILD-TYPE TRYPTOPHAN SYNTHASE
TeuB_maduro_1-335	7cax-assembly1_D	0.081	258	9.903E-01	20	0.029	1.869E-01	0.654	0.769	7cax-assembly1_D Crystal structure of bacterial reductase
TeuB_maduro_1-335	3vc7-assembly1_B	0.069	217	2.546E+00	20	0.029	2.657E-01	0.576	0.643	3vc7-assembly1_B Crystal Structure of a putative oxidoreductase from Sinorhizobium meliloti 1021
TeuB_maduro_1-335	4weo-assembly1_A	0.125	262	2.133E+00	20	0.029	2.169E-01	0.642	0.945	4weo-assembly1_A Crystal Structure of a Putative acetoin(Diacetyl) Reductase Burkholderia cenocepacia
TeuB_maduro_1-335	5jdc-assembly1_C	0.117	264	3.039E+00	20	0.029	2.700E-01	0.636	0.933	5jdc-assembly1_C Trypanosoma brucei PTR1 in complex with inhibitor NP-13 (Hesperetin)
TeuB_maduro_1-335	4rdi-assembly2_D	0.107	224	6.169E+00	20	0.029	3.251E-01	0.460	0.849	4rdi-assembly2_D Crystal structure of E. coli tRNA N6-threonylcarbamoyladenosine dehydratase, TcdA
TeuB_maduro_1-335	4weo-assembly1_B	0.127	267	1.330E+00	20	0.029	1.885E-01	0.642	0.946	4weo-assembly1_B Crystal Structure of a Putative acetoin(Diacetyl) Reductase Burkholderia cenocepacia
TeuB_maduro_1-335	4bo8-assembly1_C	0.106	253	1.254E+00	20	0.029	1.969E-01	0.651	0.796	4bo8-assembly1_C Crystal structure of 3-oxoacyl-(acyl-carrier-protein) reductase (FabG) from Pseudomonas aeruginosa in complex with 1-(2-amino-4- phenylimidazol-1-yl)-3-(2-fluorophenyl)urea at 2.7A resolution
TeuB_maduro_1-335	2f9t-assembly1_A	0.104	258	1.895E+00	20	0.029	2.342E-01	0.615	0.851	2f9t-assembly1_A Structure of the type III CoaA from Pseudomonas aeruginosa
TeuB_maduro_1-335	1wdw-assembly1_C	0.095	293	2.262E+00	20	0.029	2.117E-01	0.773	0.954	1wdw-assembly1_C Structural basis of mutual activation of the tryptophan synthase a2b2 complex from a hyperthermophile, Pyrococcus furiosus
TeuB_maduro_1-335	4weo-assembly1_D	0.128	225	1.411E+00	20	0.029	2.049E-01	0.582	0.768	4weo-assembly1_D Crystal Structure of a Putative acetoin(Diacetyl) Reductase Burkholderia cenocepacia
TeuB_maduro_1-335	4alm-assembly1_B	0.104	249	1.411E+00	20	0.029	2.307E-01	0.642	0.839	4alm-assembly1_B Crystal structure of S. aureus FabI (P43212)
TeuB_maduro_1-335	5h5x-assembly3_I	0.097	266	1.114E+00	20	0.029	1.874E-01	0.681	0.786	5h5x-assembly3_I Crystal structure of NADH bound carbonyl reductase from Streptomyces coelicolor
TeuB_maduro_1-335	2dzt-assembly1_A	0.092	302	2.400E+00	20	0.029	2.087E-01	0.770	0.980	2dzt-assembly1_A Structure of mutant tryptophan synthase alpha-subunit (D110A) from a hyperthermophile, Pyrococcus furiosus
TeuB_maduro_1-335	2dzu-assembly1_A	0.089	303	3.039E+00	20	0.029	2.293E-01	0.770	0.980	2dzu-assembly1_A Structure of mutant tryptophan synthase alpha-subunit (D110N) from a hyperthermophile, Pyrococcus furiosus
TeuB_maduro_1-335	2dzv-assembly2_B	0.101	256	3.223E+00	20	0.029	2.563E-01	0.627	0.918	2dzv-assembly2_B Structure of mutant tryptophan synthase alpha-subunit (D146A) from a hyperthermophile, Pyrococcus furiosus
TeuB_maduro_1-335	4mow-assembly1_B	0.087	262	2.400E+00	20	0.029	2.262E-01	0.666	0.747	4mow-assembly1_B Crystal structure of a putative glucose 1-dehydrogenase from Burkholderia cenocepacia J2315
TeuB_maduro_1-335	3vav-assembly1_I	0.085	257	2.865E+00	20	0.029	2.528E-01	0.618	0.869	3vav-assembly1_I Crystal structure of 3-methyl-2-oxobutanoate hydroxymethyltransferase from Burkholderia thailandensis
TeuB_maduro_1-335	5h5x-assembly3_L	0.117	273	1.050E+00	20	0.029	1.838E-01	0.675	0.959	5h5x-assembly3_L Crystal structure of NADH bound carbonyl reductase from Streptomyces coelicolor
TeuB_maduro_1-335	4wcf-assembly1_C	0.111	269	2.400E+00	20	0.029	2.545E-01	0.636	0.935	4wcf-assembly1_C Trypanosoma brucei PTR1 in complex with inhibitor 9
TeuB_maduro_1-335	4bo4-assembly1_D	0.103	241	1.330E+00	20	0.029	2.019E-01	0.603	0.733	4bo4-assembly1_D Crystal structure of 3-oxoacyl-(acyl-carrier-protein) reductase (FabG) from Pseudomonas aeruginosa in complex with N-(2-methoxyphenyl)-3,4- dihydro-2H-quinoline-1-carboxamide at 2.7A resolution
TeuB_maduro_1-335	7do6-assembly2_G	0.098	224	1.114E+00	20	0.029	2.051E-01	0.579	0.750	7do6-assembly2_G Crystal structure of Azotobacter vinelandii L-rhamnose 1-dehydrogenase(NADP bound-form)
TeuB_maduro_1-335	8jfg-assembly1_A	0.077	219	5.168E+00	20	0.029	3.188E-01	0.579	0.645	8jfg-assembly1_A Crystal structure of 3-oxoacyl-ACP reductase FabG in complex with NADP+ and 3-keto-octanoyl-ACP from Helicobacter pylori
TeuB_maduro_1-335	4cle-assembly1_D	0.109	273	2.400E+00	20	0.029	2.580E-01	0.636	0.936	4cle-assembly1_D Crystal structure of pteridine reductase 1 (PTR1) from Trypanosoma brucei in ternary complex with cofactor and inhibitor
TeuB_maduro_1-335	4clo-assembly1_B	0.104	258	1.497E+00	20	0.029	2.031E-01	0.636	0.937	4clo-assembly1_B Crystal structure of pteridine reductase 1 (PTR1) from Trypanosoma brucei in ternary complex with cofactor and inhibitor
TeuB_maduro_1-335	5h5x-assembly2_H	0.109	265	1.684E+00	20	0.029	2.058E-01	0.681	0.758	5h5x-assembly2_H Crystal structure of NADH bound carbonyl reductase from Streptomyces coelicolor
TeuB_maduro_1-335	2p91-assembly1_B	0.104	315	8.296E-01	20	0.029	1.761E-01	0.758	0.901	2p91-assembly1_B Crystal structure of Enoyl-[acyl-carrier-protein] reductase (NADH) from Aquifex aeolicus VF5
TeuB_maduro_1-335	5h5x-assembly3_J	0.092	282	1.114E+00	20	0.029	1.909E-01	0.699	0.798	5h5x-assembly3_J Crystal structure of NADH bound carbonyl reductase from Streptomyces coelicolor
TeuB_maduro_1-335	1k7x-assembly1_A	0.108	314	2.262E+00	20	0.029	2.247E-01	0.800	0.933	1k7x-assembly1_A CRYSTAL STRUCTURE OF THE BETA-SER178PRO MUTANT OF TRYPTOPHAN SYNTHASE
TeuB_maduro_1-335	1geg-assembly2_E	0.124	297	2.546E+00	20	0.029	2.652E-01	0.749	0.910	1geg-assembly2_E CRYATAL STRUCTURE ANALYSIS OF MESO-2,3-BUTANEDIOL DEHYDROGENASE
TeuB_maduro_1-335	4trr-assembly1_C	0.148	235	2.400E+00	20	0.029	2.445E-01	0.612	0.758	4trr-assembly1_C Crystal structure of a putative Putative D-beta-hydroxybutyrate dehydrogenase from Burkholderia cenocepacia J2315
TeuB_maduro_1-335	3ucx-assembly1_A	0.095	313	2.400E+00	20	0.029	2.451E-01	0.827	0.922	3ucx-assembly1_A The structure of a Short chain dehydrogenase from Mycobacterium smegmatis
TeuB_maduro_1-335	3vnd-assembly4_D	0.124	281	1.588E+00	20	0.029	1.930E-01	0.764	0.919	3vnd-assembly4_D Crystal structure of tryptophan synthase alpha-subunit from the psychrophile Shewanella frigidimarina K14-2
TeuB_maduro_1-335	5kzm-assembly1_A	0.084	271	2.133E+00	20	0.029	2.281E-01	0.633	0.927	5kzm-assembly1_A Crystal structure of Tryptophan synthase alpha-beta chain complex from Francisella tularensis
TeuB_maduro_1-335	3vav-assembly1_A	0.102	234	2.133E+00	20	0.029	2.212E-01	0.657	0.712	3vav-assembly1_A Crystal structure of 3-methyl-2-oxobutanoate hydroxymethyltransferase from Burkholderia thailandensis
TeuB_maduro_1-335	8g9v-assembly3_F	0.116	215	3.039E+00	20	0.029	2.694E-01	0.516	0.718	8g9v-assembly3_F Crystal structures of 17-beta-hydroxysteroid dehydrogenase 13
TeuB_maduro_1-335	3ai3-assembly1_G	0.121	222	4.872E+00	20	0.029	3.173E-01	0.573	0.612	3ai3-assembly1_G The crystal structure of L-Sorbose reductase from Gluconobacter frateurii complexed with NADPH and L-sorbose
TeuB_maduro_1-335	4u8g-assembly1_A	0.104	267	2.700E+00	20	0.029	2.874E-01	0.493	0.929	4u8g-assembly1_A Crystal structure of 2-keto-3-deoxy-D-gluconate dehydrogenase from Streptococcus agalactiae
TeuB_maduro_1-335	8g9v-assembly2_C	0.092	228	1.497E+00	20	0.029	2.075E-01	0.516	0.704	8g9v-assembly2_C Crystal structures of 17-beta-hydroxysteroid dehydrogenase 13
TeuB_maduro_1-335	3wbx-assembly2_B	0.111	288	1.895E+00	20	0.029	1.993E-01	0.734	0.904	3wbx-assembly2_B Crystal structure of Gox0644 at apoform
TeuB_maduro_1-335	3t7c-assembly1_D	0.106	300	3.419E+00	20	0.029	2.725E-01	0.663	0.963	3t7c-assembly1_D Crystal structure of carveol dehydrogenase from Mycobacterium avium bound to NAD
TeuB_maduro_1-335	5c8d-assembly2_E	0.119	217	2.700E+00	20	0.029	2.594E-01	0.606	0.604	5c8d-assembly2_E Crystal structure of full-length Thermus thermophilus CarH bound to adenosylcobalamin (dark state)
TeuB_maduro_1-335	1pv8-assembly1_B	0.100	258	8.800E-01	20	0.029	1.810E-01	0.642	0.804	1pv8-assembly1_B Crystal structure of a low activity F12L mutant of human porphobilinogen synthase
TeuB_maduro_1-335	7ucw-assembly1_B	0.084	261	3.039E+00	20	0.029	2.782E-01	0.528	0.858	7ucw-assembly1_B Structure of mouse Decr1 in complex with 2'-5' oligoadenylate
TeuB_maduro_1-335	1w8d-assembly1_B	0.082	254	7.364E+00	20	0.029	3.377E-01	0.528	0.844	1w8d-assembly1_B Binary structure of human DECR.
TeuB_maduro_1-335	6ow4-assembly2_H-3	0.111	268	5.489E-01	20	0.029	1.785E-01	0.779	0.615	6ow4-assembly2_H-3 Structure of the NADH-bound form of 20beta-Hydroxysteroid Dehydrogenase from Bifidobacterium adolescentis strain L2-32
TeuB_maduro_1-335	7btm-assembly1_D	0.140	263	1.114E+00	20	0.029	1.845E-01	0.615	0.723	7btm-assembly1_D SDR protein/resistance protein NapW
TeuB_maduro_1-335	7btm-assembly3_H-2	0.108	303	1.254E+00	20	0.029	2.042E-01	0.618	0.948	7btm-assembly3_H-2 SDR protein/resistance protein NapW
TeuB_maduro_1-335	4yra-assembly3_C	0.106	311	7.364E+00	20	0.029	3.883E-01	0.836	0.785	4yra-assembly3_C mouse TDH in the apo form
TeuB_maduro_1-335	1lt7-assembly1_A	0.097	267	4.593E+00	20	0.029	2.541E-01	0.636	0.803	1lt7-assembly1_A Oxidized Homo sapiens betaine-homocysteine S-methyltransferase in complex with four Sm(III) ions
TeuB_maduro_1-335	2xwo-assembly1_A	0.101	247	3.039E+00	20	0.029	2.722E-01	0.567	0.659	2xwo-assembly1_A SiaP R147E mutant in complex with sialylamide
TeuB_maduro_1-335	1zgd-assembly2_B	0.125	296	1.182E+00	20	0.029	1.880E-01	0.755	0.828	1zgd-assembly2_B Chalcone Reductase Complexed With NADP+ at 1.7 Angstrom Resolution
TeuB_maduro_1-335	7a7g-assembly1_A	0.096	361	1.330E+00	20	0.029	2.239E-01	0.848	0.978	7a7g-assembly1_A Soluble epoxide hydrolase in complex with TK90
TeuB_maduro_1-335	6ke3-assembly3_E	0.095	251	5.816E+00	20	0.029	3.040E-01	0.612	0.682	6ke3-assembly3_E Crystal structure of the alpha bata heterodimer of human IDH3 in complex with NADH
TeuB_maduro_1-335	3r4i-assembly1_A	0.094	351	2.400E+00	20	0.029	2.280E-01	0.851	0.969	3r4i-assembly1_A Crystal structure of a Citrate lyase (Bxe_B2899) from BURKHOLDERIA XENOVORANS LB400 at 2.24 A resolution
TeuB_maduro_1-335	1ylv-assembly1_A	0.104	325	1.588E+00	20	0.029	2.035E-01	0.746	0.827	1ylv-assembly1_A SCHIFF-BASE COMPLEX OF YEAST 5-AMINOLAEVULINIC ACID DEHYDRATASE WITH LAEVULINIC ACID
TeuB_maduro_1-335	1dr8-assembly1_B	0.075	346	2.400E+00	20	0.029	2.312E-01	0.791	0.785	1dr8-assembly1_B STRUCTURE OF MODIFIED 3-ISOPROPYLMALATE DEHYDROGENASE AT THE C-TERMINUS, HD177
TeuB_maduro_1-335	2amx-assembly1_A	0.109	229	1.787E+00	20	0.029	2.167E-01	0.636	0.511	2amx-assembly1_A Crystal structure of Plasmodium Yoelii Adenosine deaminase (PY02076)
TeuB_maduro_1-335	4v15-assembly1_B	0.143	279	1.330E+00	20	0.029	2.005E-01	0.734	0.602	4v15-assembly1_B Crystal structure of D-threonine aldolase from Alcaligenes xylosoxidans
TeuB_maduro_1-335	7ueh-assembly1_E	0.102	361	1.588E+00	20	0.029	2.133E-01	0.773	0.832	7ueh-assembly1_E Pyruvate kinase from Zymomonas mobilis
TeuB_maduro_1-335	6efn-assembly1_A-2	0.082	340	1.411E+00	20	0.029	1.947E-01	0.845	0.736	6efn-assembly1_A-2 Structure of a RiPP maturase, SkfB
TeuB_maduro_1-335	4bkq-assembly1_A	0.098	306	1.050E+00	20	0.029	1.912E-01	0.624	0.631	4bkq-assembly1_A Enoyl-ACP reductase from Yersinia pestis (wildtype)with cofactor NADH
TeuB_maduro_1-335	3vi4-assembly2_D	0.050	216	8.287E+00	20	0.029	4.710E-01	0.325	0.492	3vi4-assembly2_D Crystal structure of alpha5beta1 integrin headpiece in complex with RGD peptide
TeuB_maduro_1-335	5e9u-assembly1_D	0.084	285	2.133E+00	20	0.029	2.462E-01	0.624	0.574	5e9u-assembly1_D Crystal structure of GtfA/B complex bound to UDP and GlcNAc
TeuB_maduro_1-335	1gz5-assembly1_A	0.096	382	2.546E+00	20	0.029	2.634E-01	0.719	0.776	1gz5-assembly1_A Trehalose-6-phosphate synthase. OtsA
TeuB_maduro_1-335	5m66-assembly1_B	0.114	376	2.865E+00	20	0.029	2.632E-01	0.899	0.698	5m66-assembly1_B Crystal structure of S-adenosyl-L-homocysteine hydrolase from Bradyrhizobium elkanii in complex with adenosine
TeuB_maduro_1-335	1upm-assembly1_K	0.082	303	2.700E+00	20	0.029	2.595E-01	0.627	0.578	1upm-assembly1_K ACTIVATED SPINACH RUBISCO COMPLEXED WITH 2-CARBOXYARABINITOL 2 BISPHOSPHAT AND CA2+.
TeuB_maduro_1-335	8xpu-assembly1_A	0.133	284	2.700E+00	20	0.029	2.307E-01	0.716	0.496	8xpu-assembly1_A Overall structure of the LAT1-4F2hc bound with JPH203
TeuB_maduro_1-335	1s3h-assembly1_A-2	0.113	352	1.254E+00	20	0.029	1.959E-01	0.866	0.578	1s3h-assembly1_A-2 Propionibacterium shermanii transcarboxylase 5S subunit A59T
TeuB_maduro_1-335	8xf6-assembly1_B	0.084	295	1.050E+00	20	0.029	1.956E-01	0.690	0.538	8xf6-assembly1_B Cryo-EM structure of integrin ITGAV, ITGB3 and Cilengitide TFA complex, conformation 2
TeuB_maduro_1-335	7wua-assembly4_D	0.078	280	3.627E+00	20	0.029	2.886E-01	0.621	0.518	7wua-assembly4_D Crystal structures of FadD32 from Corynebacterium diphtheriae
TeuB_maduro_1-335	7ksl-assembly1_E	0.107	140	2.546E+00	20	0.029	2.413E-01	0.340	0.255	7ksl-assembly1_E Substrate-free human mitochondrial LONP1
TeuB_maduro_1-335	3dbr-assembly2_G	0.098	214	3.039E+00	20	0.029	3.290E-01	0.618	0.228	3dbr-assembly2_G Structural Dissection of a Gating Mechanism Preventing Misactivation of Ubiquitin by NEDD8's E1 (APPBP1-UBA3Arg190Gln-NEDD8Ala72Arg)
TeuB_maduro_1-335	3dbl-assembly4_A	0.095	210	3.223E+00	20	0.029	3.261E-01	0.618	0.222	3dbl-assembly4_A Structural Dissection of a Gating Mechanism Preventing Misactivation of Ubiquitin by NEDD8's E1 (APPBP1-UBA3Arg190wt-NEDD8Ala72Gln)
TeuB_maduro_1-335	4kpy-assembly2_B	0.113	413	9.335E-01	20	0.029	1.847E-01	0.937	0.496	4kpy-assembly2_B DNA binding protein and DNA complex structure
TeuB_maduro_1-335	4ncb-assembly1_A	0.119	326	1.588E+00	20	0.029	2.200E-01	0.773	0.391	4ncb-assembly1_A Structure of Thermus thermophilus Argonaute bound to guide DNA and 19-mer target DNA with Mg2+
TeuB_maduro_1-335	4nca-assembly2_B	0.128	404	1.114E+00	20	0.029	1.990E-01	0.937	0.494	4nca-assembly2_B Structure of Thermus thermophilus Argonaute bound to guide DNA 19-mer and target DNA in the presence of Mg2+
TeuB_maduro_1-335	4bq3-assembly1_A	0.078	165	2.010E+00	20	0.029	2.714E-01	0.436	0.166	4bq3-assembly1_A Structural analysis of an exo-beta-agarase
TeuB_maduro_1-335	4bq3-assembly2_B	0.080	162	1.588E+00	20	0.029	2.508E-01	0.436	0.166	4bq3-assembly2_B Structural analysis of an exo-beta-agarase
TeuB_maduro_1-335	7s6c-assembly1_A	0.088	416	7.373E-01	20	0.029	1.671E-01	0.896	0.383	7s6c-assembly1_A CryoEM structure of modular PKS holo-Lsd14 stalled at the condensation step and bound to antibody fragment 1B2, composite structure
TeuB_maduro_1-335	6ysg-assembly1_B	0.087	332	4.872E+00	20	0.029	2.928E-01	0.606	0.246	6ysg-assembly1_B Magnesium chelatase H subunit (ChlH) from Synechocystis sp.PCC6803 to 2.54 A resolution
TeuB_maduro_1-335	3r5j-assembly1_A	0.055	162	8.790E+00	19	0.024	4.184E-01	0.469	0.636	3r5j-assembly1_A Crystal structure of active caspase-2 bound with Ac-ADVAD-CHO
TeuB_maduro_1-335	1sc4-assembly1_A-2	0.107	149	8.790E+00	19	0.024	3.826E-01	0.331	0.813	1sc4-assembly1_A-2 Crystal structure of the human caspase-1 C285A mutant after removal of malonate
TeuB_maduro_1-335	1ufr-assembly2_D	0.109	137	8.790E+00	19	0.024	3.943E-01	0.334	0.687	1ufr-assembly2_D Crystal Structure of TT1027 from Thermus thermophilus HB8
TeuB_maduro_1-335	4p83-assembly1_C	0.067	134	9.891E+00	19	0.024	3.998E-01	0.331	0.683	4p83-assembly1_C Structure of engineered PyrR protein (PURPLE PyrR)
TeuB_maduro_1-335	7ot8-assembly1_A	0.108	194	6.169E+00	19	0.024	2.851E-01	0.543	0.936	7ot8-assembly1_A DeNovoTIM6-SB, a de novo designed TIM barrel with a salt-bridge cluster (crystal form 2)
TeuB_maduro_1-335	7wkq-assembly1_B	0.099	221	2.546E+00	19	0.024	2.281E-01	0.490	0.990	7wkq-assembly1_B Crystal Structure of halohydrin dehalogenase from Acidimicrobiia bacterium
TeuB_maduro_1-335	1los-assembly1_B	0.131	243	6.169E+00	19	0.024	2.718E-01	0.690	0.883	1los-assembly1_B crystal structure of orotidine monophosphate decarboxylase mutant deltaR203A complexed with 6-azaUMP
TeuB_maduro_1-335	3grp-assembly1_D	0.112	222	5.168E+00	19	0.024	3.014E-01	0.507	0.962	3grp-assembly1_D 2.1 Angstrom crystal structure of 3-ketoacyl-(acyl-carrier-protein) reductase from Bartonella henselae
TeuB_maduro_1-335	1vpx-assembly1_I	0.138	231	3.848E+00	19	0.024	2.636E-01	0.621	0.820	1vpx-assembly1_I Crystal structure of Transaldolase (EC 2.2.1.2) (TM0295) from Thermotoga maritima at 2.40 A resolution
TeuB_maduro_1-335	1dv7-assembly1_A	0.119	234	3.223E+00	19	0.024	2.176E-01	0.618	0.896	1dv7-assembly1_A CRYSTAL STRUCTURE OF OROTIDINE MONOPHOSPHATE DECARBOXYLASE
TeuB_maduro_1-335	1tqj-assembly1_B	0.077	206	5.168E+00	19	0.024	2.937E-01	0.481	0.879	1tqj-assembly1_B Crystal structure of D-ribulose 5-phosphate 3-epimerase from Synechocystis to 1.6 angstrom resolution
TeuB_maduro_1-335	3qms-assembly1_B	0.131	281	2.700E+00	19	0.024	2.325E-01	0.758	0.968	3qms-assembly1_B Crystal structure of the mutant T159V,V182A,Y206F of orotidine 5'-monophosphate decarboxylase from Methanobacterium thermoautotrophicum complexed with the inhibitor BMP
TeuB_maduro_1-335	7sbj-assembly1_C	0.066	270	1.895E+00	19	0.024	2.045E-01	0.627	0.982	7sbj-assembly1_C Crystal Structure of Ribulose-phosphate 3-epimerase from Stenotrophomonas maltophilia K279a
TeuB_maduro_1-335	5c8d-assembly1_C	0.118	220	2.865E+00	19	0.024	2.473E-01	0.603	0.758	5c8d-assembly1_C Crystal structure of full-length Thermus thermophilus CarH bound to adenosylcobalamin (dark state)
TeuB_maduro_1-335	5b5x-assembly1_A-2	0.134	186	2.865E+00	19	0.024	2.613E-01	0.451	0.707	5b5x-assembly1_A-2 Crystal structure of limiting CO2-inducible protein LCIC
TeuB_maduro_1-335	3edm-assembly1_B	0.085	235	6.544E+00	19	0.024	3.046E-01	0.490	0.965	3edm-assembly1_B Crystal structure of a short chain dehydrogenase from Agrobacterium tumefaciens
TeuB_maduro_1-335	4q9m-assembly1_B	0.097	267	9.903E-01	19	0.024	1.805E-01	0.621	0.961	4q9m-assembly1_B Crystal structure of UPPs in complex with FPP and an allosteric inhibitor
TeuB_maduro_1-335	4bnv-assembly1_B	0.088	283	1.254E+00	19	0.024	1.806E-01	0.752	0.886	4bnv-assembly1_B Crystal structure of 3-oxoacyl-(acyl-carrier-protein) reductase (FabG) from Pseudomonas aeruginosa in complex with 1-(2-chlorophenyl)-3-(1- methylbenzimidazol-2-yl)urea at 2.5A resolution
TeuB_maduro_1-335	5xtf-assembly1_B	0.108	239	3.419E+00	19	0.024	2.532E-01	0.493	0.969	5xtf-assembly1_B Crystal structure of the cis-dihydrodiol naphthalene dehydrogenase NahB from Pseudomonas sp. MC1
TeuB_maduro_1-335	6rx0-assembly1_C	0.111	234	5.816E+00	19	0.024	2.983E-01	0.487	0.961	6rx0-assembly1_C Trypanosoma brucei PTR1 (TbPTR1) in complex with inhibitor 3 (NMT-C0013)
TeuB_maduro_1-335	3v2h-assembly1_B	0.087	251	3.419E+00	19	0.024	2.595E-01	0.507	0.987	3v2h-assembly1_B The crystal structure of D-beta-hydroxybutyrate dehydrogenase from Sinorhizobium meliloti
TeuB_maduro_1-335	6rx5-assembly1_C	0.093	236	4.330E+00	19	0.024	2.873E-01	0.487	0.961	6rx5-assembly1_C Trypanosoma brucei PTR1 (TbPTR1) in complex with inhibitor 1 (NMT-C0003)
TeuB_maduro_1-335	8x36-assembly1_A	0.088	249	7.821E-01	19	0.024	1.798E-01	0.642	0.845	8x36-assembly1_A Neryl diphosphate synthase from Solanum lycopersicum complexed with DMSAPP, IPP, and magnesium ion (form B)
TeuB_maduro_1-335	4bo9-assembly1_A	0.105	247	8.296E-01	19	0.024	1.643E-01	0.636	0.800	4bo9-assembly1_A Crystal structure of 3-oxoacyl-(acyl-carrier-protein) reductase (FabG) from Pseudomonas aeruginosa in complex with 5-(2-(furan-2-ylmethoxy) phenyl)-2-phenyltetrazole at 2.9A resolution
TeuB_maduro_1-335	8jfi-assembly2_E	0.071	267	1.588E+00	19	0.024	1.917E-01	0.636	0.924	8jfi-assembly2_E Crystal structure of 3-oxoacyl-ACP reductase FabG in complex with NADP+ and 3-keto-hexanoyl-ACP from Helicobacter pylori
TeuB_maduro_1-335	5t5q-assembly1_A	0.101	267	2.700E+00	19	0.024	2.203E-01	0.657	0.949	5t5q-assembly1_A Crystal structure of Short-chain dehydrogenase/reductase SDR:Glucose/ribitol dehydrogenase from Brucella melitensis
TeuB_maduro_1-335	4bo6-assembly1_D	0.099	262	2.546E+00	19	0.024	2.644E-01	0.519	0.971	4bo6-assembly1_D Crystal structure of 3-oxoacyl-(acyl-carrier-protein) reductase (FabG) from Pseudomonas aeruginosa in complex with 2,3-dihydroindol-1-yl-(2- thiophen-3-yl-1,3-thiazol-4-yl)methanone at 2.8A resolution
TeuB_maduro_1-335	7cpn-assembly1_A	0.101	257	1.895E+00	19	0.024	2.095E-01	0.654	0.849	7cpn-assembly1_A CRYSTAL STRUCTURE OF DODECAPRENYL DIPHOSPHATE SYNTHASE FROM THERMOBIFIDA FUSCA
TeuB_maduro_1-335	6nrp-assembly1_B	0.076	299	8.800E-01	19	0.024	1.617E-01	0.755	0.912	6nrp-assembly1_B Putative short-chain dehydrogenase/reductase (SDR) from Acinetobacter baumannii
TeuB_maduro_1-335	6pzm-assembly1_B	0.102	224	4.593E+00	19	0.024	2.909E-01	0.585	0.699	6pzm-assembly1_B Putative SDR from Acinetobacter baumannii Crystal Form 1
TeuB_maduro_1-335	3wye-assembly1_B-2	0.105	257	2.262E+00	19	0.024	2.419E-01	0.755	0.665	3wye-assembly1_B-2 Crystal Structure of chimeric engineered (2S,3S)-butanediol dehydrogenase complexed with NAD+
TeuB_maduro_1-335	5jdi-assembly1_C	0.125	248	2.400E+00	19	0.024	2.137E-01	0.624	0.929	5jdi-assembly1_C Trypanosoma brucei PTR1 in complex with cofactor and inhibitor NMT-H024 (compound 2)
TeuB_maduro_1-335	8kga-assembly1_B	0.068	220	1.330E+00	19	0.024	1.813E-01	0.567	0.725	8kga-assembly1_B SlNDPS1-AtcPT4 Chimera
TeuB_maduro_1-335	5tii-assembly1_B	0.075	251	4.330E+00	19	0.024	2.782E-01	0.487	0.954	5tii-assembly1_B Comprehensive Analysis of a Novel Ketoreductase for Pentangular Polyphenol Biosynthesis
TeuB_maduro_1-335	2xu2-assembly1_A	0.101	255	2.010E+00	19	0.024	2.173E-01	0.704	0.672	2xu2-assembly1_A Crystal Structure of the hypothetical protein PA4511 from Pseudomonas aeruginosa
TeuB_maduro_1-335	5b1y-assembly1_B	0.095	167	9.891E+00	19	0.024	3.856E-01	0.418	0.609	5b1y-assembly1_B Crystal structure of NADPH bound carbonyl reductase from Aeropyrum pernix
TeuB_maduro_1-335	3f1l-assembly1_B	0.110	218	3.223E+00	19	0.024	2.739E-01	0.564	0.656	3f1l-assembly1_B The 0.95 A structure of an oxidoreductase, yciK from E.coli
TeuB_maduro_1-335	6t6n-assembly1_A	0.122	245	2.700E+00	19	0.024	2.325E-01	0.633	0.824	6t6n-assembly1_A Crystal structure of Klebsiella pneumoniae FabG2(NADH-dependent) in complex with NADH at 2.5 A resolution
TeuB_maduro_1-335	2dzs-assembly2_B	0.093	298	2.400E+00	19	0.024	2.085E-01	0.773	0.955	2dzs-assembly2_B Structure of mutant tryptophan synthase alpha-subunit (E103A) from a hyperthermophile, Pyrococcus furiosus
TeuB_maduro_1-335	4yed-assembly1_A	0.093	225	3.627E+00	19	0.024	2.916E-01	0.493	0.800	4yed-assembly1_A TcdA (CsdL)
TeuB_maduro_1-335	3pjf-assembly1_A	0.109	275	2.133E+00	19	0.024	2.525E-01	0.660	0.939	3pjf-assembly1_A Structure of ENR G93V mutant-NAD+-triclosan complex
TeuB_maduro_1-335	4wcf-assembly1_B	0.106	253	2.700E+00	19	0.024	2.157E-01	0.636	0.935	4wcf-assembly1_B Trypanosoma brucei PTR1 in complex with inhibitor 9
TeuB_maduro_1-335	4cm1-assembly1_B	0.102	272	2.546E+00	19	0.024	2.518E-01	0.636	0.936	4cm1-assembly1_B Crystal structure of pteridine reductase 1 (PTR1) from Trypanosoma brucei in ternary complex with cofactor and inhibitor
TeuB_maduro_1-335	5thq-assembly2_D	0.084	261	4.330E+00	19	0.024	2.893E-01	0.501	0.972	5thq-assembly2_D Comprehensive Analysis of a Novel Ketoreductase for Pentangular Polyphenol Biosynthesis
TeuB_maduro_1-335	1yde-assembly3_K	0.095	262	2.133E+00	19	0.024	2.369E-01	0.516	0.976	1yde-assembly3_K Crystal Structure of Human Retinal Short-Chain Dehydrogenase/Reductase 3
TeuB_maduro_1-335	8cxa-assembly1_C	0.114	235	2.133E+00	19	0.024	2.313E-01	0.549	0.829	8cxa-assembly1_C Crystal Structure of 3-oxoacyl-[acyl-carrier-protein] reductase from Mycobacterium smegmatis with bound NAD
TeuB_maduro_1-335	7djs-assembly1_D	0.086	278	1.787E+00	19	0.024	1.907E-01	0.701	0.801	7djs-assembly1_D Crystal structure of isopiperitenol dehydrogenase from Pseudomonas aeruginosa complexed with NAD
TeuB_maduro_1-335	8of2-assembly1_C	0.101	256	2.700E+00	19	0.024	2.193E-01	0.624	0.928	8of2-assembly1_C Trypanosoma brucei pteridine reductase 1 (TbPTR1) in complex with 2,4,6 triamminopyrimidine (TAP)
TeuB_maduro_1-335	1kfe-assembly1_A	0.076	315	1.684E+00	19	0.024	1.838E-01	0.800	0.933	1kfe-assembly1_A CRYSTAL STRUCTURE OF ALPHAT183V MUTANT OF TRYPTOPHAN SYNTHASE FROM SALMONELLA TYPHIMURIUM WITH L-Ser Bound To The Beta Site
TeuB_maduro_1-335	3v2g-assembly1_A	0.122	318	1.895E+00	19	0.024	2.334E-01	0.791	0.917	3v2g-assembly1_A Crystal structure of a dehydrogenase/reductase from Sinorhizobium meliloti 1021
TeuB_maduro_1-335	3vav-assembly1_F	0.096	290	1.684E+00	19	0.024	2.001E-01	0.770	0.905	3vav-assembly1_F Crystal structure of 3-methyl-2-oxobutanoate hydroxymethyltransferase from Burkholderia thailandensis
TeuB_maduro_1-335	3vtz-assembly1_A	0.108	303	2.700E+00	19	0.024	2.595E-01	0.749	0.889	3vtz-assembly1_A Structure of Thermoplasma volcanium aldohexose dehydrogenase
TeuB_maduro_1-335	3vtz-assembly1_B	0.115	286	2.865E+00	19	0.024	2.490E-01	0.743	0.854	3vtz-assembly1_B Structure of Thermoplasma volcanium aldohexose dehydrogenase
TeuB_maduro_1-335	8hfk-assembly1_D	0.101	265	1.787E+00	19	0.024	2.350E-01	0.478	0.953	8hfk-assembly1_D Crystal Structure of CbAR mutant (H162F) in complex with NADP+ and halogenated aryl ketone
TeuB_maduro_1-335	4wxz-assembly1_C	0.111	297	1.254E+00	19	0.024	1.904E-01	0.770	0.934	4wxz-assembly1_C PdxS (G. stearothermophilus) co-crystallized with R5P
TeuB_maduro_1-335	3a28-assembly1_A	0.127	314	1.787E+00	19	0.024	2.092E-01	0.860	0.860	3a28-assembly1_A Crystal structure of L-2,3-butanediol dehydrogenase
TeuB_maduro_1-335	3lf2-assembly1_A	0.082	219	5.482E+00	19	0.024	2.984E-01	0.579	0.626	3lf2-assembly1_A NADPH Bound Structure of the Short Chain Oxidoreductase Q9HYA2 from Pseudomonas aeruginosa PAO1 Containing an Atypical Catalytic Center
TeuB_maduro_1-335	3pje-assembly1_B	0.113	281	3.039E+00	19	0.024	2.810E-01	0.645	0.926	3pje-assembly1_B Structure of ENR G93S mutant-NAD+-triclosan complex
TeuB_maduro_1-335	7quj-assembly1_D	0.125	256	7.364E+00	19	0.024	3.367E-01	0.496	0.969	7quj-assembly1_D Structure of NsNEPS2, a 7S-cis-trans nepetalactone synthase
TeuB_maduro_1-335	6b4c-assembly10_J	0.085	282	1.684E+00	19	0.024	1.911E-01	0.621	0.926	6b4c-assembly10_J Structure of Viperin from Trichoderma virens
TeuB_maduro_1-335	6b4c-assembly12_L	0.075	277	3.419E+00	19	0.024	2.551E-01	0.627	0.926	6b4c-assembly12_L Structure of Viperin from Trichoderma virens
TeuB_maduro_1-335	5b4t-assembly1_A	0.119	309	2.865E+00	19	0.024	2.691E-01	0.761	0.923	5b4t-assembly1_A Crystal structure of D-3-hydroxybutyrate dehydrogenase from Alcaligenes faecalis complexed with NAD+ and a substrate D-3-hydroxybutyrate
TeuB_maduro_1-335	6b4c-assembly11_K	0.098	275	3.627E+00	19	0.024	2.580E-01	0.627	0.927	6b4c-assembly11_K Structure of Viperin from Trichoderma virens
TeuB_maduro_1-335	5jc8-assembly1_D	0.105	265	2.133E+00	19	0.024	2.267E-01	0.663	0.844	5jc8-assembly1_D Crystal structure of a putative short-chain dehydrogenase/reductase from Burkholderia xenovorans
TeuB_maduro_1-335	3d5q-assembly2_A	0.114	279	3.223E+00	19	0.024	2.593E-01	0.603	0.973	3d5q-assembly2_A Crystal Structure of 11b-HSD1 in Complex with Triazole Inhibitor
TeuB_maduro_1-335	7lt4-assembly1_A-2	0.112	310	2.010E+00	19	0.024	2.068E-01	0.764	0.921	7lt4-assembly1_A-2 The aminoacrylate form of the beta-K167T mutant Tryptophan Synthase at 1.80 Angstrom resolution in complex with N-(4'-trifluoromethoxybenzenesulfonyl)-2-amino-1-ethylphosphate (F9F) at the enzyme alpha-site and cesium ion at the metal coordination site
TeuB_maduro_1-335	3s55-assembly2_G	0.115	276	2.133E+00	19	0.024	2.059E-01	0.633	0.926	3s55-assembly2_G Crystal structure of a putative short-chain dehydrogenase/reductase from Mycobacterium abscessus bound to NAD
TeuB_maduro_1-335	3pgx-assembly1_D	0.088	272	3.848E+00	19	0.024	2.819E-01	0.481	0.956	3pgx-assembly1_D Crystal structure of a putative carveol dehydrogenase from Mycobacterium paratuberculosis bound to nicotinamide adenine dinucleotide
TeuB_maduro_1-335	8g93-assembly1_B	0.091	218	2.546E+00	19	0.024	2.298E-01	0.516	0.694	8g93-assembly1_B Crystal structures of 17-beta-hydroxysteroid dehydrogenase 13
TeuB_maduro_1-335	3ctm-assembly1_A	0.123	252	2.865E+00	19	0.024	2.183E-01	0.630	0.728	3ctm-assembly1_A Crystal Structure of a Carbonyl Reductase from Candida Parapsilosis with anti-Prelog Stereo-specificity
TeuB_maduro_1-335	3kvo-assembly3_A	0.107	363	6.552E-01	19	0.024	1.439E-01	0.922	0.985	3kvo-assembly3_A Crystal structure of the catalytic domain of human Hydroxysteroid dehydrogenase like 2 (HSDL2)
TeuB_maduro_1-335	7dld-assembly1_B-2	0.127	236	1.787E+00	19	0.024	2.155E-01	0.588	0.669	7dld-assembly1_B-2 Crystal structures of (S)-carbonyl reductases from Candida parapsilosis in different oligomerization states
TeuB_maduro_1-335	3oec-assembly1_A	0.111	277	2.700E+00	19	0.024	2.452E-01	0.603	0.891	3oec-assembly1_A Crystal structure of carveol dehydrogenase from Mycobacterium thermoresistibile
TeuB_maduro_1-335	3t7c-assembly1_B	0.098	293	1.684E+00	19	0.024	1.793E-01	0.707	0.791	3t7c-assembly1_B Crystal structure of carveol dehydrogenase from Mycobacterium avium bound to NAD
TeuB_maduro_1-335	4o8v-assembly2_B	0.079	302	4.082E+00	19	0.024	2.963E-01	0.639	0.928	4o8v-assembly2_B O-Acetyltransferase Domain of Pseudomonas putida AlgJ
TeuB_maduro_1-335	2cnw-assembly2_E	0.122	295	1.895E+00	19	0.024	2.007E-01	0.797	0.756	2cnw-assembly2_E GDPALF4 complex of the SRP GTPases Ffh and FtsY
TeuB_maduro_1-335	3qlj-assembly1_B	0.092	293	9.903E-01	19	0.024	1.547E-01	0.749	0.782	3qlj-assembly1_B Crystal structure of a short chain dehydrogenase from Mycobacterium avium
TeuB_maduro_1-335	7ulh-assembly1_B	0.096	281	2.133E+00	19	0.024	2.055E-01	0.633	0.799	7ulh-assembly1_B Crystal Structure of a Short chain dehydrogenase from Mycobacterium avium 104
TeuB_maduro_1-335	2xwk-assembly1_A	0.089	247	4.082E+00	19	0.024	2.752E-01	0.567	0.657	2xwk-assembly1_A SiaP R147A mutant in complex with Neu5Ac
TeuB_maduro_1-335	4p8b-assembly1_A	0.106	348	2.546E+00	19	0.024	2.366E-01	0.764	0.946	4p8b-assembly1_A CRYSTAL STRUCTURE OF A TRAP PERIPLASMIC SOLUTE BINDING PROTEIN FROM RALSTONIA EUTROPHA H16 (H16_A1328), TARGET EFI-510189, WITH BOUND (S)-2-hydroxy-2-methyl-3-oxobutanoate ((S)-2-Acetolactate)
TeuB_maduro_1-335	1frb-assembly1_A	0.092	259	1.114E+00	19	0.024	1.704E-01	0.657	0.635	1frb-assembly1_A FR-1 PROTEIN/NADPH/ZOPOLRESTAT COMPLEX
TeuB_maduro_1-335	3o3r-assembly2_B	0.109	265	1.497E+00	19	0.024	1.910E-01	0.690	0.660	3o3r-assembly2_B Crystal Structure of AKR1B14 in complex with NADP
TeuB_maduro_1-335	8zlv-assembly1_B	0.118	271	2.010E+00	19	0.024	2.101E-01	0.710	0.737	8zlv-assembly1_B Asymmetric Dimeric Structure of the Catalytic Domain in Truncated Threonine Deaminase
TeuB_maduro_1-335	7a7g-assembly1_B	0.093	309	1.588E+00	19	0.024	2.341E-01	0.737	0.827	7a7g-assembly1_B Soluble epoxide hydrolase in complex with TK90
TeuB_maduro_1-335	2zrd-assembly1_A	0.113	159	9.325E+00	19	0.024	4.091E-01	0.310	0.484	2zrd-assembly1_A MsRecA Q196N ADP form IV
TeuB_maduro_1-335	5d8z-assembly2_B	0.083	265	1.895E+00	19	0.024	2.049E-01	0.615	0.738	5d8z-assembly2_B Structrue of a lucidum protein
TeuB_maduro_1-335	8fio-assembly1_A	0.100	290	4.330E+00	19	0.024	2.711E-01	0.567	0.764	8fio-assembly1_A Hypothetical anthocyanidin reductase from Sorghum bicolor-NADP(H) and naringenin complex
TeuB_maduro_1-335	8e0z-assembly1_B	0.119	285	9.335E-01	19	0.024	1.701E-01	0.654	0.732	8e0z-assembly1_B DAHP (3-deoxy-D-arabinoheptulosonate-7-phosphate) Synthase unbound:(bound)2:unbound Conformations
TeuB_maduro_1-335	7cw5-assembly1_B	0.092	65	9.891E+00	19	0.024	4.165E-01	0.170	0.155	7cw5-assembly1_B Acetyl-CoA acetyltransferase from Bacillus cereus ATCC 14579
TeuB_maduro_1-335	3zx2-assembly2_D	0.090	144	1.787E+00	19	0.024	2.457E-01	0.409	0.245	3zx2-assembly2_D NTPDase1 in complex with Decavanadate
TeuB_maduro_1-335	6xup-assembly1_A	0.122	301	6.169E+00	19	0.024	2.867E-01	0.713	0.622	6xup-assembly1_A Archaeoglobus fulgidus Argonaute protein with DNA oligoduplex 5'-pATCGTGGCCACGAT
TeuB_maduro_1-335	3n2b-assembly1_A	0.104	250	3.223E+00	19	0.024	2.225E-01	0.624	0.518	3n2b-assembly1_A 1.8 Angstrom Resolution Crystal Structure of Diaminopimelate Decarboxylase (lysA) from Vibrio cholerae.
TeuB_maduro_1-335	1gro-assembly1_A-2	0.099	331	3.039E+00	19	0.024	2.432E-01	0.684	0.746	1gro-assembly1_A-2 REGULATORY AND CATALYTIC MECHANISMS IN ESCHERICHIA COLI ISOCITRATE DEHYDROGENASE: MULTIPLE ROLES FOR N115
TeuB_maduro_1-335	1hj6-assembly1_A	0.102	332	3.627E+00	19	0.024	2.862E-01	0.615	0.751	1hj6-assembly1_A ISOCITRATE DEHYDROGENASE S113E MUTANT COMPLEXED WITH ISOPROPYLMALATE, NADP+ AND MAGNESIUM (FLASH-COOLED)
TeuB_maduro_1-335	8io2-assembly1_E	0.107	325	3.419E+00	19	0.024	2.288E-01	0.752	0.675	8io2-assembly1_E The Rubisco assembly intermidate of Arabidopsis thaliana Rubisco accumulation factor 1 (AtRaf1) and Rubisco large subunit (RbcL)
TeuB_maduro_1-335	4bjh-assembly1_A	0.118	254	1.787E+00	19	0.024	2.114E-01	0.576	0.540	4bjh-assembly1_A Crystal Structure of the Aquifex Reactor Complex Formed by Dihydroorotase (H180A, H232A) with Dihydroorotate and Aspartate Transcarbamoylase with N-(phosphonacetyl)-L-aspartate (PALA)
TeuB_maduro_1-335	8oyc-assembly2_B	0.099	151	4.330E+00	19	0.024	3.136E-01	0.427	0.264	8oyc-assembly2_B Time-resolved SFX structure of the class II photolyase complexed with a thymine dimer (100 microsecond timpeoint)
TeuB_maduro_1-335	4esv-assembly1_C	0.111	288	5.482E+00	19	0.024	2.919E-01	0.651	0.597	4esv-assembly1_C A New Twist on the Translocation Mechanism of Helicases from the Structure of DnaB with its Substrates
TeuB_maduro_1-335	3a12-assembly2_F-3	0.126	268	2.133E+00	19	0.024	2.084E-01	0.731	0.503	3a12-assembly2_F-3 Crystal structure of Type III Rubisco complexed with 2-CABP
TeuB_maduro_1-335	3a12-assembly1_B	0.138	317	1.787E+00	19	0.024	1.949E-01	0.779	0.607	3a12-assembly1_B Crystal structure of Type III Rubisco complexed with 2-CABP
TeuB_maduro_1-335	6sao-assembly1_A	0.134	290	9.903E-01	19	0.024	1.806E-01	0.684	0.502	6sao-assembly1_A Structural and functional characterisation of three novel fungal amylases with enhanced stability and pH tolerance
TeuB_maduro_1-335	7mjx-assembly2_B	0.114	342	3.039E+00	19	0.024	2.445E-01	0.761	0.664	7mjx-assembly2_B MiaB in the complex with 5'-deoxyadenosine, methionine and RNA
TeuB_maduro_1-335	1qfx-assembly1_A-2	0.091	196	4.082E+00	19	0.024	2.920E-01	0.478	0.372	1qfx-assembly1_A-2 PH 2.5 ACID PHOSPHATASE FROM ASPERGILLUS NIGER
TeuB_maduro_1-335	8ajw-assembly1_BBB	0.120	331	4.330E+00	19	0.024	2.783E-01	0.716	0.626	8ajw-assembly1_BBB Crystal structure of the Q65N mutant of S-adenosyl-L-homocysteine hydrolase from Pseudomonas aeruginosa cocrystallized with adenosine in the presence of K+ cations
TeuB_maduro_1-335	8uhi-assembly1_A	0.077	285	2.546E+00	19	0.024	2.367E-01	0.642	0.518	8uhi-assembly1_A Structure of the far-red light-absorbing allophycocyanin core expressed during FaRLiP
TeuB_maduro_1-335	8y1j-assembly1_B-2	0.096	270	2.700E+00	19	0.024	2.094E-01	0.701	0.492	8y1j-assembly1_B-2 Structure of the pyridoxal 5'-phosphate-dependent (PLP) threonine deaminase ilvA1 from Pseudomonas aeruginosa PAO1
TeuB_maduro_1-335	7tom-assembly1_A	0.082	254	3.627E+00	19	0.024	2.338E-01	0.600	0.426	7tom-assembly1_A X-ray crystal structure of glycerol dibiphytanyl glycerol tetraether - macrocyclic archaeol synthase (GDGT-MAS) from Methanocaldococcus jannaschii with bacterial lipid substrate analog, 5'deoxyadenosine, and methionine bound
TeuB_maduro_1-335	1k9t-assembly1_A	0.092	312	3.223E+00	19	0.024	2.741E-01	0.531	0.554	1k9t-assembly1_A Chitinase a complexed with tetra-N-acetylchitotriose
TeuB_maduro_1-335	7rmf-assembly1_W	0.100	258	4.872E+00	19	0.024	2.700E-01	0.600	0.434	7rmf-assembly1_W Substrate-bound Ura7 filament at low pH
TeuB_maduro_1-335	4kpy-assembly1_A	0.122	407	1.684E+00	19	0.024	1.997E-01	0.940	0.497	4kpy-assembly1_A DNA binding protein and DNA complex structure
TeuB_maduro_1-335	4nca-assembly1_A	0.104	403	1.411E+00	19	0.024	1.981E-01	0.937	0.490	4nca-assembly1_A Structure of Thermus thermophilus Argonaute bound to guide DNA 19-mer and target DNA in the presence of Mg2+
TeuB_maduro_1-335	5xow-assembly1_A	0.101	326	2.700E+00	19	0.024	2.242E-01	0.782	0.390	5xow-assembly1_A Crystal structure of T. thermophilus Argonaute protein complexed with a bulge 6'A7' on the target strand
TeuB_maduro_1-335	4uaq-assembly1_A	0.106	253	5.168E+00	19	0.024	3.178E-01	0.573	0.322	4uaq-assembly1_A Crystal structure of the accessory translocation ATPase, SecA2, from Mycobacterium tuberculosis
TeuB_maduro_1-335	5guh-assembly1_A	0.110	254	7.812E+00	19	0.024	3.549E-01	0.507	0.327	5guh-assembly1_A Crystal structure of silkworm PIWI-clade Argonaute Siwi bound to piRNA
TeuB_maduro_1-335	4fyd-assembly2_B	0.147	61	3.848E+00	19	0.024	2.754E-01	0.182	0.071	4fyd-assembly2_B Crystal structure of yeast DNA polymerase alpha bound to DNA/RNA and dGTP
TeuB_maduro_1-335	4qsk-assembly1_A	0.102	294	2.546E+00	19	0.024	2.111E-01	0.764	0.228	4qsk-assembly1_A Crystal Structure of L. monocytogenes Pyruvate Carboxylase in complex with Cyclic-di-AMP
TeuB_maduro_1-335	2iz5-assembly1_B	0.127	259	3.223E+00	18	0.020	2.242E-01	0.752	0.975	2iz5-assembly1_B FUNCTION AND STRUCTURE OF THE MOLYBDENUM COFACTOR CARRIER PROTEIN MCP FROM CHLAMYDOMONAS REINHARDTII
TeuB_maduro_1-335	2nsl-assembly1_A	0.086	209	9.891E+00	18	0.020	3.448E-01	0.621	0.914	2nsl-assembly1_A E. coli PurE H45N mutant complexed with CAIR
TeuB_maduro_1-335	8w7e-assembly1_G	0.103	223	5.168E+00	18	0.020	2.800E-01	0.612	0.869	8w7e-assembly1_G Design, synthesis and biological evaluations of novel small molecular hyper-activators of human caseinolytic peptidase P (hClpP)
TeuB_maduro_1-335	6yqx-assembly1_A	0.117	170	6.942E+00	18	0.020	2.644E-01	0.499	0.735	6yqx-assembly1_A Crystal structure of DeNovoTIM13, a de novo designed TIM barrel
TeuB_maduro_1-335	3qiv-assembly1_B	0.123	243	1.787E+00	18	0.020	1.938E-01	0.648	0.841	3qiv-assembly1_B Crystal structure of a putative short-chain dehydrogenase or 3-oxoacyl-[acyl-carrier-protein] reductase from Mycobacterium paratuberculosis ATCC BAA-968 / K-10
TeuB_maduro_1-335	1yac-assembly1_A	0.107	271	4.082E+00	18	0.020	2.397E-01	0.669	0.990	1yac-assembly1_A THE 1.8 ANGSTROM CRYSTAL STRUCTURE OF THE YCAC GENE PRODUCT FROM ESCHERICHIA COLI REVEALS AN OCTAMERIC HYDROLASE OF UNKNOWN SPECIFICITY
TeuB_maduro_1-335	8sy8-assembly1_B-2	0.089	245	3.627E+00	18	0.020	2.284E-01	0.633	0.942	8sy8-assembly1_B-2 Crystal structure of TsaC
TeuB_maduro_1-335	1klz-assembly1_A	0.105	246	5.482E+00	18	0.020	2.679E-01	0.612	0.990	1klz-assembly1_A Crystal structure of orotidine monophosphate decarboxylase mutant D70A complexed with UMP
TeuB_maduro_1-335	3m5x-assembly1_B	0.139	243	5.482E+00	18	0.020	2.479E-01	0.615	0.948	3m5x-assembly1_B Crystal structure of the mutant V182A,I199A of orotidine 5'-monophosphate decarboxylase from Methanobacterium thermoautotrophicum
TeuB_maduro_1-335	3tfo-assembly1_C	0.105	219	6.942E+00	18	0.020	3.364E-01	0.579	0.736	3tfo-assembly1_C Crystal structure of a putative 3-oxoacyl-(acyl-carrier-protein) reductase from Sinorhizobium meliloti
TeuB_maduro_1-335	3edm-assembly1_A	0.077	232	7.812E+00	18	0.020	3.224E-01	0.490	0.965	3edm-assembly1_A Crystal structure of a short chain dehydrogenase from Agrobacterium tumefaciens
TeuB_maduro_1-335	8k7m-assembly1_A	0.113	282	7.364E+00	18	0.020	2.613E-01	0.764	0.991	8k7m-assembly1_A De novo design protein -T01
TeuB_maduro_1-335	4bo6-assembly1_A	0.102	282	1.497E+00	18	0.020	1.706E-01	0.669	0.957	4bo6-assembly1_A Crystal structure of 3-oxoacyl-(acyl-carrier-protein) reductase (FabG) from Pseudomonas aeruginosa in complex with 2,3-dihydroindol-1-yl-(2- thiophen-3-yl-1,3-thiazol-4-yl)methanone at 2.8A resolution
TeuB_maduro_1-335	7djs-assembly1_C	0.103	260	2.400E+00	18	0.020	2.073E-01	0.627	0.923	7djs-assembly1_C Crystal structure of isopiperitenol dehydrogenase from Pseudomonas aeruginosa complexed with NAD
TeuB_maduro_1-335	4bnt-assembly1_C	0.088	294	1.330E+00	18	0.020	1.723E-01	0.752	0.864	4bnt-assembly1_C Crystal structure of 3-oxoacyl-(acyl-carrier-protein) reductase (FabG) from Pseudomonas aeruginosa in complex with 2-(trifluoromethyl)-1H- benzimidazole at 2.3A resolution
TeuB_maduro_1-335	7cax-assembly1_A	0.081	258	1.330E+00	18	0.020	1.763E-01	0.654	0.779	7cax-assembly1_A Crystal structure of bacterial reductase
TeuB_maduro_1-335	3vx3-assembly1_B	0.102	215	5.816E+00	18	0.020	3.028E-01	0.460	0.872	3vx3-assembly1_B Crystal structure of [NiFe] hydrogenase maturation protein HypB from Thermococcus kodakarensis KOD1
TeuB_maduro_1-335	4bo1-assembly1_A	0.125	255	1.330E+00	18	0.020	1.791E-01	0.657	0.819	4bo1-assembly1_A Crystal structure of 3-oxoacyl-(acyl-carrier-protein) reductase (FabG) from Pseudomonas aeruginosa in complex with N-(4-chloro-2,5- dimethoxyphenyl)quinoline-8-carboxamide at 2.2A resolution
TeuB_maduro_1-335	4dml-assembly2_D	0.089	247	5.482E+00	18	0.020	2.779E-01	0.504	0.983	4dml-assembly2_D 3-oxoacyl-[acyl-carrier-protein] reductase from Synechococcus elongatus PCC 7942
TeuB_maduro_1-335	7cax-assembly1_C	0.089	258	1.787E+00	18	0.020	1.870E-01	0.654	0.769	7cax-assembly1_C Crystal structure of bacterial reductase
TeuB_maduro_1-335	6jhb-assembly1_A-2	0.075	305	1.114E+00	18	0.020	1.609E-01	0.761	0.933	6jhb-assembly1_A-2 Crystal structure of NADPH and 4-hydroxyphenylpyruvic acid bound AerF from Microcystis aeruginosa
TeuB_maduro_1-335	4bo7-assembly1_D	0.103	223	2.010E+00	18	0.020	1.980E-01	0.567	0.695	4bo7-assembly1_D Crystal structure of 3-oxoacyl-(acyl-carrier-protein) reductase (FabG) from Pseudomonas aeruginosa in complex with N-(2,3-dihydro-1H-inden- 5-yl)tetrazolo(1,5-b)pyridazin-6-amine at 2.6A resolution
TeuB_maduro_1-335	7djs-assembly1_A	0.096	228	3.627E+00	18	0.020	2.248E-01	0.576	0.757	7djs-assembly1_A Crystal structure of isopiperitenol dehydrogenase from Pseudomonas aeruginosa complexed with NAD
TeuB_maduro_1-335	5er6-assembly1_D	0.094	191	5.816E+00	18	0.020	3.109E-01	0.484	0.586	5er6-assembly1_D Crystal structure of an oxidoreductase from Brucella ovis
TeuB_maduro_1-335	4bnt-assembly1_A	0.107	233	1.411E+00	18	0.020	1.769E-01	0.591	0.725	4bnt-assembly1_A Crystal structure of 3-oxoacyl-(acyl-carrier-protein) reductase (FabG) from Pseudomonas aeruginosa in complex with 2-(trifluoromethyl)-1H- benzimidazole at 2.3A resolution
TeuB_maduro_1-335	4bo1-assembly1_C	0.101	226	2.400E+00	18	0.020	2.038E-01	0.567	0.692	4bo1-assembly1_C Crystal structure of 3-oxoacyl-(acyl-carrier-protein) reductase (FabG) from Pseudomonas aeruginosa in complex with N-(4-chloro-2,5- dimethoxyphenyl)quinoline-8-carboxamide at 2.2A resolution
TeuB_maduro_1-335	4dmm-assembly2_C	0.087	252	6.942E+00	18	0.020	3.237E-01	0.484	0.971	4dmm-assembly2_C 3-oxoacyl-[acyl-carrier-protein] reductase from Synechococcus elongatus PCC 7942 in complex with NADP
TeuB_maduro_1-335	4k6f-assembly1_A	0.087	240	6.169E+00	18	0.020	2.809E-01	0.484	0.971	4k6f-assembly1_A X-ray crystal structure of a putative Acetoacetyl-CoA reductase from Burkholderia cenocepacia bound to the co-factor NADP
TeuB_maduro_1-335	4za2-assembly1_B	0.073	246	6.169E+00	18	0.020	2.936E-01	0.510	0.950	4za2-assembly1_B Crystal structure of Pectobacterium carotovorum 2-keto-3-deoxy-D-gluconate dehydrogenase complexed with NAD+
TeuB_maduro_1-335	1yb1-assembly1_A	0.101	314	2.010E+00	18	0.020	1.786E-01	0.845	0.984	1yb1-assembly1_A Crystal structure of human 17-beta-hydroxysteroid dehydrogenase type XI
TeuB_maduro_1-335	9av8-assembly1_B	0.101	216	3.848E+00	18	0.020	2.547E-01	0.516	0.770	9av8-assembly1_B Design and application of synthetic 17B-HSD13 substrates to drug discovery, and to reveal preserved catalytic activity of protective human variants
TeuB_maduro_1-335	4bo7-assembly1_C	0.100	288	1.684E+00	18	0.020	1.752E-01	0.752	0.865	4bo7-assembly1_C Crystal structure of 3-oxoacyl-(acyl-carrier-protein) reductase (FabG) from Pseudomonas aeruginosa in complex with N-(2,3-dihydro-1H-inden- 5-yl)tetrazolo(1,5-b)pyridazin-6-amine at 2.6A resolution
TeuB_maduro_1-335	8kgb-assembly1_A	0.093	246	1.684E+00	18	0.020	1.940E-01	0.624	0.799	8kgb-assembly1_A SlNDPS1-AtcPT4 Chimera complexed with GSPP, Mg2+, and IPP
TeuB_maduro_1-335	7krm-assembly1_C	0.093	245	4.082E+00	18	0.020	2.539E-01	0.484	0.955	7krm-assembly1_C Putative FabG bound to NADH from Acinetobacter baumannii
TeuB_maduro_1-335	3o38-assembly1_D	0.106	272	2.133E+00	18	0.020	1.990E-01	0.681	0.943	3o38-assembly1_D Crystal structure of a short chain dehydrogenase from Mycobacterium smegmatis
TeuB_maduro_1-335	6rx6-assembly1_C	0.110	254	3.419E+00	18	0.020	2.216E-01	0.630	0.934	6rx6-assembly1_C Trypanosoma brucei PTR1 (TbPTR1) in complex with inhibitor 4 (NMT-C0026)
TeuB_maduro_1-335	9av4-assembly1_B	0.091	230	2.400E+00	18	0.020	2.041E-01	0.516	0.767	9av4-assembly1_B Design and application of synthetic 17B-HSD13 substrates to drug discovery, and to reveal preserved catalytic activity of protective human variants
TeuB_maduro_1-335	7do6-assembly1_B	0.101	227	2.546E+00	18	0.020	2.138E-01	0.579	0.753	7do6-assembly1_B Crystal structure of Azotobacter vinelandii L-rhamnose 1-dehydrogenase(NADP bound-form)
TeuB_maduro_1-335	2q2v-assembly2_C	0.147	278	7.364E+00	18	0.020	3.171E-01	0.636	0.935	2q2v-assembly2_C Structure of D-3-Hydroxybutyrate Dehydrogenase from Pseudomonas putida
TeuB_maduro_1-335	3gvc-assembly2_D-3	0.093	309	1.787E+00	18	0.020	2.082E-01	0.800	0.908	3gvc-assembly2_D-3 Crystal structure of probable short-chain dehydrogenase-reductase from Mycobacterium tuberculosis
TeuB_maduro_1-335	2yhu-assembly1_B	0.083	299	3.419E+00	18	0.020	2.625E-01	0.764	0.924	2yhu-assembly1_B Trypanosoma brucei PTR1 in complex with inhibitor WHF30
TeuB_maduro_1-335	4npc-assembly1_A	0.127	291	2.262E+00	18	0.020	2.144E-01	0.764	0.900	4npc-assembly1_A Crystal Structure of an Oxidoreductase, Short-Chain Dehydrogenase/Reductase Family Protein from Brucella suis
TeuB_maduro_1-335	2yhu-assembly1_C	0.094	276	3.419E+00	18	0.020	2.449E-01	0.636	0.937	2yhu-assembly1_C Trypanosoma brucei PTR1 in complex with inhibitor WHF30
TeuB_maduro_1-335	3d5q-assembly3_C	0.118	254	4.082E+00	18	0.020	2.482E-01	0.537	0.949	3d5q-assembly3_C Crystal Structure of 11b-HSD1 in Complex with Triazole Inhibitor
TeuB_maduro_1-335	3u4c-assembly1_A-2	0.101	277	6.942E+00	18	0.020	2.915E-01	0.636	0.941	3u4c-assembly1_A-2 Crystal structure of YwfH, NADPH dependent reductase involved in Bacilysin biosynthesis
TeuB_maduro_1-335	1bks-assembly1_A	0.105	304	1.895E+00	18	0.020	1.929E-01	0.764	0.918	1bks-assembly1_A TRYPTOPHAN SYNTHASE (E.C.4.2.1.20) FROM SALMONELLA TYPHIMURIUM
TeuB_maduro_1-335	6i9v-assembly2_F	0.092	312	2.700E+00	18	0.020	2.082E-01	0.764	0.914	6i9v-assembly2_F Crystal structure of the halohydrin dehalogenase HheG T123G mutant
TeuB_maduro_1-335	7x5j-assembly1_D	0.080	223	4.872E+00	18	0.020	2.520E-01	0.567	0.710	7x5j-assembly1_D ACP-dependent oxoacyl reductase
TeuB_maduro_1-335	4o5o-assembly1_A-2	0.120	232	3.848E+00	18	0.020	2.639E-01	0.576	0.642	4o5o-assembly1_A-2 X-ray Crystal Structure of a 3-hydroxyacyl-CoA dehydrogenase from Brucella suis
TeuB_maduro_1-335	1a5s-assembly1_A-2	0.114	298	2.865E+00	18	0.020	2.002E-01	0.764	0.922	1a5s-assembly1_A-2 CRYSTAL STRUCTURE OF WILD-TYPE TRYPTOPHAN SYNTHASE COMPLEXED WITH 5-FLUOROINDOLE PROPANOL PHOSPHATE AND L-SER BOUND AS AMINO ACRYLATE TO THE BETA SITE
TeuB_maduro_1-335	9av4-assembly1_A	0.105	312	3.223E+00	18	0.020	2.314E-01	0.821	0.880	9av4-assembly1_A Design and application of synthetic 17B-HSD13 substrates to drug discovery, and to reveal preserved catalytic activity of protective human variants
TeuB_maduro_1-335	5o30-assembly1_B	0.084	321	2.865E+00	18	0.020	2.073E-01	0.764	0.911	5o30-assembly1_B Crystal structure of the novel halohydrin dehalogenase HheG
TeuB_maduro_1-335	6jh7-assembly1_B-2	0.089	279	7.821E-01	18	0.020	1.572E-01	0.699	0.780	6jh7-assembly1_B-2 Crystal structure of AerF from Microcystis aeruginosa
TeuB_maduro_1-335	6m5n-assembly1_A	0.082	218	5.482E+00	18	0.020	2.908E-01	0.564	0.606	6m5n-assembly1_A Apo-Form Structure of Borneol Dehydrogenase
TeuB_maduro_1-335	5epo-assembly1_D	0.121	222	3.627E+00	18	0.020	2.355E-01	0.567	0.693	5epo-assembly1_D The three-dimensional structure of Clostridium absonum 7alpha-hydroxysteroid dehydrogenase
TeuB_maduro_1-335	1rd5-assembly1_A	0.134	313	1.588E+00	18	0.020	1.769E-01	0.770	0.916	1rd5-assembly1_A Crystal structure of Tryptophan synthase alpha chain homolog BX1: a member of the chemical plant defense system
TeuB_maduro_1-335	3pk0-assembly1_C	0.085	247	4.330E+00	18	0.020	2.613E-01	0.484	0.901	3pk0-assembly1_C Crystal structure of Short-chain dehydrogenase/reductase SDR from Mycobacterium smegmatis
TeuB_maduro_1-335	5bu6-assembly1_A	0.139	223	1.330E+00	18	0.020	1.715E-01	0.501	0.697	5bu6-assembly1_A Structure of BpsB deaceylase domain from Bordetella bronchiseptica
TeuB_maduro_1-335	1c29-assembly1_A	0.096	300	2.010E+00	18	0.020	1.756E-01	0.764	0.924	1c29-assembly1_A CRYSTAL STRUCTURE OF THE COMPLEX OF BACTERIAL TRYPTOPHAN SYNTHASE WITH THE TRANSITION STATE ANALOGUE INHIBITOR 4-(2-HYDROXYPHENYLTHIO)-1-BUTENYLPHOSPHONIC ACID
TeuB_maduro_1-335	5c8d-assembly2_F	0.124	217	3.419E+00	18	0.020	2.337E-01	0.606	0.626	5c8d-assembly2_F Crystal structure of full-length Thermus thermophilus CarH bound to adenosylcobalamin (dark state)
TeuB_maduro_1-335	3tsc-assembly1_D	0.137	276	2.010E+00	18	0.020	2.055E-01	0.755	0.638	3tsc-assembly1_D Crystal structure of short chain dehydrogenase MAP_2410 from Mycobacterium paratuberculosis bound to NAD
TeuB_maduro_1-335	1xse-assembly1_A	0.094	358	6.169E+00	18	0.020	3.112E-01	0.922	0.909	1xse-assembly1_A Crystal Structure of Guinea Pig 11beta-Hydroxysteroid Dehydrogenase Type 1
TeuB_maduro_1-335	6y32-assembly1_A	0.133	255	1.254E+00	18	0.020	1.752E-01	0.681	0.675	6y32-assembly1_A Structure of the GTPase heterodimer of human SRP54 and SRalpha
TeuB_maduro_1-335	3pxx-assembly1_E	0.085	280	4.082E+00	18	0.020	2.505E-01	0.504	0.971	3pxx-assembly1_E Crystal structure of carveol dehydrogenase from Mycobacterium avium bound to nicotinamide adenine dinucleotide
TeuB_maduro_1-335	7dld-assembly1_A-2	0.131	296	1.787E+00	18	0.020	2.097E-01	0.827	0.703	7dld-assembly1_A-2 Crystal structures of (S)-carbonyl reductases from Candida parapsilosis in different oligomerization states
TeuB_maduro_1-335	4ml9-assembly1_A	0.117	230	3.848E+00	18	0.020	2.357E-01	0.531	0.775	4ml9-assembly1_A Crystal Structure of Uncharacterized TIM Barrel Protein with the Conserved Phosphate Binding Site fromSebaldella termitidis
TeuB_maduro_1-335	6ow4-assembly3_G-2	0.112	338	1.330E+00	18	0.020	1.783E-01	0.854	0.910	6ow4-assembly3_G-2 Structure of the NADH-bound form of 20beta-Hydroxysteroid Dehydrogenase from Bifidobacterium adolescentis strain L2-32
TeuB_maduro_1-335	5ub3-assembly1_A	0.122	155	6.942E+00	18	0.020	3.651E-01	0.400	0.417	5ub3-assembly1_A XAC2383 from Xanthomonas citri bound to chloride ion
TeuB_maduro_1-335	7ucw-assembly1_D	0.077	259	6.544E+00	18	0.020	2.866E-01	0.528	0.864	7ucw-assembly1_D Structure of mouse Decr1 in complex with 2'-5' oligoadenylate
TeuB_maduro_1-335	1w6u-assembly1_D	0.073	258	9.325E+00	18	0.020	3.343E-01	0.528	0.851	1w6u-assembly1_D Structure of human DECR ternary complex
TeuB_maduro_1-335	2z0i-assembly1_A	0.123	251	3.627E+00	18	0.020	2.232E-01	0.624	0.781	2z0i-assembly1_A Crystal Structure of 5-aminolevulinic acid dehydratase (ALAD) from Mus musculus
TeuB_maduro_1-335	7btm-assembly1_A	0.097	216	7.364E+00	18	0.020	3.323E-01	0.576	0.570	7btm-assembly1_A SDR protein/resistance protein NapW
TeuB_maduro_1-335	7cs7-assembly1_C-2	0.100	189	6.169E+00	18	0.020	3.092E-01	0.516	0.461	7cs7-assembly1_C-2 IiPLR1 with NADP+ and (+)secoisolariciresinol
TeuB_maduro_1-335	8g9v-assembly4_H	0.107	214	3.627E+00	18	0.020	2.433E-01	0.516	0.651	8g9v-assembly4_H Crystal structures of 17-beta-hydroxysteroid dehydrogenase 13
TeuB_maduro_1-335	4pdd-assembly3_C	0.114	340	2.010E+00	18	0.020	2.415E-01	0.767	0.947	4pdd-assembly3_C CRYSTAL STRUCTURE OF A TRAP PERIPLASMIC SOLUTE BINDING PROTEIN FROM POLAROMONAS SP JS666 (Bpro_0088, TARGET EFI-510167) BOUND TO D-ERYTHRONATE
TeuB_maduro_1-335	1gzj-assembly2_B	0.134	268	4.082E+00	18	0.020	2.341E-01	0.699	0.595	1gzj-assembly2_B Structure of Thermoascus aurantiacus family 5 endoglucanase
TeuB_maduro_1-335	8wm2-assembly1_A	0.071	210	6.942E+00	18	0.020	3.028E-01	0.478	0.655	8wm2-assembly1_A Crystal structure of AbmM
TeuB_maduro_1-335	5ldg-assembly1_A	0.135	295	9.903E-01	18	0.020	1.760E-01	0.767	0.710	5ldg-assembly1_A Isopiperitenone reductase from Mentha piperita in complex with Isopiperitenone and NADP
TeuB_maduro_1-335	8qn0-assembly2_B	0.092	356	1.895E+00	18	0.020	2.108E-01	0.845	0.934	8qn0-assembly2_B Soluble epoxide hydrolase in complex with RK3
TeuB_maduro_1-335	5xm6-assembly1_C	0.106	320	2.400E+00	18	0.020	2.388E-01	0.669	0.862	5xm6-assembly1_C the overall structure of VrEH2
TeuB_maduro_1-335	5xmd-assembly2_B	0.123	307	3.223E+00	18	0.020	2.603E-01	0.669	0.854	5xmd-assembly2_B Crystal structure of epoxide hydrolase VrEH1 from Vigna radiata
TeuB_maduro_1-335	3qkw-assembly1_A	0.111	359	5.482E+00	18	0.020	2.816E-01	0.767	0.945	3qkw-assembly1_A Structure of Streptococcus parasangunini Gtf3 glycosyltransferase
TeuB_maduro_1-335	5cvc-assembly1_A	0.100	259	4.593E+00	18	0.020	2.546E-01	0.734	0.602	5cvc-assembly1_A Structure of maize serine racemase
TeuB_maduro_1-335	7ug8-assembly1_A	0.102	215	4.330E+00	18	0.020	2.693E-01	0.555	0.538	7ug8-assembly1_A Crystal structure of a solute receptor from Synechococcus CC9311 in complex with alpha-ketovaleric and calcium
TeuB_maduro_1-335	8b9y-assembly2_C	0.085	281	3.627E+00	18	0.020	2.332E-01	0.719	0.606	8b9y-assembly2_C Cysteine Synthase from Trypanosoma cruzi with PLP and OAS
TeuB_maduro_1-335	6unw-assembly1_A	0.091	372	4.082E+00	18	0.020	2.712E-01	0.803	0.955	6unw-assembly1_A Epoxide hydrolase from an endophytic Streptomyces
TeuB_maduro_1-335	3fkj-assembly1_A	0.101	344	8.287E+00	18	0.020	3.047E-01	0.785	0.893	3fkj-assembly1_A Crystal structure of a putative phosphosugar isomerase (stm_0572) from salmonella typhimurium lt2 at 2.12 A resolution
TeuB_maduro_1-335	1wvg-assembly1_A-2	0.114	374	3.419E+00	18	0.020	2.578E-01	0.800	0.955	1wvg-assembly1_A-2 Structure of CDP-D-glucose 4,6-dehydratase from Salmonella typhi
TeuB_maduro_1-335	6hfh-assembly1_A	0.088	272	4.872E+00	18	0.020	2.606E-01	0.770	0.504	6hfh-assembly1_A Human dihydroorotase mutant F1563A co-crystallized with carbamoyl aspartate at pH 7.0
TeuB_maduro_1-335	2nv9-assembly4_H	0.111	234	4.593E+00	18	0.020	2.255E-01	0.612	0.529	2nv9-assembly4_H The X-ray Crystal Structure of the Paramecium bursaria Chlorella virus arginine decarboxylase
TeuB_maduro_1-335	4ov4-assembly1_A-2	0.072	261	5.816E+00	18	0.020	2.526E-01	0.642	0.599	4ov4-assembly1_A-2 Isopropylmalate synthase binding with ketoisovalerate
TeuB_maduro_1-335	1k5h-assembly2_B	0.101	267	3.848E+00	18	0.020	2.569E-01	0.731	0.425	1k5h-assembly2_B 1-deoxy-D-xylulose-5-phosphate reductoisomerase
TeuB_maduro_1-335	5v8s-assembly1_B	0.138	173	6.942E+00	18	0.020	3.678E-01	0.487	0.290	5v8s-assembly1_B Flavo di-iron protein H90D mutant from Thermotoga maritima
TeuB_maduro_1-335	5bz4-assembly3_L	0.155	90	9.891E+00	18	0.020	4.141E-01	0.239	0.207	5bz4-assembly3_L Crystal structure of a T1-like thiolase (CoA-complex) from Mycobacterium smegmatis
TeuB_maduro_1-335	5l57-assembly1_A-2	0.090	407	1.895E+00	18	0.020	2.102E-01	0.764	0.878	5l57-assembly1_A-2 Crystal structure of Iso-citrate Dehydrogenase R132H in complex with a novel inhibitor (compound 13a)
TeuB_maduro_1-335	2z00-assembly1_A	0.113	283	1.411E+00	18	0.020	1.759E-01	0.678	0.505	2z00-assembly1_A Crystal structure of dihydroorotase from Thermus thermophilus
TeuB_maduro_1-335	7v3x-assembly4_U	0.104	346	8.287E+00	18	0.020	3.138E-01	0.710	0.763	7v3x-assembly4_U Crystal Structure of Cyanobacterial Circadian Clock Protein KaiC
TeuB_maduro_1-335	3a13-assembly1_E-2	0.105	350	3.419E+00	18	0.020	2.380E-01	0.740	0.701	3a13-assembly1_E-2 Crystal structure of Type III Rubisco SP4 mutant complexed with 2-CABP and activated with Ca
TeuB_maduro_1-335	6xsv-assembly1_A	0.117	297	1.182E+00	18	0.020	1.734E-01	0.666	0.477	6xsv-assembly1_A X-ray structure of a tetragonal crystal form of alpha amylase from Aspergillus oryzae (Tala-Amylase) at 1.65 A resolution
TeuB_maduro_1-335	5za4-assembly1_A	0.122	49	8.790E+00	18	0.020	4.381E-01	0.134	0.090	5za4-assembly1_A Crystal structure of Sialic acid Binding protein from Haemophilus ducreyi
TeuB_maduro_1-335	6dd6-assembly1_A	0.126	331	1.895E+00	18	0.020	2.013E-01	0.761	0.551	6dd6-assembly1_A Crystal structure of bacterial (6-4) photolyase PhrB from in situ serial Laue diffraction
TeuB_maduro_1-335	3dbh-assembly1_C	0.136	176	4.872E+00	18	0.020	2.928E-01	0.484	0.258	3dbh-assembly1_C Structural Dissection of a Gating Mechanism Preventing Misactivation of Ubiquitin by NEDD8's E1 (APPBP1-UBA3Arg190Ala-NEDD8Ala72Arg)
TeuB_maduro_1-335	5am2-assembly1_A-2	0.094	158	6.942E+00	18	0.020	3.650E-01	0.409	0.248	5am2-assembly1_A-2 ligand complex structure of soluble epoxide hydrolase
TeuB_maduro_1-335	6k8w-assembly1_B	0.094	443	3.627E+00	18	0.020	2.265E-01	0.785	0.749	6k8w-assembly1_B Crystal structure of N-domain with NADP of baterial malonyl-CoA reductase
TeuB_maduro_1-335	4qq8-assembly1_B	0.109	401	4.330E+00	18	0.020	2.450E-01	0.860	0.643	4qq8-assembly1_B Crystal structure of the formolase FLS in space group P 43 21 2
TeuB_maduro_1-335	7r7e-assembly2_B	0.099	302	8.287E+00	18	0.020	2.865E-01	0.773	0.446	7r7e-assembly2_B Synechococcus Olefin Synthase FAAL domain in complex with AMP and pyrophosphate
TeuB_maduro_1-335	5c70-assembly1_B-2	0.093	257	4.593E+00	18	0.020	2.887E-01	0.493	0.432	5c70-assembly1_B-2 The structure of Aspergillus oryzae beta-glucuronidase
TeuB_maduro_1-335	6yu9-assembly2_C	0.081	367	5.816E+00	18	0.020	3.010E-01	0.657	0.565	6yu9-assembly2_C CO-dehydrogenase homodimer from Clostridium autoethanogenum at 1.90-A resolution
TeuB_maduro_1-335	3ua3-assembly1_B	0.096	248	2.546E+00	18	0.020	1.914E-01	0.591	0.333	3ua3-assembly1_B Crystal Structure of Protein Arginine Methyltransferase PRMT5 in complex with SAH
TeuB_maduro_1-335	4n76-assembly2_B	0.123	324	3.039E+00	18	0.020	2.271E-01	0.773	0.396	4n76-assembly2_B Structure of Thermus thermophilus Argonaute bound to guide DNA and cleaved target DNA with Mn2+
TeuB_maduro_1-335	5g0j-assembly1_A	0.100	379	3.627E+00	18	0.020	2.344E-01	0.827	0.450	5g0j-assembly1_A Crystal structure of Danio rerio HDAC6 CD1 and CD2 (linker intact) in complex with Nexturastat A
TeuB_maduro_1-335	7aio-assembly1_A	0.065	365	6.950E-01	18	0.020	1.556E-01	0.800	0.333	7aio-assembly1_A Structure of Human Potassium Chloride Transporter KCC3 S45D/T940D/T997D in NaCl (Subclass)
TeuB_maduro_1-335	6ytj-assembly1_AAA	0.085	317	9.325E+00	18	0.020	3.286E-01	0.606	0.231	6ytj-assembly1_AAA Magnesium chelatase H subunit (ChlH) E625K variant from Synechocystis sp.PCC6803
TeuB_maduro_1-335	3g1y-assembly1_B	0.109	274	5.816E+00	17	0.016	2.544E-01	0.746	0.946	3g1y-assembly1_B Crystal structure of the mutant D70N of orotidine 5'-monophosphate decarboxylase from Methanobacterium thermoautotrophicum complexed with sulfate
TeuB_maduro_1-335	1km2-assembly1_A	0.108	259	5.816E+00	17	0.016	2.363E-01	0.621	0.995	1km2-assembly1_A crystal structure of orotidine monophosphate mutant Q185A with 6-azaUMP
TeuB_maduro_1-335	3edm-assembly1_D	0.120	274	8.287E+00	17	0.016	2.831E-01	0.663	0.972	3edm-assembly1_D Crystal structure of a short chain dehydrogenase from Agrobacterium tumefaciens
TeuB_maduro_1-335	6szh-assembly1_B	0.069	172	4.593E+00	17	0.016	2.276E-01	0.388	0.742	6szh-assembly1_B Acinetobacter baumannii undecaprenyl pyrophosphate synthase (AB-UppS) in complex with GW197
TeuB_maduro_1-335	1vpx-assembly1_F	0.142	231	5.168E+00	17	0.016	2.566E-01	0.621	0.812	1vpx-assembly1_F Crystal structure of Transaldolase (EC 2.2.1.2) (TM0295) from Thermotoga maritima at 2.40 A resolution
TeuB_maduro_1-335	8cso-assembly5_I	0.073	218	9.325E+00	17	0.016	3.064E-01	0.493	0.903	8cso-assembly5_I Crystal Structure of Orotidine 5'-phosphate decarboxylase from Klebsiella pneumoniae in complex with Uridine-5'-monophosphate
TeuB_maduro_1-335	2ysw-assembly2_C-2	0.101	246	3.848E+00	17	0.016	2.023E-01	0.615	0.977	2ysw-assembly2_C-2 Crystal Structure of the 3-dehydroquinate dehydratase from Aquifex aeolicus VF5
TeuB_maduro_1-335	4cql-assembly4_K	0.108	222	7.812E+00	17	0.016	2.921E-01	0.478	0.968	4cql-assembly4_K Crystal structure of heterotetrameric human ketoacyl reductase complexed with NAD
TeuB_maduro_1-335	3rkr-assembly1_A-2	0.090	308	2.700E+00	17	0.016	1.911E-01	0.800	0.968	3rkr-assembly1_A-2 Crystal structure of a metagenomic short-chain oxidoreductase (SDR) in complex with NADP
TeuB_maduro_1-335	6acs-assembly1_A	0.078	228	3.223E+00	17	0.016	2.231E-01	0.651	0.738	6acs-assembly1_A poly-cis-prenyltransferase
TeuB_maduro_1-335	2p91-assembly1_C	0.101	265	2.400E+00	17	0.016	1.999E-01	0.651	0.807	2p91-assembly1_C Crystal structure of Enoyl-[acyl-carrier-protein] reductase (NADH) from Aquifex aeolicus VF5
TeuB_maduro_1-335	4ijk-assembly1_D	0.089	234	8.287E+00	17	0.016	3.017E-01	0.496	0.965	4ijk-assembly1_D Crystal structure of a putative 3-oxoacyl-[acyl-carrier protein]reductase from Helicobacter pylori 26695
TeuB_maduro_1-335	7caw-assembly1_A	0.085	292	1.787E+00	17	0.016	1.666E-01	0.752	0.909	7caw-assembly1_A Crystal structure of bacterial reductase
TeuB_maduro_1-335	4wd0-assembly1_A	0.127	290	3.419E+00	17	0.016	2.085E-01	0.770	0.978	4wd0-assembly1_A Crystal structure of HisAp form Arthrobacter aurescens
TeuB_maduro_1-335	8x8i-assembly1_B	0.090	244	7.364E+00	17	0.016	3.255E-01	0.507	0.910	8x8i-assembly1_B The structure of AbBioc in complex with SAM cofactor
TeuB_maduro_1-335	3emk-assembly1_C	0.117	246	8.287E+00	17	0.016	3.086E-01	0.507	0.958	3emk-assembly1_C 2.5A crystal structure of glucose/ribitol dehydrogenase from brucella melitensis
TeuB_maduro_1-335	4ijk-assembly1_A	0.094	306	2.865E+00	17	0.016	2.194E-01	0.827	0.915	4ijk-assembly1_A Crystal structure of a putative 3-oxoacyl-[acyl-carrier protein]reductase from Helicobacter pylori 26695
TeuB_maduro_1-335	4jig-assembly1_A	0.118	271	3.223E+00	17	0.016	1.996E-01	0.642	0.958	4jig-assembly1_A Crystal structure of a putative dehydrogenase from Burkholderia cenocepacia
TeuB_maduro_1-335	3u4d-assembly1_A-2	0.118	262	3.419E+00	17	0.016	2.111E-01	0.636	0.954	3u4d-assembly1_A-2 Crystal structure of YwfH, NADPH dependent reductase involved in Bacilysin biosynthesis
TeuB_maduro_1-335	4iin-assembly1_C	0.084	309	2.700E+00	17	0.016	2.152E-01	0.827	0.916	4iin-assembly1_C Crystal structure of a putative 3-oxoacyl-[acyl-carrier protein]reductase from Helicobacter pylori 26695 complexed with NAD+
TeuB_maduro_1-335	7czc-assembly1_D	0.101	277	2.400E+00	17	0.016	1.823E-01	0.636	0.950	7czc-assembly1_D Crystal structure of apo-FabG from Vibrio harveyi
TeuB_maduro_1-335	4bnx-assembly1_D	0.102	234	2.400E+00	17	0.016	1.889E-01	0.588	0.729	4bnx-assembly1_D Crystal structure of 3-oxoacyl-(acyl-carrier-protein) reductase (FabG) from Pseudomonas aeruginosa in complex with 6-(4-(2-chloroanilino)- 1H-quinazolin-2-ylidene)cyclohexa-2, 4-dien-1-one at 2.3A resolution
TeuB_maduro_1-335	1xc4-assembly1_A	0.113	290	4.872E+00	17	0.016	2.229E-01	0.770	0.904	1xc4-assembly1_A Crystal structure of wild-type tryptophan synthase alpha-subunits from Escherichia coli
TeuB_maduro_1-335	1yb1-assembly1_B	0.095	313	2.400E+00	17	0.016	1.789E-01	0.845	0.983	1yb1-assembly1_B Crystal structure of human 17-beta-hydroxysteroid dehydrogenase type XI
TeuB_maduro_1-335	2yw9-assembly2_F	0.098	294	1.588E+00	17	0.016	1.674E-01	0.773	0.893	2yw9-assembly2_F Crystal structure of TT0143 from Thermus thermophilus HB8
TeuB_maduro_1-335	6nj7-assembly1_A	0.118	253	4.872E+00	17	0.016	2.483E-01	0.534	0.992	6nj7-assembly1_A 11-BETA DEHYDROGENASE ISOZYME 1 IN COMPLEX WITH COLLETOIC ACID
TeuB_maduro_1-335	2dzt-assembly2_B	0.062	274	5.168E+00	17	0.016	2.426E-01	0.624	0.980	2dzt-assembly2_B Structure of mutant tryptophan synthase alpha-subunit (D110A) from a hyperthermophile, Pyrococcus furiosus
TeuB_maduro_1-335	2dzu-assembly2_B	0.095	305	4.330E+00	17	0.016	2.054E-01	0.770	0.980	2dzu-assembly2_B Structure of mutant tryptophan synthase alpha-subunit (D110N) from a hyperthermophile, Pyrococcus furiosus
TeuB_maduro_1-335	2uvd-assembly2_F	0.099	252	2.133E+00	17	0.016	1.841E-01	0.648	0.732	2uvd-assembly2_F The crystal structure of a 3-oxoacyl-(acyl carrier protein) reductase from Bacillus anthracis (BA3989)
TeuB_maduro_1-335	2yw9-assembly2_E	0.098	306	1.050E+00	17	0.016	1.571E-01	0.782	0.919	2yw9-assembly2_E Crystal structure of TT0143 from Thermus thermophilus HB8
TeuB_maduro_1-335	6j7u-assembly1_A	0.110	217	5.816E+00	17	0.016	2.867E-01	0.576	0.652	6j7u-assembly1_A Crystal structure of blue fluorescent protein from metagenomic library in complex with NADPH
TeuB_maduro_1-335	3gn1-assembly1_B	0.083	299	5.168E+00	17	0.016	2.644E-01	0.764	0.923	3gn1-assembly1_B Structure of Pteridine Reductase 1 (PTR1) from TRYPANOSOMA BRUCEI in ternary complex with cofactor (NADP+) and inhibitor (DDD00067116)
TeuB_maduro_1-335	7a20-assembly1_C-2	0.073	273	2.133E+00	17	0.016	1.742E-01	0.612	0.892	7a20-assembly1_C-2 Azobenzene-Based Inhibitors for Tryptophan Synthase
TeuB_maduro_1-335	6gd0-assembly1_D	0.099	272	4.872E+00	17	0.016	2.550E-01	0.636	0.936	6gd0-assembly1_D Trypanosoma brucei PTR1 in complex with inhibitor 4g (F133)
TeuB_maduro_1-335	7lev-assembly1_A	0.105	303	4.330E+00	17	0.016	2.023E-01	0.764	0.916	7lev-assembly1_A The aminoacrylate form of the wild-type Salmonella typhimurium Tryptophan Synthase in complex with ammonium ion at the metal coordination site at 1.70 Angstrom resolution
TeuB_maduro_1-335	8rhv-assembly1_D	0.095	272	3.848E+00	17	0.016	2.416E-01	0.636	0.936	8rhv-assembly1_D Crystal Structure of Trypanosoma brucei PTR1 in complex with the cofactor and inhibitor P30
TeuB_maduro_1-335	3bmn-assembly1_C	0.110	280	4.593E+00	17	0.016	2.668E-01	0.636	0.936	3bmn-assembly1_C Structure of Pteridine Reductase 1 (PTR1) from Trypanosoma brucei in ternary complex with cofactor (NADP+) and inhibitor (Compound AX3)
TeuB_maduro_1-335	3bmo-assembly1_D	0.107	270	4.330E+00	17	0.016	2.480E-01	0.624	0.928	3bmo-assembly1_D Structure of Pteridine Reductase 1 (PTR1) from Trypanosoma brucei in ternary complex with cofactor (NADP+) and inhibitor (Compound AX4)
TeuB_maduro_1-335	4cm4-assembly1_A	0.091	274	3.848E+00	17	0.016	2.422E-01	0.636	0.936	4cm4-assembly1_A Crystal structure of pteridine reductase 1 (PTR1) from Trypanosoma brucei in ternary complex with cofactor and inhibitor
TeuB_maduro_1-335	4cm6-assembly1_B	0.102	321	5.168E+00	17	0.016	2.525E-01	0.839	0.996	4cm6-assembly1_B Crystal structure of pteridine reductase 1 (PTR1) from Trypanosoma brucei in ternary complex with cofactor and inhibitor
TeuB_maduro_1-335	6m9u-assembly1_A	0.103	300	3.627E+00	17	0.016	2.034E-01	0.791	0.845	6m9u-assembly1_A Structure of the apo-form of 20beta-Hydroxysteroid Dehydrogenase from Bifidobacterium adolescentis strain L2-32
TeuB_maduro_1-335	3mcv-assembly1_B	0.088	226	5.816E+00	17	0.016	2.752E-01	0.573	0.653	3mcv-assembly1_B Structure of PTR1 from Trypanosoma brucei in ternary complex with 2,4-diamino-5-[2-(2,5-dimethoxyphenyl)ethyl]thieno[2,3-d]-pyrimidine and NADP+
TeuB_maduro_1-335	2hsd-assembly1_C	0.131	221	7.812E+00	17	0.016	3.047E-01	0.576	0.613	2hsd-assembly1_C THE REFINED THREE-DIMENSIONAL STRUCTURE OF 3ALPHA,20BETA-HYDROXYSTEROID DEHYDROGENASE AND POSSIBLE ROLES OF THE RESIDUES CONSERVED IN SHORT-CHAIN DEHYDROGENASES
TeuB_maduro_1-335	4hzi-assembly1_A	0.080	136	8.790E+00	17	0.016	3.696E-01	0.301	0.518	4hzi-assembly1_A Crystal structure of the Leptospira interrogans ATPase subunit of an orphan ABC transporter
TeuB_maduro_1-335	4ag3-assembly1_A	0.080	300	1.182E+00	17	0.016	1.563E-01	0.755	0.870	4ag3-assembly1_A Crystal structure of 3-ketoacyl-(acyl-carrier-protein) reductase (FabG) from Pseudomonas aeruginosa in complex with NADPH at 1.8A resolution
TeuB_maduro_1-335	3tox-assembly3_F	0.086	232	6.169E+00	17	0.016	2.412E-01	0.567	0.701	3tox-assembly3_F Crystal structure of a short chain dehydrogenase in complex with NAD(P) from Sinorhizobium meliloti 1021
TeuB_maduro_1-335	7wwx-assembly1_A	0.112	239	4.872E+00	17	0.016	2.538E-01	0.603	0.736	7wwx-assembly1_A Crystal structure of Herbaspirillum huttiense L-arabinose 1-dehydrogenase (NAD bound form)
TeuB_maduro_1-335	6i9v-assembly2_B	0.129	262	4.082E+00	17	0.016	2.476E-01	0.618	0.784	6i9v-assembly2_B Crystal structure of the halohydrin dehalogenase HheG T123G mutant
TeuB_maduro_1-335	3v8b-assembly1_C	0.134	261	2.865E+00	17	0.016	2.272E-01	0.755	0.631	3v8b-assembly1_C Crystal Structure of a 3-ketoacyl-ACP reductase from Sinorhizobium meliloti 1021
TeuB_maduro_1-335	1ubs-assembly1_A-2	0.107	307	3.223E+00	17	0.016	1.962E-01	0.764	0.914	1ubs-assembly1_A-2 TRYPTOPHAN SYNTHASE (E.C.4.2.1.20) WITH A MUTATION OF LYS 87->THR IN THE B SUBUNIT AND IN THE PRESENCE OF LIGAND L-SERINE
TeuB_maduro_1-335	3wds-assembly1_B	0.092	270	4.593E+00	17	0.016	2.640E-01	0.639	0.786	3wds-assembly1_B Crystal structure of 3-quinuclidinone reductase from Agrobacterium tumefaciens
TeuB_maduro_1-335	7lgx-assembly1_A-2	0.089	301	2.546E+00	17	0.016	1.798E-01	0.764	0.915	7lgx-assembly1_A-2 The aminoacrylate form of mutant beta-K167T Salmonella typhimurium Tryptophan Synthase in complex with with inhibitor N-(4'-trifluoromethoxybenzenesulfonyl)-2-amino-1-ethylphosphate (F9F) at the enzyme alpha-site, benzimidazole (BZI) at the enzyme beta site and cesium ion at the metal coordination site at 1.80 Angstrom resolution
TeuB_maduro_1-335	1s2w-assembly1_A	0.115	207	8.790E+00	17	0.016	2.745E-01	0.549	0.729	1s2w-assembly1_A Crystal structure of phosphoenolpyruvate mutase in high ionic strength
TeuB_maduro_1-335	6b4c-assembly8_H	0.091	272	5.482E+00	17	0.016	2.589E-01	0.615	0.919	6b4c-assembly8_H Structure of Viperin from Trichoderma virens
TeuB_maduro_1-335	4o5o-assembly1_B-2	0.126	230	5.482E+00	17	0.016	2.768E-01	0.576	0.632	4o5o-assembly1_B-2 X-ray Crystal Structure of a 3-hydroxyacyl-CoA dehydrogenase from Brucella suis
TeuB_maduro_1-335	5jc8-assembly1_A	0.106	356	1.411E+00	17	0.016	1.543E-01	0.857	0.989	5jc8-assembly1_A Crystal structure of a putative short-chain dehydrogenase/reductase from Burkholderia xenovorans
TeuB_maduro_1-335	6jhb-assembly1_B-2	0.080	323	1.411E+00	17	0.016	1.646E-01	0.761	0.936	6jhb-assembly1_B-2 Crystal structure of NADPH and 4-hydroxyphenylpyruvic acid bound AerF from Microcystis aeruginosa
TeuB_maduro_1-335	7m2l-assembly1_A	0.123	317	1.411E+00	17	0.016	1.580E-01	0.764	0.921	7m2l-assembly1_A The internal aldimine form of the wild-type Salmonella Typhimurium Tryptophan Synthase in complex with N-(4'-trifluoromethoxybenzoyl)-2-amino-1-ethylphosphate (F6F) inhibitor at the alpha-and beta-site, sodium ion at the metal coordination site, and another F6F molecule at the enzyme beta-site at 1.60 Angstrom resolution. Two of the beta-Q114 rotamer conformations allows a hydrogen bond to form with the PLP oxygen at the position 3 in the ring
TeuB_maduro_1-335	3tjr-assembly1_B	0.081	270	2.700E+00	17	0.016	2.085E-01	0.776	0.630	3tjr-assembly1_B Crystal structure of a Rv0851c ortholog short chain dehydrogenase from Mycobacterium paratuberculosis
TeuB_maduro_1-335	6fqd-assembly1_A	0.116	266	1.114E+00	17	0.016	1.626E-01	0.675	0.690	6fqd-assembly1_A Escherichia Coli Signal Recognition Particle Receptor FtsY NGdN1
TeuB_maduro_1-335	3ctm-assembly1_C	0.127	251	2.700E+00	17	0.016	1.777E-01	0.630	0.717	3ctm-assembly1_C Crystal Structure of a Carbonyl Reductase from Candida Parapsilosis with anti-Prelog Stereo-specificity
TeuB_maduro_1-335	3ctm-assembly2_H	0.076	263	5.168E+00	17	0.016	2.649E-01	0.540	0.933	3ctm-assembly2_H Crystal Structure of a Carbonyl Reductase from Candida Parapsilosis with anti-Prelog Stereo-specificity
TeuB_maduro_1-335	4ml9-assembly1_B	0.136	169	6.942E+00	17	0.016	2.686E-01	0.469	0.545	4ml9-assembly1_B Crystal Structure of Uncharacterized TIM Barrel Protein with the Conserved Phosphate Binding Site fromSebaldella termitidis
TeuB_maduro_1-335	3oec-assembly1_D	0.098	254	4.330E+00	17	0.016	2.290E-01	0.630	0.771	3oec-assembly1_D Crystal structure of carveol dehydrogenase from Mycobacterium thermoresistibile
TeuB_maduro_1-335	3pxx-assembly1_F	0.083	251	7.812E+00	17	0.016	2.951E-01	0.582	0.700	3pxx-assembly1_F Crystal structure of carveol dehydrogenase from Mycobacterium avium bound to nicotinamide adenine dinucleotide
TeuB_maduro_1-335	2cnw-assembly1_D	0.120	281	2.865E+00	17	0.016	2.071E-01	0.755	0.730	2cnw-assembly1_D GDPALF4 complex of the SRP GTPases Ffh and FtsY
TeuB_maduro_1-335	3fem-assembly1_B	0.128	289	2.546E+00	17	0.016	1.873E-01	0.752	0.847	3fem-assembly1_B Structure of the synthase subunit Pdx1.1 (Snz1) of PLP synthase from Saccharomyces cerevisiae
TeuB_maduro_1-335	8g9v-assembly1_B	0.092	228	3.848E+00	17	0.016	2.075E-01	0.516	0.664	8g9v-assembly1_B Crystal structures of 17-beta-hydroxysteroid dehydrogenase 13
TeuB_maduro_1-335	1yxm-assembly1_B	0.096	269	3.419E+00	17	0.016	2.038E-01	0.669	0.837	1yxm-assembly1_B Crystal structure of peroxisomal trans 2-enoyl CoA reductase
TeuB_maduro_1-335	1qpn-assembly1_A	0.127	180	4.593E+00	17	0.016	2.521E-01	0.501	0.500	1qpn-assembly1_A Quinolinate Phosphoribosyl Transferase from Mycobacterium Tuberculosis in Complex with NCNN
TeuB_maduro_1-335	8g89-assembly1_A	0.083	216	4.330E+00	17	0.016	2.380E-01	0.516	0.660	8g89-assembly1_A HSD17B13 in complex with cofactor and inhibitor
TeuB_maduro_1-335	6y30-assembly1_A	0.126	268	2.133E+00	17	0.016	1.792E-01	0.731	0.614	6y30-assembly1_A NG domain of human SRP54 T115A mutant
TeuB_maduro_1-335	4ak9-assembly1_A	0.088	283	6.942E+00	17	0.016	2.749E-01	0.657	0.755	4ak9-assembly1_A Structure of chloroplast FtsY from Physcomitrella patens
TeuB_maduro_1-335	7p4k-assembly1_B	0.058	155	5.168E+00	17	0.016	2.986E-01	0.382	0.426	7p4k-assembly1_B Soluble epoxide hydrolase in complex with FL217
TeuB_maduro_1-335	7voc-assembly1_C	0.119	234	6.544E+00	17	0.016	2.653E-01	0.648	0.526	7voc-assembly1_C The crystal structure of a Radical SAM Enzyme BlsE involved in the Biosynthesis of Blasticidin S
TeuB_maduro_1-335	7y1t-assembly1_B	0.094	285	1.497E+00	17	0.016	1.666E-01	0.734	0.658	7y1t-assembly1_B Complex of integrin alphaV/beta8 and L-TGF-beta1 at a ratio of 1:2
TeuB_maduro_1-335	3zy4-assembly1_A-2	0.075	185	4.593E+00	17	0.016	2.491E-01	0.490	0.420	3zy4-assembly1_A-2 Crystal structure of POFUT1 apo-form (crystal-form-I)
TeuB_maduro_1-335	3zy5-assembly1_A-2	0.081	183	8.287E+00	17	0.016	2.897E-01	0.504	0.419	3zy5-assembly1_A-2 Crystal structure of POFUT1 in complex with GDP-fucose (crystal-form-I)
TeuB_maduro_1-335	3iuc-assembly3_C	0.096	311	3.039E+00	17	0.016	2.181E-01	0.645	0.668	3iuc-assembly3_C Crystal structure of the human 70kDa heat shock protein 5 (BiP/GRP78) ATPase domain in complex with ADP
TeuB_maduro_1-335	4pg8-assembly1_B	0.080	236	9.891E+00	17	0.016	3.401E-01	0.618	0.446	4pg8-assembly1_B Crystal structure of S. aureus Homoserine Dehydrogenase at pH8.5
TeuB_maduro_1-335	1szf-assembly1_B-2	0.125	360	2.700E+00	17	0.016	1.860E-01	0.904	0.733	1szf-assembly1_B-2 A198G:L230A mutant flavocytochrome b2 with pyruvate bound
TeuB_maduro_1-335	1qoq-assembly1_B-2	0.102	322	5.816E+00	17	0.016	2.599E-01	0.830	0.718	1qoq-assembly1_B-2 CRYSTAL STRUCTURE OF WILD-TYPE TRYPTOPHAN SYNTHASE COMPLEXED WITH INDOLE GLYCEROL PHOSPHATE
TeuB_maduro_1-335	3vs9-assembly3_E	0.129	116	8.287E+00	17	0.016	3.326E-01	0.319	0.218	3vs9-assembly3_E Crystal structure of type III PKS ArsC mutant
TeuB_maduro_1-335	4um8-assembly1_B	0.030	66	8.790E+00	17	0.016	3.929E-01	0.170	0.139	4um8-assembly1_B Crystal structure of alpha V beta 6
TeuB_maduro_1-335	3a13-assembly2_H	0.091	316	5.168E+00	17	0.016	2.470E-01	0.624	0.653	3a13-assembly2_H Crystal structure of Type III Rubisco SP4 mutant complexed with 2-CABP and activated with Ca
TeuB_maduro_1-335	6sav-assembly2_B	0.079	288	1.787E+00	17	0.016	1.834E-01	0.669	0.489	6sav-assembly2_B Structural and functional characterisation of three novel fungal amylases with enhanced stability and pH tolerance
TeuB_maduro_1-335	9ci1-assembly1_H	0.091	306	5.482E+00	17	0.016	2.549E-01	0.642	0.617	9ci1-assembly1_H Anthoceros agrestis Rubisco octamer core complexed with Arabidopsis thaliana BSD2
TeuB_maduro_1-335	1qfx-assembly1_B-2	0.084	201	5.482E+00	17	0.016	2.794E-01	0.478	0.375	1qfx-assembly1_B-2 PH 2.5 ACID PHOSPHATASE FROM ASPERGILLUS NIGER
TeuB_maduro_1-335	6uew-assembly1_A-2	0.063	299	4.872E+00	17	0.016	2.267E-01	0.633	0.576	6uew-assembly1_A-2 Rubisco / CsoS2 N-peptide complex responsible for alpha-carboxysome cargo loading
TeuB_maduro_1-335	5huv-assembly1_B	0.085	328	4.330E+00	17	0.016	2.410E-01	0.707	0.631	5huv-assembly1_B Structure of Candida albicans trehalose-6-phosphate synthase E341R/E346R in complex with UDP-glucose
TeuB_maduro_1-335	7v3x-assembly2_I	0.090	398	9.891E+00	17	0.016	3.158E-01	0.710	0.829	7v3x-assembly2_I Crystal Structure of Cyanobacterial Circadian Clock Protein KaiC
TeuB_maduro_1-335	7obr-assembly1_x	0.136	205	3.848E+00	17	0.016	2.178E-01	0.507	0.369	7obr-assembly1_x RNC-SRP early complex
TeuB_maduro_1-335	5yh5-assembly1_A	0.141	156	5.816E+00	17	0.016	2.916E-01	0.415	0.258	5yh5-assembly1_A The crystal structure of Staphylococcus aureus CntA in apo form
TeuB_maduro_1-335	8zjf-assembly1_B	0.100	290	3.223E+00	17	0.016	2.237E-01	0.675	0.494	8zjf-assembly1_B Cryo-EM structure of human integrin alpha-E beta-7
TeuB_maduro_1-335	8dba-assembly1_E	0.090	399	2.700E+00	17	0.016	2.016E-01	0.836	0.677	8dba-assembly1_E Crystal structure of dodecameric KaiC
TeuB_maduro_1-335	6lpi-assembly1_A	0.096	353	7.364E+00	17	0.016	2.632E-01	0.779	0.588	6lpi-assembly1_A Crystal Structure of AHAS holo-enzyme
TeuB_maduro_1-335	5eso-assembly1_C	0.106	291	4.872E+00	17	0.016	2.421E-01	0.675	0.462	5eso-assembly1_C Crystal Structure of M. tuberculosis MenD with ThDP, Mg2+ and Isochorismate bound
TeuB_maduro_1-335	5ess-assembly1_C	0.093	288	5.816E+00	17	0.016	2.499E-01	0.675	0.462	5ess-assembly1_C Crystal Structure of M. tuberculosis MenD bound to Mg2+ and covalent intermediate I (a ThDP and decarboxylated 2-oxoglutarate adduct)
TeuB_maduro_1-335	5xou-assembly1_B	0.110	325	1.895E+00	17	0.016	1.750E-01	0.776	0.462	5xou-assembly1_B Crystal structure of T. thermophilus Argonaute protein complexed with a bulge 7T8 on the guide strand
TeuB_maduro_1-335	6yu9-assembly2_D	0.072	386	5.168E+00	17	0.016	2.429E-01	0.752	0.545	6yu9-assembly2_D CO-dehydrogenase homodimer from Clostridium autoethanogenum at 1.90-A resolution
TeuB_maduro_1-335	4n41-assembly1_A	0.108	295	6.169E+00	17	0.016	2.493E-01	0.687	0.384	4n41-assembly1_A Structure of Thermus thermophilus Argonaute bound to guide DNA and 15-mer target DNA
TeuB_maduro_1-335	4n41-assembly2_B	0.091	295	6.169E+00	17	0.016	2.539E-01	0.687	0.373	4n41-assembly2_B Structure of Thermus thermophilus Argonaute bound to guide DNA and 15-mer target DNA
TeuB_maduro_1-335	5gq9-assembly1_B	0.114	322	3.848E+00	17	0.016	2.117E-01	0.767	0.386	5gq9-assembly1_B Crystal structure of Thermus thermophilus Argonaute in complex with g1C siDNA and DNA target
TeuB_maduro_1-335	6xj9-assembly1_B	0.129	85	6.544E+00	17	0.016	3.247E-01	0.224	0.119	6xj9-assembly1_B Structure of PfGH50B
TeuB_maduro_1-335	4flz-assembly1_A	0.186	43	9.891E+00	17	0.016	4.086E-01	0.116	0.057	4flz-assembly1_A Pyrococcus abyssi B family DNA polymerase bound to a dsDNA, in edition mode
TeuB_maduro_1-335	4fm1-assembly1_A	0.186	43	9.891E+00	17	0.016	4.084E-01	0.116	0.057	4fm1-assembly1_A Pyrococcus abyssi B family DNA polymerase bound to a dsDNA, in edition mode
TeuB_maduro_1-335	4flx-assembly1_A	0.186	43	9.891E+00	17	0.016	4.076E-01	0.116	0.057	4flx-assembly1_A Pyrococcus abyssi B family DNA polymerase bound to a dsDNA, in edition mode
TeuB_maduro_1-335	7bsu-assembly1_A	0.110	209	4.082E+00	17	0.016	2.292E-01	0.507	0.235	7bsu-assembly1_A Cryo-EM structure of a human ATP11C-CDC50A flippase in PtdSer-bound E2BeF state
TeuB_maduro_1-335	7s6b-assembly1_A	0.081	417	1.411E+00	17	0.016	1.570E-01	0.887	0.385	7s6b-assembly1_A Crystal structure of modular polyketide synthase apo-Lsd14 from the Lasalocid biosynthesis pathway, trapped in the transacylation step
TeuB_maduro_1-335	8fok-assembly1_1	0.129	239	1.787E+00	17	0.016	1.933E-01	0.693	0.146	8fok-assembly1_1 Cryo-EM structure of S. cerevisiae DNA polymerase alpha-primase complex in the DNA elongation state
TeuB_maduro_1-335	3qtb-assembly1_A	0.121	165	7.812E+00	16	0.014	2.815E-01	0.457	0.936	3qtb-assembly1_A Structure of the universal stress protein from Archaeoglobus fulgidus in complex with dAMP
TeuB_maduro_1-335	7wh5-assembly1_I	0.083	216	9.325E+00	16	0.014	2.856E-01	0.612	0.847	7wh5-assembly1_I Crystal structure of human ClpP in complex with ZG180
TeuB_maduro_1-335	7a8s-assembly1_A	0.132	181	6.942E+00	16	0.014	2.301E-01	0.493	0.837	7a8s-assembly1_A de novo designed ba8-barrel sTIM11 with an alpha-helical extension
TeuB_maduro_1-335	3vu9-assembly1_B	0.094	169	6.942E+00	16	0.014	2.738E-01	0.457	0.691	3vu9-assembly1_B Crystal Structure of Psy3-Csm2 complex
TeuB_maduro_1-335	1km6-assembly1_A	0.109	256	7.364E+00	16	0.014	2.374E-01	0.612	0.990	1km6-assembly1_A Crystal structure of ODCase mutant D70AK72A complexed with OMP
TeuB_maduro_1-335	7cc3-assembly1_A	0.073	246	2.865E+00	16	0.014	2.109E-01	0.675	0.858	7cc3-assembly1_A Versatile cis-prenyltransferase MM_0014 from Methanosarcina mazei (crystal type: co-FG)
TeuB_maduro_1-335	1jp3-assembly1_B	0.079	226	1.684E+00	16	0.014	1.589E-01	0.576	0.791	1jp3-assembly1_B Structure of E.coli undecaprenyl pyrophosphate synthase
TeuB_maduro_1-335	7cc3-assembly3_E	0.088	249	2.700E+00	16	0.014	1.978E-01	0.672	0.856	7cc3-assembly3_E Versatile cis-prenyltransferase MM_0014 from Methanosarcina mazei (crystal type: co-FG)
TeuB_maduro_1-335	4cql-assembly3_O	0.083	322	1.787E+00	16	0.014	1.616E-01	0.827	0.982	4cql-assembly3_O Crystal structure of heterotetrameric human ketoacyl reductase complexed with NAD
TeuB_maduro_1-335	3oif-assembly1_B	0.084	238	9.891E+00	16	0.014	2.885E-01	0.507	0.952	3oif-assembly1_B Crystal Structure of Enoyl-ACP Reductases I (FabI) from B. subtilis (complex with NAD and TCL)
TeuB_maduro_1-335	4bo1-assembly1_B	0.120	250	3.223E+00	16	0.014	1.844E-01	0.633	0.812	4bo1-assembly1_B Crystal structure of 3-oxoacyl-(acyl-carrier-protein) reductase (FabG) from Pseudomonas aeruginosa in complex with N-(4-chloro-2,5- dimethoxyphenyl)quinoline-8-carboxamide at 2.2A resolution
TeuB_maduro_1-335	4bo7-assembly1_B	0.095	221	3.419E+00	16	0.014	1.824E-01	0.567	0.703	4bo7-assembly1_B Crystal structure of 3-oxoacyl-(acyl-carrier-protein) reductase (FabG) from Pseudomonas aeruginosa in complex with N-(2,3-dihydro-1H-inden- 5-yl)tetrazolo(1,5-b)pyridazin-6-amine at 2.6A resolution
TeuB_maduro_1-335	2ew8-assembly1_D	0.102	294	3.039E+00	16	0.014	1.898E-01	0.749	0.913	2ew8-assembly1_D Crystal Structure of the (S)-Specific 1-Phenylethanol Dehydrogenase of the Denitrifying Bacterium Strain EbN1
TeuB_maduro_1-335	4bo2-assembly1_B	0.103	290	1.787E+00	16	0.014	1.560E-01	0.752	0.889	4bo2-assembly1_B Crystal structure of 3-oxoacyl-(acyl-carrier-protein) reductase (FabG) from Pseudomonas aeruginosa in complex with 1-(1-ethylbenzimidazol-2- yl)-3-(2-methoxyphenyl)urea at 1.9A resolution
TeuB_maduro_1-335	4bo9-assembly1_B	0.094	223	2.400E+00	16	0.014	1.776E-01	0.567	0.698	4bo9-assembly1_B Crystal structure of 3-oxoacyl-(acyl-carrier-protein) reductase (FabG) from Pseudomonas aeruginosa in complex with 5-(2-(furan-2-ylmethoxy) phenyl)-2-phenyltetrazole at 2.9A resolution
TeuB_maduro_1-335	5t5q-assembly1_B	0.100	259	5.816E+00	16	0.014	2.246E-01	0.639	0.928	5t5q-assembly1_B Crystal structure of Short-chain dehydrogenase/reductase SDR:Glucose/ribitol dehydrogenase from Brucella melitensis
TeuB_maduro_1-335	4bo2-assembly1_A	0.103	289	3.039E+00	16	0.014	1.927E-01	0.755	0.874	4bo2-assembly1_A Crystal structure of 3-oxoacyl-(acyl-carrier-protein) reductase (FabG) from Pseudomonas aeruginosa in complex with 1-(1-ethylbenzimidazol-2- yl)-3-(2-methoxyphenyl)urea at 1.9A resolution
TeuB_maduro_1-335	4bo7-assembly1_A	0.122	253	3.223E+00	16	0.014	1.814E-01	0.639	0.807	4bo7-assembly1_A Crystal structure of 3-oxoacyl-(acyl-carrier-protein) reductase (FabG) from Pseudomonas aeruginosa in complex with N-(2,3-dihydro-1H-inden- 5-yl)tetrazolo(1,5-b)pyridazin-6-amine at 2.6A resolution
TeuB_maduro_1-335	1xcf-assembly1_B	0.104	287	4.872E+00	16	0.014	1.999E-01	0.764	0.912	1xcf-assembly1_B Crystal structure of P28L/Y173F tryptophan synthase alpha-subunits from Escherichia coli
TeuB_maduro_1-335	4bo9-assembly1_D	0.097	225	3.039E+00	16	0.014	1.768E-01	0.564	0.688	4bo9-assembly1_D Crystal structure of 3-oxoacyl-(acyl-carrier-protein) reductase (FabG) from Pseudomonas aeruginosa in complex with 5-(2-(furan-2-ylmethoxy) phenyl)-2-phenyltetrazole at 2.9A resolution
TeuB_maduro_1-335	7czc-assembly1_C	0.094	297	4.872E+00	16	0.014	2.521E-01	0.755	0.908	7czc-assembly1_C Crystal structure of apo-FabG from Vibrio harveyi
TeuB_maduro_1-335	7czc-assembly1_B	0.098	192	8.790E+00	16	0.014	3.009E-01	0.484	0.589	7czc-assembly1_B Crystal structure of apo-FabG from Vibrio harveyi
TeuB_maduro_1-335	7djs-assembly1_B	0.084	259	4.872E+00	16	0.014	2.060E-01	0.654	0.755	7djs-assembly1_B Crystal structure of isopiperitenol dehydrogenase from Pseudomonas aeruginosa complexed with NAD
TeuB_maduro_1-335	3ftp-assembly1_D	0.089	289	3.848E+00	16	0.014	2.360E-01	0.752	0.884	3ftp-assembly1_D Crystal structure of 3-Ketoacyl-(acyl-carrier-protein) reductase from Burkholderia pseudomallei at 2.05 A resolution
TeuB_maduro_1-335	6oz7-assembly2_G	0.115	268	3.223E+00	16	0.014	1.872E-01	0.630	0.909	6oz7-assembly2_G Putative oxidoreductase from Escherichia coli str. K-12
TeuB_maduro_1-335	3ez4-assembly1_D	0.132	317	3.223E+00	16	0.014	1.924E-01	0.773	0.909	3ez4-assembly1_D Crystal structure of 3-methyl-2-oxobutanoate hydroxymethyltransferase from Burkholderia pseudomallei
TeuB_maduro_1-335	4trr-assembly2_E	0.141	254	4.593E+00	16	0.014	2.112E-01	0.633	0.921	4trr-assembly2_E Crystal structure of a putative Putative D-beta-hydroxybutyrate dehydrogenase from Burkholderia cenocepacia J2315
TeuB_maduro_1-335	4jx8-assembly1_B	0.097	297	4.330E+00	16	0.014	2.430E-01	0.645	0.922	4jx8-assembly1_B Crystal Structure of E.coli Enoyl Reductase in Complex with NAD and AEA16
TeuB_maduro_1-335	7pcs-assembly1_C	0.095	221	9.325E+00	16	0.014	3.196E-01	0.576	0.639	7pcs-assembly1_C Structure of the heterotetrameric SDR family member BbsCD
TeuB_maduro_1-335	6zz0-assembly1_A	0.117	263	3.627E+00	16	0.014	2.150E-01	0.642	0.877	6zz0-assembly1_A Structure of the borneol dehydrogenase of Salvia rosmarinus (apo)
TeuB_maduro_1-335	8y83-assembly1_B	0.090	308	1.588E+00	16	0.014	1.587E-01	0.767	0.894	8y83-assembly1_B Crystal structure of a ketoreductase from Sphingobacterium siyangense SY1 with co-enzyme
TeuB_maduro_1-335	2x9n-assembly1_D	0.111	269	6.169E+00	16	0.014	2.694E-01	0.633	0.935	2x9n-assembly1_D High resolution structure of TbPTR1 in complex with cyromazine
TeuB_maduro_1-335	1o66-assembly1_D	0.099	232	7.364E+00	16	0.014	2.609E-01	0.522	0.775	1o66-assembly1_D Crystal structure of 3-methyl-2-oxobutanoate hydroxymethyltransferase
TeuB_maduro_1-335	3bmq-assembly1_B	0.105	275	5.168E+00	16	0.014	2.456E-01	0.636	0.937	3bmq-assembly1_B Structure of Pteridine Reductase 1 (PTR1) from Trypanosoma brucei in ternary complex with cofactor (NADP+) and inhibitor (Compound AX5)
TeuB_maduro_1-335	4cm7-assembly1_A	0.097	277	5.482E+00	16	0.014	2.431E-01	0.636	0.937	4cm7-assembly1_A Crystal structure of pteridine reductase 1 (PTR1) from Trypanosoma brucei in ternary complex with cofactor and inhibitor
TeuB_maduro_1-335	4lvu-assembly1_B-2	0.113	237	5.816E+00	16	0.014	2.399E-01	0.603	0.738	4lvu-assembly1_B-2 Crystal Structure of a Putative Short Chain Dehydrogenase from Burkholderia thailandensis
TeuB_maduro_1-335	4itu-assembly1_A	0.106	225	8.790E+00	16	0.014	3.011E-01	0.579	0.628	4itu-assembly1_A Crystal structure of S-2-HYDROXYPROPYL COENZYME M DEHYDROGENASE (S-HPCDH) bound to S-HPC AND NADH
TeuB_maduro_1-335	7jqw-assembly1_A	0.093	311	3.039E+00	16	0.014	1.826E-01	0.785	0.929	7jqw-assembly1_A The external aldimine crystal structure of Salmonella typhimurium Tryptophan Synthase mutant beta-S377A in complex with cesium ion at the metal coordination site. The single beta-Q114 rotamer conformation allows a hydrogen bond to form with the PLP oxygen at the position 3 in the ring
TeuB_maduro_1-335	3hfg-assembly2_C	0.103	348	5.168E+00	16	0.014	2.489E-01	0.922	0.965	3hfg-assembly2_C Crystal Structure of Human 11-beta-hydroxysteroid-dehydrogenase Bound to an Sulfonyl-piperazine Inhibitor
TeuB_maduro_1-335	8b05-assembly1_A	0.080	297	5.168E+00	16	0.014	2.037E-01	0.764	0.914	8b05-assembly1_A TRYPTOPHAN SYNTHASE - Cryo-trapping by the spitrobot crystal plunger after 20 sec
TeuB_maduro_1-335	5ilo-assembly1_A	0.122	221	6.942E+00	16	0.014	2.417E-01	0.510	0.707	5ilo-assembly1_A Crystal structure of photoreceptor dehydrogenase from Drosophila melanogaster
TeuB_maduro_1-335	7k0b-assembly1_A	0.076	314	3.223E+00	16	0.014	1.774E-01	0.800	0.934	7k0b-assembly1_A The internal aldimine form of Salmonella typhimurium Tryptophan Synthase mutant beta-Q114A with cesium ion at the metal coordination site. A random beta-P270L mutation was inserted during PCR step
TeuB_maduro_1-335	5vsm-assembly1_A	0.108	175	5.482E+00	16	0.014	2.386E-01	0.421	0.612	5vsm-assembly1_A Crystal structure of viperin with bound [4Fe-4S] cluster, 5'-deoxyadenosine, and L-methionine
TeuB_maduro_1-335	6zyz-assembly1_B	0.124	265	5.482E+00	16	0.014	2.146E-01	0.633	0.895	6zyz-assembly1_B Structure of the borneol dehydrogenases of Salvia rosmarinus with NAD+
TeuB_maduro_1-335	8hfk-assembly1_A	0.101	266	4.593E+00	16	0.014	2.522E-01	0.478	0.946	8hfk-assembly1_A Crystal Structure of CbAR mutant (H162F) in complex with NADP+ and halogenated aryl ketone
TeuB_maduro_1-335	9av5-assembly1_A	0.092	228	4.872E+00	16	0.014	2.062E-01	0.516	0.723	9av5-assembly1_A Design and application of synthetic 17B-HSD13 substrates to drug discovery, and to reveal preserved catalytic activity of protective human variants
TeuB_maduro_1-335	1k7e-assembly1_A-2	0.132	302	2.865E+00	16	0.014	1.749E-01	0.800	0.935	1k7e-assembly1_A-2 CRYSTAL STRUCTURE OF WILD-TYPE TRYPTOPHAN SYNTHASE COMPLEXED WITH N-[1H-INDOL-3-YL-ACETYL]GLYCINE ACID
TeuB_maduro_1-335	7crn-assembly2_B-2	0.115	339	5.482E+00	16	0.014	2.481E-01	0.845	0.985	7crn-assembly2_B-2 The Functional Characterization and Crystal Structure of the Bifunctional Thioesterase Catalyzing Epimerization and Cyclization
TeuB_maduro_1-335	6duc-assembly1_A-2	0.102	311	3.039E+00	16	0.014	1.754E-01	0.770	0.932	6duc-assembly1_A-2 Crystal structure of mutant beta-K167T tryptophan synthase in complex with inhibitor N-(4'-trifluoromethoxybenzenesulfonyl)-2-amino-1-ethylphosphate (F9F) at the alpha-site, cesium ion at the metal coordination site, and 2-aminophenol quinonoid (1D0) at the beta-site
TeuB_maduro_1-335	7m3s-assembly1_A	0.130	314	2.010E+00	16	0.014	1.561E-01	0.764	0.921	7m3s-assembly1_A The internal aldimine form of the wild-type Salmonella Typhimurium Tryptophan Synthase in complex with N-(4'-trifluoromethoxybenzoyl)-2-amino-1-ethylphosphate (F6F) inhibitor at the alpha-and beta-site, sodium ion at the metal coordination site, and another F6F molecule at the enzyme beta-site at 1.55 Angstrom resolution. One of the beta-Q114 rotamer conformations allows a hydrogen bond to form with the PLP oxygen at the position 3 in the ring
TeuB_maduro_1-335	7mt4-assembly1_A	0.123	317	2.010E+00	16	0.014	1.491E-01	0.770	0.932	7mt4-assembly1_A Crystal structure of tryptophan Synthase in complex with F9, NH4+, pH7.8 - alpha aminoacrylate form - E(A-A)
TeuB_maduro_1-335	3eeg-assembly1_A	0.105	314	3.039E+00	16	0.014	1.972E-01	0.830	0.865	3eeg-assembly1_A Crystal structure of a 2-isopropylmalate synthase from Cytophaga hutchinsonii
TeuB_maduro_1-335	7lvx-assembly1_A	0.094	329	1.895E+00	16	0.014	1.509E-01	0.800	0.936	7lvx-assembly1_A The internal aldimine form of the wild-type Salmonella Typhimurium Tryptophan Synthase in complex with N-(4'-trifluoromethoxybenzenesulfonyl)-2-amino-1-ethylphosphate (F9F) at the enzyme alpha-site and cesium ion at the metal coordination site at 1.55 Angstrom resolution
TeuB_maduro_1-335	6c73-assembly1_A	0.109	319	1.787E+00	16	0.014	1.479E-01	0.764	0.918	6c73-assembly1_A Tryptophan synthase Q114A mutant (internal aldimine state) in complex with N-(4'-trifluoromethoxybenzenesulfonyl)-2-amino-1-ethylphosphate (F9F) with cesium ion bound in the metal coordination site
TeuB_maduro_1-335	6y32-assembly3_E	0.124	225	4.082E+00	16	0.014	2.147E-01	0.564	0.683	6y32-assembly3_E Structure of the GTPase heterodimer of human SRP54 and SRalpha
TeuB_maduro_1-335	3ctm-assembly2_F	0.088	282	8.287E+00	16	0.014	2.917E-01	0.561	0.952	3ctm-assembly2_F Crystal Structure of a Carbonyl Reductase from Candida Parapsilosis with anti-Prelog Stereo-specificity
TeuB_maduro_1-335	3s55-assembly1_C	0.115	276	4.330E+00	16	0.014	2.079E-01	0.633	0.926	3s55-assembly1_C Crystal structure of a putative short-chain dehydrogenase/reductase from Mycobacterium abscessus bound to NAD
TeuB_maduro_1-335	5usw-assembly2_D	0.099	262	8.790E+00	16	0.014	2.635E-01	0.627	0.793	5usw-assembly2_D The crystal structure of 7,8-dihydropteroate synthase from Vibrio fischeri ES114
TeuB_maduro_1-335	9av8-assembly1_A	0.113	212	6.169E+00	16	0.014	2.548E-01	0.516	0.694	9av8-assembly1_A Design and application of synthetic 17B-HSD13 substrates to drug discovery, and to reveal preserved catalytic activity of protective human variants
TeuB_maduro_1-335	3oec-assembly1_C	0.095	271	9.325E+00	16	0.014	2.926E-01	0.630	0.770	3oec-assembly1_C Crystal structure of carveol dehydrogenase from Mycobacterium thermoresistibile
TeuB_maduro_1-335	3s55-assembly2_F	0.090	264	1.787E+00	16	0.014	1.621E-01	0.654	0.702	3s55-assembly2_F Crystal structure of a putative short-chain dehydrogenase/reductase from Mycobacterium abscessus bound to NAD
TeuB_maduro_1-335	5ej2-assembly1_A	0.111	224	6.544E+00	16	0.014	2.704E-01	0.579	0.625	5ej2-assembly1_A Crystal structure of Carveol dehydrogenase from Mycobacterium avium in complex with NAD
TeuB_maduro_1-335	4onc-assembly1_A	0.077	244	2.400E+00	16	0.014	1.633E-01	0.603	0.679	4onc-assembly1_A Crystal Structure of Mycobacterium Tuberculosis Decaprenyl Diphosphate Synthase in Complex with BPH-640
TeuB_maduro_1-335	7ucw-assembly1_C	0.081	271	6.942E+00	16	0.014	2.690E-01	0.525	0.914	7ucw-assembly1_C Structure of mouse Decr1 in complex with 2'-5' oligoadenylate
TeuB_maduro_1-335	6ow4-assembly1_E	0.109	273	2.400E+00	16	0.014	1.927E-01	0.779	0.621	6ow4-assembly1_E Structure of the NADH-bound form of 20beta-Hydroxysteroid Dehydrogenase from Bifidobacterium adolescentis strain L2-32
TeuB_maduro_1-335	5ig2-assembly1_B	0.098	306	2.700E+00	16	0.014	1.767E-01	0.785	0.804	5ig2-assembly1_B Crystal structure of a short chain dehydrogenase/reductase SDR from Burkholderia phymatum in complex with NAD
TeuB_maduro_1-335	3uve-assembly1_D	0.086	289	6.942E+00	16	0.014	2.822E-01	0.496	0.975	3uve-assembly1_D Crystal structure of Carveol dehydrogenase ((+)-trans-carveol dehydrogenase) from Mycobacterium avium
TeuB_maduro_1-335	4onc-assembly1_B	0.110	244	3.039E+00	16	0.014	1.843E-01	0.603	0.667	4onc-assembly1_B Crystal Structure of Mycobacterium Tuberculosis Decaprenyl Diphosphate Synthase in Complex with BPH-640
TeuB_maduro_1-335	7cs3-assembly3_E	0.121	181	7.364E+00	16	0.014	2.958E-01	0.507	0.419	7cs3-assembly3_E IiPLR1 with NADP+
TeuB_maduro_1-335	3ckl-assembly2_B	0.106	226	3.419E+00	16	0.014	2.099E-01	0.564	0.591	3ckl-assembly2_B Crystal structure of human cytosolic sulfotransferase SULT1B1 in complex with PAP and resveratrol
TeuB_maduro_1-335	2ztj-assembly1_A	0.091	316	5.816E+00	16	0.014	2.193E-01	0.767	0.830	2ztj-assembly1_A Crystal structure of homocitrate synthase from Thermus thermophilus complexed with alpha-ketoglutarate
TeuB_maduro_1-335	8b9y-assembly1_A	0.069	332	5.816E+00	16	0.014	2.282E-01	0.812	0.808	8b9y-assembly1_A Cysteine Synthase from Trypanosoma cruzi with PLP and OAS
TeuB_maduro_1-335	6rqa-assembly1_B	0.105	266	2.262E+00	16	0.014	1.988E-01	0.645	0.606	6rqa-assembly1_B Crystal structure of the iminosuccinate reductase of Paracoccus denitrificans in complex with NAD+
TeuB_maduro_1-335	2zzx-assembly1_D	0.087	342	1.497E+00	16	0.014	1.689E-01	0.630	0.964	2zzx-assembly1_D Crystal Structure of a Periplasmic Substrate Binding Protein in Complex with Lactate
TeuB_maduro_1-335	8gju-assembly1_F	0.094	274	2.262E+00	16	0.014	1.901E-01	0.618	0.672	8gju-assembly1_F Crystal structure of human methylmalonyl-CoA mutase (MMUT) in complex with methylmalonic acidemia type A protein (MMAA), coenzyme A, and GDP
TeuB_maduro_1-335	1ofa-assembly1_B	0.094	295	2.400E+00	16	0.014	1.746E-01	0.672	0.760	1ofa-assembly1_B Crystal structure of the tyrosine-regulated 3-deoxy-d-arabino-heptulosonate-7-phosphate synthase from saccharomyces cerevisiae in complex with phosphoenolpyruvate and cobalt(ii)
TeuB_maduro_1-335	3zy2-assembly1_A-2	0.074	188	6.942E+00	16	0.014	2.590E-01	0.504	0.436	3zy2-assembly1_A-2 Crystal structure of POFUT1 in complex with GDP (High resolution dataset)
TeuB_maduro_1-335	8pbq-assembly1_A-2	0.101	247	6.942E+00	16	0.014	2.437E-01	0.696	0.508	8pbq-assembly1_A-2 Mutant R1810Q of the dihydroorotase domain of human CAD protein bound to the substrates
TeuB_maduro_1-335	3ofn-assembly3_V	0.109	219	1.050E+00	16	0.014	1.506E-01	0.546	0.497	3ofn-assembly3_V Structure of four mutant forms of yeast F1 ATPase: alpha-N67I
TeuB_maduro_1-335	9ckv-assembly1_B	0.081	293	3.039E+00	16	0.014	2.147E-01	0.663	0.681	9ckv-assembly1_B Cryo-EM structure of alpha5beta1 integrin in complex with NeoNectin
TeuB_maduro_1-335	4c6e-assembly1_A	0.088	271	5.816E+00	16	0.014	2.540E-01	0.770	0.503	4c6e-assembly1_A Crystal structure of the dihydroorotase domain of human CAD bound to substrate at pH 5.5
TeuB_maduro_1-335	8j1j-assembly1_B	0.116	137	9.325E+00	16	0.014	3.501E-01	0.376	0.207	8j1j-assembly1_B Cryo-EM structure of the AsCas12f-YHAM-sgRNAS3-5v7-target DNA
TeuB_maduro_1-335	8rcz-assembly1_A	0.113	299	3.627E+00	16	0.014	1.961E-01	0.621	0.672	8rcz-assembly1_A Structure of the enoyl-ACP reductase FabV from Pseudomonas aeruginosa with NADH cofactor
TeuB_maduro_1-335	4eue-assembly1_A	0.125	191	4.872E+00	16	0.014	2.646E-01	0.537	0.314	4eue-assembly1_A Crystal structure of Clostridium acetobutulicum trans-2-enoyl-CoA reductase in complex with NADH
TeuB_maduro_1-335	4fbg-assembly3_C	0.086	185	7.812E+00	16	0.014	2.739E-01	0.531	0.311	4fbg-assembly3_C Crystal structure of Treponema denticola trans-2-enoyl-CoA reductase in complex with NAD
TeuB_maduro_1-335	7nfx-assembly1_x	0.120	265	1.684E+00	16	0.014	1.636E-01	0.693	0.436	7nfx-assembly1_x Mammalian ribosome nascent chain complex with SRP and SRP receptor in early state A
TeuB_maduro_1-335	4esv-assembly1_B	0.099	312	9.891E+00	16	0.014	3.056E-01	0.660	0.628	4esv-assembly1_B A New Twist on the Translocation Mechanism of Helicases from the Structure of DnaB with its Substrates
TeuB_maduro_1-335	1bif-assembly1_A	0.094	485	1.684E+00	16	0.014	1.764E-01	0.907	0.988	1bif-assembly1_A 6-PHOSPHOFRUCTO-2-KINASE/FRUCTOSE-2,6-BISPHOSPHATASE BIFUNCTIONAL ENZYME COMPLEXED WITH ATP-G-S AND PHOSPHATE
TeuB_maduro_1-335	3kak-assembly1_B	0.082	255	9.325E+00	16	0.014	3.019E-01	0.585	0.492	3kak-assembly1_B Structure of homoglutathione synthetase from Glycine max in open conformation with gamma-glutamyl-cysteine bound.
TeuB_maduro_1-335	2xsa-assembly1_A	0.086	265	3.039E+00	16	0.014	1.656E-01	0.642	0.494	2xsa-assembly1_A OgOGA apostructure
TeuB_maduro_1-335	1gz5-assembly1_D	0.086	335	7.812E+00	16	0.014	2.889E-01	0.594	0.692	1gz5-assembly1_D Trehalose-6-phosphate synthase. OtsA
TeuB_maduro_1-335	7s65-assembly1_D	0.103	443	4.593E+00	16	0.014	2.080E-01	0.851	0.873	7s65-assembly1_D Compressed conformation of nighttime state KaiC
TeuB_maduro_1-335	7ycm-assembly1_A	0.099	161	7.364E+00	16	0.014	2.836E-01	0.427	0.246	7ycm-assembly1_A TR-SFX MmCPDII-DNA complex: 100 ps snapshot. Includes 100ps, dark, and extrapolated structure factors
TeuB_maduro_1-335	4ub9-assembly1_D	0.103	414	4.593E+00	16	0.014	2.189E-01	0.830	0.782	4ub9-assembly1_D Structural and catalytic characterization of molinate hydrolase
TeuB_maduro_1-335	8xfg-assembly1_B	0.086	289	2.865E+00	16	0.014	1.806E-01	0.690	0.543	8xfg-assembly1_B Cryo-EM structure of integrin ITGAV, ITGB3 and CYCLO (RGDFK) complex, conformation 1
TeuB_maduro_1-335	2aaa-assembly1_A	0.108	305	2.400E+00	16	0.014	1.956E-01	0.666	0.477	2aaa-assembly1_A CALCIUM BINDING IN ALPHA-AMYLASES: AN X-RAY DIFFRACTION STUDY AT 2.1 ANGSTROMS RESOLUTION OF TWO ENZYMES FROM ASPERGILLUS
TeuB_maduro_1-335	1kcx-assembly1_B	0.108	203	3.848E+00	16	0.014	2.066E-01	0.478	0.380	1kcx-assembly1_B X-ray structure of NYSGRC target T-45
TeuB_maduro_1-335	7taa-assembly1_A	0.109	301	1.895E+00	16	0.014	1.706E-01	0.666	0.477	7taa-assembly1_A FAMILY 13 ALPHA AMYLASE IN COMPLEX WITH ACARBOSE
TeuB_maduro_1-335	7d19-assembly1_A	0.117	255	3.039E+00	16	0.014	2.156E-01	0.710	0.400	7d19-assembly1_A Crystal structure of mouse Cryptochrome 1 in complex with compound TH129
TeuB_maduro_1-335	7ksl-assembly1_C	0.123	154	4.593E+00	16	0.014	2.120E-01	0.370	0.278	7ksl-assembly1_C Substrate-free human mitochondrial LONP1
TeuB_maduro_1-335	8smn-assembly1_A	0.102	360	1.895E+00	16	0.014	1.553E-01	0.791	0.636	8smn-assembly1_A Xenopus laevis hyaluronan synthase 1, nascent HA polymer bound state
TeuB_maduro_1-335	5xou-assembly1_A	0.109	328	2.133E+00	16	0.014	1.716E-01	0.776	0.470	5xou-assembly1_A Crystal structure of T. thermophilus Argonaute protein complexed with a bulge 7T8 on the guide strand
TeuB_maduro_1-335	5gq9-assembly1_A	0.111	405	3.223E+00	16	0.014	1.980E-01	0.937	0.525	5gq9-assembly1_A Crystal structure of Thermus thermophilus Argonaute in complex with g1C siDNA and DNA target
TeuB_maduro_1-335	3hk2-assembly1_A	0.113	325	4.593E+00	16	0.014	2.128E-01	0.776	0.399	3hk2-assembly1_A Crystal structure of T. thermophilus Argonaute N478 mutant protein complexed with DNA guide strand and 19-nt RNA target strand
TeuB_maduro_1-335	3dlh-assembly2_B	0.111	259	9.891E+00	16	0.014	2.888E-01	0.546	0.362	3dlh-assembly2_B Crystal structure of the guide-strand-containing Argonaute protein silencing complex
TeuB_maduro_1-335	3hk2-assembly2_B	0.113	325	4.593E+00	16	0.014	2.127E-01	0.776	0.398	3hk2-assembly2_B Crystal structure of T. thermophilus Argonaute N478 mutant protein complexed with DNA guide strand and 19-nt RNA target strand
TeuB_maduro_1-335	6xj9-assembly1_A	0.116	163	4.082E+00	16	0.014	2.523E-01	0.436	0.174	6xj9-assembly1_A Structure of PfGH50B
TeuB_maduro_1-335	4g1e-assembly1_B	0.085	294	3.627E+00	16	0.014	2.242E-01	0.675	0.354	4g1e-assembly1_B Crystal structure of integrin alpha V beta 3 with coil-coiled tag.
TeuB_maduro_1-335	6y3x-assembly1_A	0.055	433	7.364E+00	16	0.014	2.788E-01	0.773	0.563	6y3x-assembly1_A Crystal structure of the Francisella novicida lysine decarboxylase LdcF
TeuB_maduro_1-335	1d5a-assembly1_A	0.118	59	7.364E+00	16	0.014	3.214E-01	0.170	0.075	1d5a-assembly1_A CRYSTAL STRUCTURE OF AN ARCHAEBACTERIAL DNA POLYMERASE D.TOK. DEPOSITION OF SECOND NATIVE STRUCTURE AT 2.4 ANGSTROM
TeuB_maduro_1-335	4bq5-assembly1_A	0.078	166	4.593E+00	16	0.014	2.598E-01	0.436	0.164	4bq5-assembly1_A Structural analysis of an exo-beta-agarase
TeuB_maduro_1-335	4b08-assembly1_A	0.145	62	7.812E+00	16	0.014	2.685E-01	0.185	0.074	4b08-assembly1_A Yeast DNA polymerase alpha, Selenomethionine protein
TeuB_maduro_1-335	7d8z-assembly1_A	0.079	316	4.082E+00	16	0.014	2.044E-01	0.639	0.315	7d8z-assembly1_A human potassium-chloride co-transporter KCC2
TeuB_maduro_1-335	8v6g-assembly1_A	0.070	71	9.325E+00	16	0.014	3.110E-01	0.200	0.059	8v6g-assembly1_A DNA initiation complex (configuration 1) of Xenopus laevis DNA polymerase alpha-primase
TeuB_maduro_1-335	8i7x-assembly1_H	0.090	221	9.891E+00	15	0.011	2.829E-01	0.621	0.938	8i7x-assembly1_H Crystal structure of human ClpP in complex with ZG36
TeuB_maduro_1-335	7vqd-assembly1_A	0.075	211	4.082E+00	15	0.011	2.193E-01	0.567	0.735	7vqd-assembly1_A Structure of MA1831 from Methanosarcina acetivorans in complex with farnesyl pyrophosphate and geranylgeranyl pyrophosphate.
TeuB_maduro_1-335	1f75-assembly1_B	0.108	222	3.848E+00	15	0.011	2.006E-01	0.567	0.769	1f75-assembly1_B CRYSTAL STRUCTURE OF UNDECAPRENYL DIPHOSPHATE SYNTHASE FROM MICROCOCCUS LUTEUS B-P 26
TeuB_maduro_1-335	3grp-assembly1_B	0.097	236	9.325E+00	15	0.011	2.709E-01	0.507	0.959	3grp-assembly1_B 2.1 Angstrom crystal structure of 3-ketoacyl-(acyl-carrier-protein) reductase from Bartonella henselae
TeuB_maduro_1-335	4alm-assembly1_C	0.118	245	6.169E+00	15	0.011	2.508E-01	0.627	0.888	4alm-assembly1_C Crystal structure of S. aureus FabI (P43212)
TeuB_maduro_1-335	4bo9-assembly1_C	0.104	286	3.848E+00	15	0.011	1.917E-01	0.755	0.886	4bo9-assembly1_C Crystal structure of 3-oxoacyl-(acyl-carrier-protein) reductase (FabG) from Pseudomonas aeruginosa in complex with 5-(2-(furan-2-ylmethoxy) phenyl)-2-phenyltetrazole at 2.9A resolution
TeuB_maduro_1-335	4bnt-assembly1_B	0.091	218	5.482E+00	15	0.011	2.048E-01	0.567	0.696	4bnt-assembly1_B Crystal structure of 3-oxoacyl-(acyl-carrier-protein) reductase (FabG) from Pseudomonas aeruginosa in complex with 2-(trifluoromethyl)-1H- benzimidazole at 2.3A resolution
TeuB_maduro_1-335	4bo8-assembly1_B	0.102	225	5.168E+00	15	0.011	2.174E-01	0.588	0.719	4bo8-assembly1_B Crystal structure of 3-oxoacyl-(acyl-carrier-protein) reductase (FabG) from Pseudomonas aeruginosa in complex with 1-(2-amino-4- phenylimidazol-1-yl)-3-(2-fluorophenyl)urea at 2.7A resolution
TeuB_maduro_1-335	2p68-assembly1_B-2	0.067	297	1.787E+00	15	0.011	1.512E-01	0.758	0.919	2p68-assembly1_B-2 Crystal Structure of aq_1716 from Aquifex Aeolicus VF5
TeuB_maduro_1-335	7krm-assembly1_D	0.104	268	6.169E+00	15	0.011	2.132E-01	0.645	0.941	7krm-assembly1_D Putative FabG bound to NADH from Acinetobacter baumannii
TeuB_maduro_1-335	4bny-assembly1_A	0.120	215	8.287E+00	15	0.011	2.542E-01	0.588	0.728	4bny-assembly1_A Crystal structure of 3-oxoacyl-(acyl-carrier-protein) reductase (FabG) from Pseudomonas aeruginosa in complex with 4-(2-phenylthieno(3,2-d) pyrimidin-4-yl)morpholine at 1.8A resolution
TeuB_maduro_1-335	4bnz-assembly1_B	0.096	229	5.482E+00	15	0.011	2.118E-01	0.588	0.721	4bnz-assembly1_B Crystal structure of 3-oxoacyl-(acyl-carrier-protein) reductase (FabG) from Pseudomonas aeruginosa in complex with 1-methyl-N-phenylindole- 3-carboxamide at 2.5A resolution
TeuB_maduro_1-335	8kgb-assembly2_D	0.078	228	2.010E+00	15	0.011	1.519E-01	0.582	0.746	8kgb-assembly2_D SlNDPS1-AtcPT4 Chimera complexed with GSPP, Mg2+, and IPP
TeuB_maduro_1-335	6nrp-assembly1_A	0.083	301	2.865E+00	15	0.011	1.605E-01	0.752	0.913	6nrp-assembly1_A Putative short-chain dehydrogenase/reductase (SDR) from Acinetobacter baumannii
TeuB_maduro_1-335	5er6-assembly1_B	0.094	296	3.419E+00	15	0.011	1.786E-01	0.755	0.884	5er6-assembly1_B Crystal structure of an oxidoreductase from Brucella ovis
TeuB_maduro_1-335	7jli-assembly1_A	0.082	230	3.419E+00	15	0.011	1.815E-01	0.570	0.730	7jli-assembly1_A Crystal structure of Bacillus subtilis UppS
TeuB_maduro_1-335	4bo3-assembly1_C	0.102	293	4.872E+00	15	0.011	1.875E-01	0.752	0.864	4bo3-assembly1_C Crystal structure of 3-oxoacyl-(acyl-carrier-protein) reductase (FabG) from Pseudomonas aeruginosa in complex with 2-(3-(trifluoromethyl) anilino)pyridine-3-sulfonamide at 2.5A resolution
TeuB_maduro_1-335	7qc9-assembly1_A	0.104	278	6.544E+00	15	0.011	2.234E-01	0.633	0.983	7qc9-assembly1_A HisF-C9A-D11E-V33A_L50H_I52H mutant in complex with Ni(II) from T. maritima
TeuB_maduro_1-335	3u49-assembly2_D	0.125	240	7.812E+00	15	0.011	2.486E-01	0.618	0.831	3u49-assembly2_D Crystal structure of YwfH, NADPH dependent reductase involved in Bacilysin biosynthesis
TeuB_maduro_1-335	2yw9-assembly1_A	0.097	298	2.400E+00	15	0.011	1.626E-01	0.776	0.897	2yw9-assembly1_A Crystal structure of TT0143 from Thermus thermophilus HB8
TeuB_maduro_1-335	4bnv-assembly1_C	0.096	310	4.330E+00	15	0.011	1.966E-01	0.809	0.909	4bnv-assembly1_C Crystal structure of 3-oxoacyl-(acyl-carrier-protein) reductase (FabG) from Pseudomonas aeruginosa in complex with 1-(2-chlorophenyl)-3-(1- methylbenzimidazol-2-yl)urea at 2.5A resolution
TeuB_maduro_1-335	2dzv-assembly1_A	0.105	256	8.287E+00	15	0.011	2.452E-01	0.627	0.918	2dzv-assembly1_A Structure of mutant tryptophan synthase alpha-subunit (D146A) from a hyperthermophile, Pyrococcus furiosus
TeuB_maduro_1-335	7eny-assembly1_B	0.088	261	3.419E+00	15	0.011	1.905E-01	0.675	0.746	7eny-assembly1_B Crystal structure of hydroxysteroid dehydrogenase from Escherichia coli
TeuB_maduro_1-335	3ftp-assembly1_C	0.094	222	5.816E+00	15	0.011	2.223E-01	0.573	0.725	3ftp-assembly1_C Crystal structure of 3-Ketoacyl-(acyl-carrier-protein) reductase from Burkholderia pseudomallei at 2.05 A resolution
TeuB_maduro_1-335	5cfz-assembly1_B-2	0.118	279	3.419E+00	15	0.011	1.916E-01	0.654	0.931	5cfz-assembly1_B-2 Crystal structure of E. coli FabI in apo form
TeuB_maduro_1-335	2gfh-assembly1_A	0.056	285	6.544E+00	15	0.011	2.484E-01	0.693	0.841	2gfh-assembly1_A Crystal structure of a n-acetylneuraminic acid phosphatase (nanp) from mus musculus at 1.90 A resolution
TeuB_maduro_1-335	2ewm-assembly1_B-2	0.102	224	7.812E+00	15	0.011	2.371E-01	0.567	0.713	2ewm-assembly1_B-2 Crystal Structure of the (S)-Specific 1-Phenylethanol Dehydrogenase of the Denitrifying Bacterium Strain EbN1
TeuB_maduro_1-335	3jq7-assembly1_B	0.106	253	6.169E+00	15	0.011	2.117E-01	0.636	0.935	3jq7-assembly1_B Crystal structure of pteridine reductase 1 (PTR1) from Trypanosoma brucei in ternary complex with cofactor (NADP+) and inhibitor 6-phenylpteridine-2,4,7-triamine (DX2)
TeuB_maduro_1-335	3oic-assembly1_A-2	0.128	256	4.330E+00	15	0.011	1.791E-01	0.630	0.806	3oic-assembly1_A-2 Crystal Structure of Enoyl-ACP Reductases III (FabL) from B. subtilis (apo form)
TeuB_maduro_1-335	4bnz-assembly1_C	0.097	225	4.082E+00	15	0.011	2.014E-01	0.573	0.677	4bnz-assembly1_C Crystal structure of 3-oxoacyl-(acyl-carrier-protein) reductase (FabG) from Pseudomonas aeruginosa in complex with 1-methyl-N-phenylindole- 3-carboxamide at 2.5A resolution
TeuB_maduro_1-335	3oid-assembly1_C	0.094	255	3.627E+00	15	0.011	1.805E-01	0.654	0.726	3oid-assembly1_C Crystal Structure of Enoyl-ACP Reductases III (FabL) from B. subtilis (complex with NADP and TCL)
TeuB_maduro_1-335	2q2w-assembly1_D	0.158	259	4.872E+00	15	0.011	2.088E-01	0.636	0.935	2q2w-assembly1_D Structure of D-3-Hydroxybutyrate Dehydrogenase from Pseudomonas putida
TeuB_maduro_1-335	6ihh-assembly1_A	0.108	259	6.544E+00	15	0.011	2.490E-01	0.606	0.884	6ihh-assembly1_A Crystal structure of RasADH F12 from Ralstonia.sp in complex with NADPH and A6O
TeuB_maduro_1-335	3jqe-assembly1_C	0.109	265	6.544E+00	15	0.011	2.179E-01	0.636	0.936	3jqe-assembly1_C Crystal structure of pteridine reductase 1 (PTR1) from Trypanosoma brucei in ternary complex with cofactor (NADP+) and inhibitor 2-amino-6-(4-methoxyphenyl)-4-oxo-4,7-dihydro-3H-pyrrolo[2,3-d]pyrimidine-5-carbonitrile (DX8)
TeuB_maduro_1-335	2cfc-assembly1_D	0.116	257	9.325E+00	15	0.011	2.822E-01	0.481	0.972	2cfc-assembly1_D structural basis for stereo selectivity in the (R)- and (S)- hydroxypropylethane thiosulfonate dehydrogenases
TeuB_maduro_1-335	3gn1-assembly1_D	0.089	268	7.364E+00	15	0.011	2.604E-01	0.627	0.920	3gn1-assembly1_D Structure of Pteridine Reductase 1 (PTR1) from TRYPANOSOMA BRUCEI in ternary complex with cofactor (NADP+) and inhibitor (DDD00067116)
TeuB_maduro_1-335	3jqc-assembly1_C	0.082	256	9.891E+00	15	0.011	2.706E-01	0.496	0.976	3jqc-assembly1_C Crystal structure of pteridine reductase 1 (PTR1) from Trypanosoma brucei in ternary complex with cofactor (NADP+) and inhibitor 2-amino-6-bromo-4-oxo-4,7-dihydro-3H-pyrrolo[2,3-d]pyrimidine-5-carbonitrile (JU2)
TeuB_maduro_1-335	2wyu-assembly1_B	0.066	224	6.544E+00	15	0.011	2.498E-01	0.576	0.644	2wyu-assembly1_B High resolution structure of Thermus thermophilus enoyl-acyl carrier protein reductase apo-form
TeuB_maduro_1-335	4cmc-assembly1_D	0.098	253	9.325E+00	15	0.011	2.936E-01	0.481	0.964	4cmc-assembly1_D Crystal structure of pteridine reductase 1 (PTR1) from Trypanosoma brucei in ternary complex with cofactor and inhibitor
TeuB_maduro_1-335	7l5h-assembly1_A-2	0.131	288	3.223E+00	15	0.011	1.738E-01	0.764	0.916	7l5h-assembly1_A-2 The external aldimine form of the wild-type Salmonella typhimurium Tryptophan Synthase at 1.80 Angstrom resolution with cesium ion at the metal coordination site
TeuB_maduro_1-335	8hfj-assembly1_B	0.120	258	6.544E+00	15	0.011	2.631E-01	0.478	0.952	8hfj-assembly1_B Crystal Structure of CbAR mutant (H162F) in complex with NADP+ and a bulky 1,3-cyclodiketone
TeuB_maduro_1-335	4j2h-assembly1_A	0.110	227	5.816E+00	15	0.011	2.219E-01	0.588	0.726	4j2h-assembly1_A Crystal structure of a putative short-chain alcohol dehydrogenase from Sinorhizobium meliloti 1021 (Target NYSGRC-011708)
TeuB_maduro_1-335	4lvu-assembly1_A-2	0.113	237	7.812E+00	15	0.011	2.426E-01	0.603	0.738	4lvu-assembly1_A-2 Crystal Structure of a Putative Short Chain Dehydrogenase from Burkholderia thailandensis
TeuB_maduro_1-335	6vsp-assembly1_B	0.099	313	3.627E+00	15	0.011	1.766E-01	0.782	0.885	6vsp-assembly1_B Structure of Serratia marcescens 2,3-butanediol dehydrogenase mutant Q247A
TeuB_maduro_1-335	5jc8-assembly1_B	0.095	252	5.168E+00	15	0.011	2.234E-01	0.639	0.826	5jc8-assembly1_B Crystal structure of a putative short-chain dehydrogenase/reductase from Burkholderia xenovorans
TeuB_maduro_1-335	8b06-assembly1_A	0.089	302	6.169E+00	15	0.011	2.042E-01	0.764	0.917	8b06-assembly1_A TRYPTOPHAN SYNTHASE - Cryo-trapping by the spitrobot crystal plunger after 25 sec
TeuB_maduro_1-335	2c7v-assembly1_B	0.094	232	8.790E+00	15	0.011	2.734E-01	0.573	0.657	2c7v-assembly1_B Structure of Trypanosoma brucei pteridine reductase (PTR1) in ternary complex with cofactor and the antifolate methotrexate
TeuB_maduro_1-335	3o03-assembly1_A	0.119	243	4.082E+00	15	0.011	1.957E-01	0.591	0.724	3o03-assembly1_A Quaternary complex structure of gluconate 5-dehydrogenase from streptococcus suis type 2
TeuB_maduro_1-335	1xg5-assembly2_A	0.089	268	2.865E+00	15	0.011	1.922E-01	0.758	0.650	1xg5-assembly2_A Structure of human putative dehydrogenase MGC4172 in complex with NADP
TeuB_maduro_1-335	1a5a-assembly1_A-2	0.096	299	3.627E+00	15	0.011	1.600E-01	0.770	0.929	1a5a-assembly1_A-2 CRYO-CRYSTALLOGRAPHY OF A TRUE SUBSTRATE, INDOLE-3-GLYCEROL PHOSPHATE, BOUND TO A MUTANT (ALPHAD60N) TRYPTOPHAN SYNTHASE ALPHA2BETA2 COMPLEX REVEALS THE CORRECT ORIENTATION OF ACTIVE SITE ALPHA GLU 49
TeuB_maduro_1-335	1ahi-assembly1_A	0.111	305	3.627E+00	15	0.011	1.647E-01	0.773	0.914	1ahi-assembly1_A 7 ALPHA-HYDROXYSTEROID DEHYDROGENASE COMPLEXED WITH NADH AND 7-OXO GLYCOCHENODEOXYCHOLIC ACID
TeuB_maduro_1-335	2c7v-assembly1_D	0.114	263	5.482E+00	15	0.011	2.115E-01	0.636	0.938	2c7v-assembly1_D Structure of Trypanosoma brucei pteridine reductase (PTR1) in ternary complex with cofactor and the antifolate methotrexate
TeuB_maduro_1-335	6hye-assembly1_F-4	0.121	297	5.816E+00	15	0.011	2.084E-01	0.773	0.918	6hye-assembly1_F-4 PDX1.2/PDX1.3 complex (PDX1.3:K97A)
TeuB_maduro_1-335	3pjd-assembly1_B	0.086	313	9.891E+00	15	0.011	2.878E-01	0.779	0.895	3pjd-assembly1_B Structure of ENR G93A mutant-NAD+-Triclosan complex
TeuB_maduro_1-335	4z9x-assembly1_A	0.099	242	4.330E+00	15	0.011	1.944E-01	0.591	0.716	4z9x-assembly1_A Crystal structure of 2-keto-3-deoxy-D-gluconate dehydrogenase from Streptococcus pyogenes
TeuB_maduro_1-335	8rhx-assembly1_B	0.106	272	7.364E+00	15	0.011	2.457E-01	0.630	0.907	8rhx-assembly1_B Crystal Structure of Trypanosoma brucei PTR1 in complex with the cofactor and inhibitor P32
TeuB_maduro_1-335	6day-assembly1_A	0.143	244	5.816E+00	15	0.011	2.107E-01	0.639	0.772	6day-assembly1_A Xanthomonas albilineans Dihydropteroate synthase with 4-aminobenzoic acid at 1.65 A
TeuB_maduro_1-335	3wtc-assembly1_A	0.094	233	4.593E+00	15	0.011	1.872E-01	0.591	0.764	3wtc-assembly1_A Crystal structure of Gox2036
TeuB_maduro_1-335	6b4c-assembly3_C	0.078	281	3.627E+00	15	0.011	1.876E-01	0.624	0.931	6b4c-assembly3_C Structure of Viperin from Trichoderma virens
TeuB_maduro_1-335	1zem-assembly1_A	0.104	258	6.169E+00	15	0.011	2.130E-01	0.663	0.708	1zem-assembly1_A Crystal Structure of NAD+-Bound Xylitol Dehydrogenase
TeuB_maduro_1-335	4bb5-assembly1_B	0.100	327	5.816E+00	15	0.011	2.351E-01	0.860	0.913	4bb5-assembly1_B Free-Wilson and Structural Approaches to Co-optimising Human and Rodent Isoform Potency for 11b-Hydroxysteroid Dehydrogenase Type 1 11b-HSD1 Inhibitors
TeuB_maduro_1-335	3gmd-assembly4_H	0.120	258	4.082E+00	15	0.011	2.032E-01	0.651	0.803	3gmd-assembly4_H Structure-based design of 7-Azaindole-pyrrolidines as inhibitors of 11beta-Hydroxysteroid-Dehydrogenase type I
TeuB_maduro_1-335	7ki7-assembly1_A-2	0.124	321	2.133E+00	15	0.011	1.581E-01	0.785	0.932	7ki7-assembly1_A-2 The external aldimine crystal structure of the beta-K167T mutant Tryptophan Synthase at 1.75 Angstrom resolution in complex with N-(4'-trifluoromethoxybenzenesulfonyl)-2-amino-1-ethylphosphate (F9F) at the enzyme alpha-site and cesium ion at the metal coordination site
TeuB_maduro_1-335	3ctm-assembly1_D	0.119	242	6.169E+00	15	0.011	2.200E-01	0.651	0.728	3ctm-assembly1_D Crystal Structure of a Carbonyl Reductase from Candida Parapsilosis with anti-Prelog Stereo-specificity
TeuB_maduro_1-335	4i1y-assembly2_C	0.110	218	9.325E+00	15	0.011	2.597E-01	0.496	0.743	4i1y-assembly2_C The structure of Cysteine synthase from Mycobacterium ulcerans Agy99
TeuB_maduro_1-335	3ctm-assembly2_G	0.125	239	4.330E+00	15	0.011	1.970E-01	0.630	0.715	3ctm-assembly2_G Crystal Structure of a Carbonyl Reductase from Candida Parapsilosis with anti-Prelog Stereo-specificity
TeuB_maduro_1-335	3i3o-assembly2_H	0.127	259	8.287E+00	15	0.011	2.688E-01	0.531	0.907	3i3o-assembly2_H 2.06 Angstrom resolution crystal structure of a short chain dehydrogenase from Bacillus anthracis str. 'Ames Ancestor' in complex with NAD-acetone
TeuB_maduro_1-335	3eeg-assembly1_B	0.088	294	6.544E+00	15	0.011	2.310E-01	0.785	0.784	3eeg-assembly1_B Crystal structure of a 2-isopropylmalate synthase from Cytophaga hutchinsonii
TeuB_maduro_1-335	3pxx-assembly1_C	0.106	273	3.419E+00	15	0.011	1.758E-01	0.681	0.713	3pxx-assembly1_C Crystal structure of carveol dehydrogenase from Mycobacterium avium bound to nicotinamide adenine dinucleotide
TeuB_maduro_1-335	1pv8-assembly1_A	0.113	265	6.942E+00	15	0.011	2.265E-01	0.645	0.822	1pv8-assembly1_A Crystal structure of a low activity F12L mutant of human porphobilinogen synthase
TeuB_maduro_1-335	5usw-assembly1_A	0.132	272	2.865E+00	15	0.011	1.770E-01	0.627	0.796	5usw-assembly1_A The crystal structure of 7,8-dihydropteroate synthase from Vibrio fischeri ES114
TeuB_maduro_1-335	3i3o-assembly1_A	0.129	263	8.287E+00	15	0.011	2.511E-01	0.534	0.879	3i3o-assembly1_A 2.06 Angstrom resolution crystal structure of a short chain dehydrogenase from Bacillus anthracis str. 'Ames Ancestor' in complex with NAD-acetone
TeuB_maduro_1-335	2vg4-assembly2_D	0.101	246	3.039E+00	15	0.011	1.760E-01	0.603	0.664	2vg4-assembly2_D Rv2361 native
TeuB_maduro_1-335	7lh6-assembly1_A	0.129	309	4.593E+00	15	0.011	2.035E-01	0.821	0.790	7lh6-assembly1_A The structure of Bacteroides plebeius L-galactose dehydrogenase
TeuB_maduro_1-335	8wm2-assembly2_B	0.091	306	5.482E+00	15	0.011	1.994E-01	0.749	0.878	8wm2-assembly2_B Crystal structure of AbmM
TeuB_maduro_1-335	1yxm-assembly1_D	0.111	376	1.787E+00	15	0.011	1.542E-01	0.928	0.962	1yxm-assembly1_D Crystal structure of peroxisomal trans 2-enoyl CoA reductase
TeuB_maduro_1-335	6l1h-assembly2_B	0.088	352	7.364E+00	15	0.011	2.563E-01	0.827	0.951	6l1h-assembly2_B Crystal structure of light-dependent protochlorophyllide oxidoreductase from Thermosynechococcus elongatus
TeuB_maduro_1-335	6h75-assembly1_A	0.098	344	7.812E+00	15	0.011	2.714E-01	0.773	0.945	6h75-assembly1_A SiaP A11N in complex with Neu5Ac (RT)
TeuB_maduro_1-335	8b9y-assembly2_D	0.091	274	6.169E+00	15	0.011	2.216E-01	0.719	0.623	8b9y-assembly2_D Cysteine Synthase from Trypanosoma cruzi with PLP and OAS
TeuB_maduro_1-335	4c6q-assembly1_A	0.103	271	9.891E+00	15	0.011	2.610E-01	0.770	0.504	4c6q-assembly1_A Crystal structure of the dihydroorotase domain of human CAD C1613S mutant bound to substrate at pH 7.0
TeuB_maduro_1-335	3ze2-assembly2_D	0.087	287	3.419E+00	15	0.011	1.720E-01	0.675	0.692	3ze2-assembly2_D Integrin alphaIIB beta3 headpiece and RGD peptide complex
TeuB_maduro_1-335	3vs9-assembly3_D	0.097	184	4.593E+00	15	0.011	2.240E-01	0.501	0.327	3vs9-assembly3_D Crystal structure of type III PKS ArsC mutant
TeuB_maduro_1-335	4pzv-assembly1_A	0.097	296	4.082E+00	15	0.011	1.971E-01	0.770	0.571	4pzv-assembly1_A Crystal structure of Francisella tularensis HPPK-DHPS in complex with bisubstrate analog HPPK inhibitor J1D
TeuB_maduro_1-335	5why-assembly1_A	0.126	246	7.364E+00	15	0.011	2.202E-01	0.552	0.529	5why-assembly1_A Structural Insights into Thioether Bond Formation in the Biosynthesis of Sactipeptides
TeuB_maduro_1-335	4wjk-assembly1_B	0.093	298	4.872E+00	15	0.011	2.300E-01	0.660	0.592	4wjk-assembly1_B Metal Ion and Ligand Binding of Integrin
TeuB_maduro_1-335	2xrz-assembly2_B	0.097	134	8.790E+00	15	0.011	2.968E-01	0.385	0.219	2xrz-assembly2_B X-ray structure of archaeal class II CPD photolyase from Methanosarcina mazei in complex with intact CPD-lesion
TeuB_maduro_1-335	8igw-assembly2_J	0.098	172	6.544E+00	15	0.011	2.555E-01	0.487	0.283	8igw-assembly2_J Hexameric Ring Complex of Engineered V1-ATPase bound to 4 ADPs: A3(De)3_(ADP)3cat,1non-cat, Hexameric Ring Complex of Engineered V1-ATPase bound to 5 ADPs: A3(De)3_(ADP)3cat,2non-cat
TeuB_maduro_1-335	5hxa-assembly1_A-2	0.079	390	6.169E+00	15	0.011	2.424E-01	0.719	0.792	5hxa-assembly1_A-2 Crystal structure of an UDP-forming alpha, alpha-terhalose-phosphate synthase from Burkholderia xenovorans
TeuB_maduro_1-335	5hvm-assembly1_B	0.071	408	4.082E+00	15	0.011	2.027E-01	0.791	0.785	5hvm-assembly1_B Structure of Aspergillus fumigatus trehalose-6-phosphate synthase A in complex with UDP and validoxylamine A
TeuB_maduro_1-335	1pii-assembly1_A	0.126	348	4.330E+00	15	0.011	1.922E-01	0.678	0.717	1pii-assembly1_A THREE-DIMENSIONAL STRUCTURE OF THE BIFUNCTIONAL ENZYME PHOSPHORIBOSYLANTHRANILATE ISOMERASE: INDOLEGLYCEROLPHOSPHATE SYNTHASE FROM ESCHERICHIA COLI REFINED AT 2.0 ANGSTROMS RESOLUTION
TeuB_maduro_1-335	7ye0-assembly1_A	0.091	218	4.330E+00	15	0.011	2.446E-01	0.612	0.268	7ye0-assembly1_A DF-SFX MmCPDII-DNA complex: steady state oxidized complex
TeuB_maduro_1-335	2vdm-assembly1_B	0.081	295	5.168E+00	15	0.011	2.143E-01	0.690	0.566	2vdm-assembly1_B Re-refinement of Integrin AlphaIIbBeta3 Headpiece Bound to Antagonist Tirofiban
TeuB_maduro_1-335	6hlx-assembly1_A	0.114	175	9.891E+00	15	0.011	2.953E-01	0.433	0.283	6hlx-assembly1_A Structure of the PBP AgaA in complex with agropinic acid from A.tumefacien R10
TeuB_maduro_1-335	8by2-assembly1_B	0.147	223	6.544E+00	15	0.011	2.294E-01	0.633	0.315	8by2-assembly1_B Structure of the K+/H+ exchanger KefC with GSH.
TeuB_maduro_1-335	7tin-assembly1_A	0.075	370	6.169E+00	15	0.011	2.153E-01	0.893	0.562	7tin-assembly1_A The Structure of S. aureus MenD
TeuB_maduro_1-335	2wmf-assembly1_A	0.103	271	9.891E+00	15	0.011	2.691E-01	0.707	0.346	2wmf-assembly1_A Crystal structure of the catalytic module of a family 98 glycoside hydrolase from Streptococcus pneumoniae TIGR4 (Sp4GH98) in its native form.
TeuB_maduro_1-335	3hxm-assembly1_A	0.101	334	6.169E+00	15	0.011	2.080E-01	0.776	0.414	3hxm-assembly1_A Structure of an argonaute complexed with guide DNA and target RNA duplex containing two mismatches.
TeuB_maduro_1-335	4n76-assembly1_A	0.113	325	5.482E+00	15	0.011	2.126E-01	0.773	0.412	4n76-assembly1_A Structure of Thermus thermophilus Argonaute bound to guide DNA and cleaved target DNA with Mn2+
TeuB_maduro_1-335	5xp8-assembly1_A	0.094	414	4.330E+00	15	0.011	2.014E-01	0.937	0.494	5xp8-assembly1_A Crystal structure of T. thermophilus Argonaute protein complexed with a bulge 4A5 on the guide strand
TeuB_maduro_1-335	5xpa-assembly1_A	0.094	297	5.816E+00	15	0.011	2.182E-01	0.704	0.339	5xpa-assembly1_A Crystal structure of T. thermophilus Argonaute protein complexed with a bulge 9'U10' on the target strand
TeuB_maduro_1-335	8ee1-assembly1_D-2	0.103	397	2.546E+00	15	0.011	1.564E-01	0.881	0.389	8ee1-assembly1_D-2 KS-AT didomain from module 2 of the 6-deoxyerythronolide B synthase in complex with antibody fragment AA5
TeuB_maduro_1-335	4fxd-assembly1_A	0.102	245	3.039E+00	15	0.011	1.922E-01	0.696	0.186	4fxd-assembly1_A Crystal structure of yeast DNA polymerase alpha bound to DNA/RNA
TeuB_maduro_1-335	7u5c-assembly1_C	0.061	65	8.287E+00	15	0.011	2.747E-01	0.194	0.057	7u5c-assembly1_C Cryo-EM structure of human CST bound to DNA polymerase alpha-primase in a recruitment state
TeuB_maduro_1-335	4v8w-assembly1_D	0.092	293	9.325E+00	15	0.011	2.540E-01	0.636	0.105	4v8w-assembly1_D Structure and conformational variability of the Mycobacterium tuberculosis fatty acid synthase multienzyme complex
TeuB_maduro_1-335	7wkq-assembly2_C	0.094	244	8.287E+00	14	0.010	2.286E-01	0.621	0.938	7wkq-assembly2_C Crystal Structure of halohydrin dehalogenase from Acidimicrobiia bacterium
TeuB_maduro_1-335	2e9a-assembly1_B	0.076	222	7.812E+00	14	0.010	2.294E-01	0.576	0.776	2e9a-assembly1_B E. coli undecaprenyl pyrophosphate synthase in complex with BPH-628
TeuB_maduro_1-335	7cc3-assembly2_C	0.073	246	5.816E+00	14	0.010	2.155E-01	0.639	0.810	7cc3-assembly2_C Versatile cis-prenyltransferase MM_0014 from Methanosarcina mazei (crystal type: co-FG)
TeuB_maduro_1-335	4ijk-assembly1_B	0.093	258	5.816E+00	14	0.010	1.939E-01	0.642	0.942	4ijk-assembly1_B Crystal structure of a putative 3-oxoacyl-[acyl-carrier protein]reductase from Helicobacter pylori 26695
TeuB_maduro_1-335	8yau-assembly2_F-4	0.100	250	7.812E+00	14	0.010	2.130E-01	0.624	0.913	8yau-assembly2_F-4 Crystal structure of glucose 1-dehydrogenase mutant2 from Limosilactobacillus fermentum
TeuB_maduro_1-335	8bci-assembly1_B	0.115	233	9.325E+00	14	0.010	2.188E-01	0.487	0.890	8bci-assembly1_B Crystal structure of short-chain dehydrogenase PA3128 from Pseudomonas aeruginosa PAO1
TeuB_maduro_1-335	7jlr-assembly1_A-2	0.071	224	5.816E+00	14	0.010	1.932E-01	0.567	0.722	7jlr-assembly1_A-2 Crystal structure of Bacillus subtilis UppS in complex with JPD447
TeuB_maduro_1-335	4bnw-assembly1_B	0.099	231	4.593E+00	14	0.010	1.819E-01	0.588	0.710	4bnw-assembly1_B Crystal structure of 3-oxoacyl-(acyl-carrier-protein) reductase (FabG) from Pseudomonas aeruginosa in complex with an unknown ligand at 1. 6A resolution
TeuB_maduro_1-335	5er6-assembly1_C	0.101	285	5.482E+00	14	0.010	1.839E-01	0.755	0.882	5er6-assembly1_C Crystal structure of an oxidoreductase from Brucella ovis
TeuB_maduro_1-335	8jfh-assembly1_D	0.128	256	4.593E+00	14	0.010	1.738E-01	0.624	0.899	8jfh-assembly1_D Crystal structure of 3-oxoacyl-ACP reductase FabG in complex with NADP+ and 3-keto-octanoyl-ACP from Helicobacter pylori in an inactive form that priors the acyl substrate delivery
TeuB_maduro_1-335	4jro-assembly1_B	0.060	264	3.627E+00	14	0.010	1.727E-01	0.666	0.777	4jro-assembly1_B Crystal structure of 3-oxoacyl-[acyl-carrier protein]reductase (FabG)from Listeria monocytogenes in complex with NADP+
TeuB_maduro_1-335	4wcd-assembly1_C	0.103	251	9.325E+00	14	0.010	2.226E-01	0.636	0.933	4wcd-assembly1_C Trypanosoma brucei PTR1 in complex with inhibitor 10
TeuB_maduro_1-335	3gk3-assembly1_D	0.138	288	6.169E+00	14	0.010	2.238E-01	0.755	0.905	3gk3-assembly1_D Crystal structure of acetoacetyl-CoA reductase from Burkholderia pseudomallei 1710b
TeuB_maduro_1-335	1ujp-assembly1_A	0.123	268	9.891E+00	14	0.010	2.304E-01	0.654	0.889	1ujp-assembly1_A Crystal Structure of Tryptophan Synthase A-Subunit From Thermus thermophilus HB8
TeuB_maduro_1-335	2dzp-assembly1_A	0.121	255	7.364E+00	14	0.010	2.164E-01	0.627	0.918	2dzp-assembly1_A Structure of mutant tryptophan synthase alpha-subunit (D17N) from a hyperthermophile, Pyrococcus furiosus
TeuB_maduro_1-335	3vzr-assembly1_B	0.090	222	7.812E+00	14	0.010	2.332E-01	0.567	0.734	3vzr-assembly1_B Crystal structure of T173S mutant of PhaB from Ralstonia eutropha
TeuB_maduro_1-335	3ez4-assembly1_H	0.093	290	6.169E+00	14	0.010	1.963E-01	0.770	0.906	3ez4-assembly1_H Crystal structure of 3-methyl-2-oxobutanoate hydroxymethyltransferase from Burkholderia pseudomallei
TeuB_maduro_1-335	1mxf-assembly1_D	0.089	334	5.816E+00	14	0.010	1.781E-01	0.827	0.984	1mxf-assembly1_D Crystal Structure of Inhibitor Complex of Putative Pteridine Reductase 2 (PTR2) from Trypanosoma cruzi
TeuB_maduro_1-335	3jq8-assembly1_A	0.113	255	8.287E+00	14	0.010	2.152E-01	0.636	0.935	3jq8-assembly1_A Crystal structure of pteridine reductase 1 (PTR1) from Trypanosoma brucei in ternary complex with cofactor (NADP+) and inhibitor 6,7,7-trimethyl-7,8-dihydropteridine-2,4-diamine (DX3)
TeuB_maduro_1-335	3tox-assembly1_B-2	0.112	303	6.942E+00	14	0.010	1.861E-01	0.749	0.915	3tox-assembly1_B-2 Crystal structure of a short chain dehydrogenase in complex with NAD(P) from Sinorhizobium meliloti 1021
TeuB_maduro_1-335	6gdo-assembly1_B	0.114	261	6.169E+00	14	0.010	2.003E-01	0.636	0.936	6gdo-assembly1_B Trypanosoma brucei PTR1 in complex with inhibitor 2g (F240)
TeuB_maduro_1-335	4pn3-assembly1_D	0.124	321	8.287E+00	14	0.010	2.547E-01	0.833	0.952	4pn3-assembly1_D Crystal structure of 3-hydroxyacyl-CoA-dehydrogenase from Brucella melitensis
TeuB_maduro_1-335	8y83-assembly1_A	0.089	312	3.627E+00	14	0.010	1.559E-01	0.767	0.896	8y83-assembly1_A Crystal structure of a ketoreductase from Sphingobacterium siyangense SY1 with co-enzyme
TeuB_maduro_1-335	4c7j-assembly2_D	0.111	269	9.891E+00	14	0.010	2.502E-01	0.561	0.980	4c7j-assembly2_D 11b-Hydroxysteroid Dehydrogenase Type I in complex with inhibitor
TeuB_maduro_1-335	6wdu-assembly1_A	0.089	302	7.812E+00	14	0.010	1.960E-01	0.764	0.917	6wdu-assembly1_A The external aldimine form of the Salmonella thypi wild-type tryptophan synthase in open conformation showing multiple side chain conformations for the residue beta Q114 and sodium ion at the metal coordination site. One of the beta-Q114 rotamer conformations allows a hydrogen bond to form with the PLP oxygen at the position 3 in the ring.
TeuB_maduro_1-335	7ku9-assembly1_A	0.109	291	8.287E+00	14	0.010	1.960E-01	0.776	0.930	7ku9-assembly1_A The internal aldimine form of the wild-type Salmonella typhimurium Tryptophan Synthase with sodium ion at the metal coordination site, two molecules of F6F inhibitor at the enzyme alpha-site and another F6F molecule at the enzyme beta-site at 1.40 Angstrom resolution
TeuB_maduro_1-335	3d4n-assembly2_C	0.098	354	9.325E+00	14	0.010	2.430E-01	0.949	0.988	3d4n-assembly2_C Crystal Structure of Human 11-beta-Hydroxysteroid Dehydrogenase (HSD1) in Complex with Sulfonamide Inhibitor
TeuB_maduro_1-335	1tjr-assembly1_A	0.129	310	5.168E+00	14	0.010	1.790E-01	0.770	0.916	1tjr-assembly1_A Crystal structure of wild-type BX1 complexed with a sulfate ion
TeuB_maduro_1-335	3czr-assembly1_A	0.120	281	9.325E+00	14	0.010	2.480E-01	0.603	0.985	3czr-assembly1_A Crystal Structure of Human 11-beta-Hydroxysteroid Dehydrogenase (HSD1) in Complex with Arylsulfonylpiperazine Inhibitor
TeuB_maduro_1-335	5g4l-assembly1_A	0.145	268	6.942E+00	14	0.010	2.392E-01	0.699	0.758	5g4l-assembly1_A Phloroglucinol reductase from Clostridium sp. with bound NADPH
TeuB_maduro_1-335	3pxx-assembly1_D	0.111	268	5.482E+00	14	0.010	1.751E-01	0.675	0.711	3pxx-assembly1_D Crystal structure of carveol dehydrogenase from Mycobacterium avium bound to nicotinamide adenine dinucleotide
TeuB_maduro_1-335	7btm-assembly2_B	0.152	340	3.039E+00	14	0.010	1.554E-01	0.851	0.879	7btm-assembly2_B SDR protein/resistance protein NapW
TeuB_maduro_1-335	3wql-assembly1_A	0.074	229	3.039E+00	14	0.010	1.659E-01	0.576	0.608	3wql-assembly1_A Crystal structure of Rv3378c with Mg2+ and PPi
TeuB_maduro_1-335	7btm-assembly3_E	0.136	263	5.168E+00	14	0.010	1.834E-01	0.615	0.726	7btm-assembly3_E SDR protein/resistance protein NapW
TeuB_maduro_1-335	2opj-assembly1_A	0.115	216	7.812E+00	14	0.010	2.264E-01	0.510	0.673	2opj-assembly1_A Crystal structure of O-succinylbenzoate synthase
TeuB_maduro_1-335	7bsx-assembly3_C	0.138	361	2.865E+00	14	0.010	1.485E-01	0.851	0.888	7bsx-assembly3_C SDR protein NapW-NADP
TeuB_maduro_1-335	5hms-assembly1_A	0.087	333	6.942E+00	14	0.010	1.853E-01	0.770	0.873	5hms-assembly1_A X-ray structure of human recombinant 5-aminolaevulinic acid dehydratase (hrALAD).
TeuB_maduro_1-335	6fwo-assembly1_A	0.080	262	6.169E+00	14	0.010	1.951E-01	0.648	0.594	6fwo-assembly1_A Structure of an E336Q variant of the GH99 endo-alpha-mannanase from Bacteroides xylanisolvens in complex with alpha-Glc-1,3-1,2-anhydro-mannose hydrolyzed by enzyme
TeuB_maduro_1-335	3noy-assembly2_D	0.114	375	6.169E+00	14	0.010	1.880E-01	0.848	0.951	3noy-assembly2_D Crystal structure of IspG (gcpE)
TeuB_maduro_1-335	3iau-assembly1_A	0.131	266	8.790E+00	14	0.010	2.205E-01	0.699	0.653	3iau-assembly1_A The structure of the processed form of threonine deaminase isoform 2 from Solanum lycopersicum
TeuB_maduro_1-335	4yws-assembly1_A	0.118	296	9.325E+00	14	0.010	2.125E-01	0.782	0.625	4yws-assembly1_A Thermostable enolase from Chloroflexus aurantiacus
TeuB_maduro_1-335	6jak-assembly2_D	0.081	442	9.325E+00	14	0.010	2.633E-01	0.767	0.922	6jak-assembly2_D OtsA apo structure
TeuB_maduro_1-335	8ilb-assembly1_C	0.096	311	9.325E+00	14	0.010	2.404E-01	0.633	0.627	8ilb-assembly1_C The complexes of RbcL, AtRaf1 and AtBSD2 (LFB)
TeuB_maduro_1-335	2vc2-assembly1_B	0.084	273	2.700E+00	14	0.010	1.557E-01	0.704	0.523	2vc2-assembly1_B Re-refinement of Integrin AlphaIIbBeta3 Headpiece Bound to Antagonist L-739758
TeuB_maduro_1-335	6lzt-assembly1_A	0.084	177	5.816E+00	14	0.010	2.319E-01	0.418	0.264	6lzt-assembly1_A N409A mutant of chitin-specific solute binding protein from Vibrio harveyi co-crystalized with chitobiose
TeuB_maduro_1-335	8aew-assembly1_B	0.117	375	5.816E+00	14	0.010	2.150E-01	0.666	0.665	8aew-assembly1_B Malonyl-CoA reductase from Chloroflexus aurantiacus - N-terminal Apo
TeuB_maduro_1-335	3f73-assembly1_A	0.094	327	7.812E+00	14	0.010	2.170E-01	0.767	0.382	3f73-assembly1_A Alignment of guide-target seed duplex within an argonaute silencing complex
TeuB_maduro_1-335	3hrz-assembly1_D	0.097	194	6.544E+00	14	0.010	2.457E-01	0.478	0.224	3hrz-assembly1_D Cobra Venom Factor (CVF) in complex with human factor B
TeuB_maduro_1-335	3k5n-assembly1_B	0.090	110	4.872E+00	14	0.010	2.163E-01	0.263	0.140	3k5n-assembly1_B Crystal structure of E.coli Pol II-abasic DNA binary complex
TeuB_maduro_1-335	5iud-assembly3_G	0.070	128	6.942E+00	14	0.010	2.166E-01	0.307	0.137	5iud-assembly3_G Human DNA polymerase alpha in binary complex with a DNA:DNA template-primer
TeuB_maduro_1-335	2dik-assembly1_A	0.101	276	4.082E+00	14	0.010	1.812E-01	0.693	0.237	2dik-assembly1_A R337A MUTANT OF PYRUVATE PHOSPHATE DIKINASE
TeuB_maduro_1-335	8foc-assembly1_1	0.118	245	4.082E+00	14	0.010	1.978E-01	0.696	0.153	8foc-assembly1_1 Cryo-EM structure of S. cerevisiae DNA polymerase alpha-primase in Apo state conformation I
TeuB_maduro_1-335	6roj-assembly1_A	0.092	216	7.812E+00	14	0.010	2.495E-01	0.618	0.147	6roj-assembly1_A Cryo-EM structure of the activated Drs2p-Cdc50p
TeuB_maduro_1-335	7cav-assembly1_A	0.057	209	7.364E+00	13	0.009	2.024E-01	0.567	0.716	7cav-assembly1_A Versatile cis-prenyltransferase MM_0014 from Methanosarcina mazei (crystal type: co-FG+DMAPP)
TeuB_maduro_1-335	7czc-assembly1_A	0.109	256	7.812E+00	13	0.009	2.007E-01	0.636	0.948	7czc-assembly1_A Crystal structure of apo-FabG from Vibrio harveyi
TeuB_maduro_1-335	1x07-assembly1_A	0.094	234	6.942E+00	13	0.009	1.933E-01	0.591	0.792	1x07-assembly1_A Crystal structure of undecaprenyl pyrophosphate synthase in complex with Mg and IPP
TeuB_maduro_1-335	4bo5-assembly1_C	0.114	244	8.790E+00	13	0.009	1.988E-01	0.633	0.812	4bo5-assembly1_C Crystal structure of 3-oxoacyl-(acyl-carrier-protein) reductase (FabG) from Pseudomonas aeruginosa in complex with N-(2-chlorophenyl)-4- pyrrol-1-yl-1,3,5-triazin-2-amine at 2.6A resolution
TeuB_maduro_1-335	1wxj-assembly1_A	0.087	287	9.325E+00	13	0.009	2.065E-01	0.770	0.862	1wxj-assembly1_A Crystal Structure Of Tryptophan Synthase A-Subunit with Indole-3-propanol phosphate From Thermus Thermophilus Hb8
TeuB_maduro_1-335	2bd0-assembly1_D	0.073	257	6.169E+00	13	0.009	1.699E-01	0.654	0.783	2bd0-assembly1_D Chlorobium tepidum Sepiapterin Reductase complexed with NADP and Sepiapterin
TeuB_maduro_1-335	3geg-assembly1_A	0.118	287	4.872E+00	13	0.009	1.805E-01	0.749	0.950	3geg-assembly1_A Fingerprint and Structural Analysis of a SCOR enzyme with its bound cofactor from Clostridium thermocellum
TeuB_maduro_1-335	9cly-assembly1_B	0.125	216	8.287E+00	13	0.009	2.162E-01	0.567	0.727	9cly-assembly1_B Crystal structure of the 3-ketoacyl-(acyl-carrier-protein) reductase, CylG, from Streptococcus agalactiae 2603V/R
TeuB_maduro_1-335	5f1p-assembly1_A	0.122	245	8.287E+00	13	0.009	2.105E-01	0.594	0.764	5f1p-assembly1_A Crystal Structure of Dehydrogenase from Streptomyces platensis
TeuB_maduro_1-335	8zx0-assembly1_B	0.093	266	8.287E+00	13	0.009	2.204E-01	0.690	0.716	8zx0-assembly1_B Crystal Structure of CntL in complex with a dual-site inhibitor
TeuB_maduro_1-335	5u2w-assembly1_D	0.115	259	6.942E+00	13	0.009	1.802E-01	0.621	0.865	5u2w-assembly1_D Crystal structure of a Short chain dehydrogenase from Burkholderia cenocepacia J2315 in complex with NADP
TeuB_maduro_1-335	8qqe-assembly1_B	0.063	221	5.168E+00	13	0.009	1.804E-01	0.525	0.696	8qqe-assembly1_B Crystal structure of the complex between DMC1 and the PhePP domain of BRCA2
TeuB_maduro_1-335	3r1i-assembly1_B-2	0.081	271	5.482E+00	13	0.009	1.642E-01	0.704	0.810	3r1i-assembly1_B-2 Crystal structure of a short-chain type dehydrogenase/reductase from Mycobacterium marinum
TeuB_maduro_1-335	3tha-assembly1_A	0.086	277	9.325E+00	13	0.009	2.202E-01	0.704	0.851	3tha-assembly1_A Tryptophan synthase subunit alpha from Campylobacter jejuni.
TeuB_maduro_1-335	1a5b-assembly1_A-2	0.096	302	7.364E+00	13	0.009	1.815E-01	0.800	0.932	1a5b-assembly1_A-2 CRYO-CRYSTALLOGRAPHY OF A TRUE SUBSTRATE, INDOLE-3-GLYCEROL PHOSPHATE, BOUND TO A MUTANT (ALPHA D60N) TRYPTOPHAN SYNTHASE ALPHA2BETA2 COMPLEX REVEALS THE CORRECT ORIENTATION OF ACTIVE SITE ALPHA GLU 49
TeuB_maduro_1-335	3u49-assembly1_A	0.102	332	6.942E+00	13	0.009	1.894E-01	0.812	0.988	3u49-assembly1_A Crystal structure of YwfH, NADPH dependent reductase involved in Bacilysin biosynthesis
TeuB_maduro_1-335	6gck-assembly1_C	0.088	295	9.891E+00	13	0.009	2.372E-01	0.764	0.924	6gck-assembly1_C Trypanosoma brucei PTR1 in complex with inhibitor 1e (F206)
TeuB_maduro_1-335	8hfj-assembly1_D	0.125	263	9.891E+00	13	0.009	2.412E-01	0.478	0.941	8hfj-assembly1_D Crystal Structure of CbAR mutant (H162F) in complex with NADP+ and a bulky 1,3-cyclodiketone
TeuB_maduro_1-335	4fn4-assembly1_D	0.116	265	9.325E+00	13	0.009	2.192E-01	0.639	0.843	4fn4-assembly1_D short-chain NAD(H)-dependent dehydrogenase/reductase from Sulfolobus acidocaldarius
TeuB_maduro_1-335	1tjr-assembly2_B	0.100	309	5.816E+00	13	0.009	1.837E-01	0.773	0.929	1tjr-assembly2_B Crystal structure of wild-type BX1 complexed with a sulfate ion
TeuB_maduro_1-335	3tjr-assembly1_A	0.107	269	9.891E+00	13	0.009	2.167E-01	0.651	0.867	3tjr-assembly1_A Crystal structure of a Rv0851c ortholog short chain dehydrogenase from Mycobacterium paratuberculosis
TeuB_maduro_1-335	6hno-assembly1_A	0.105	274	9.891E+00	13	0.009	2.134E-01	0.663	0.918	6hno-assembly1_A 17beta-hydroxysteroid dehydrogenase 14 variant S205 - mutant H93A
TeuB_maduro_1-335	1xg5-assembly1_C	0.101	287	5.168E+00	13	0.009	1.903E-01	0.776	0.681	1xg5-assembly1_C Structure of human putative dehydrogenase MGC4172 in complex with NADP
TeuB_maduro_1-335	6xin-assembly1_A-2	0.137	305	5.816E+00	13	0.009	1.646E-01	0.800	0.934	6xin-assembly1_A-2 The crystal structure of tryptophan synthase from Salmonella enterica serovar typhimurium in complex with (2S)-3-Amino-3-imino-2-phenyldiazenylpropanamide at the enzyme alpha-site.
TeuB_maduro_1-335	4bb5-assembly2_D	0.100	348	6.942E+00	13	0.009	2.248E-01	0.922	0.935	4bb5-assembly2_D Free-Wilson and Structural Approaches to Co-optimising Human and Rodent Isoform Potency for 11b-Hydroxysteroid Dehydrogenase Type 1 11b-HSD1 Inhibitors
TeuB_maduro_1-335	3s55-assembly1_B	0.108	294	9.891E+00	13	0.009	2.361E-01	0.648	0.944	3s55-assembly1_B Crystal structure of a putative short-chain dehydrogenase/reductase from Mycobacterium abscessus bound to NAD
TeuB_maduro_1-335	5usw-assembly1_B	0.122	262	5.816E+00	13	0.009	1.898E-01	0.627	0.793	5usw-assembly1_B The crystal structure of 7,8-dihydropteroate synthase from Vibrio fischeri ES114
TeuB_maduro_1-335	7n7i-assembly3_C	0.084	260	8.287E+00	13	0.009	2.219E-01	0.612	0.749	7n7i-assembly3_C X-ray crystal structure of Viperin-like enzyme from Trichoderma virens
TeuB_maduro_1-335	5o98-assembly2_B	0.136	234	6.544E+00	13	0.009	2.282E-01	0.672	0.555	5o98-assembly2_B Binary complex of Catharanthus roseus Vitrosamine Synthase with NADP+
TeuB_maduro_1-335	7btm-assembly2_C	0.121	264	5.482E+00	13	0.009	1.759E-01	0.615	0.720	7btm-assembly2_C SDR protein/resistance protein NapW
TeuB_maduro_1-335	5l51-assembly1_A	0.090	319	8.790E+00	13	0.009	2.191E-01	0.636	0.962	5l51-assembly1_A Menthone neomenthol reductase from Mentha piperita
TeuB_maduro_1-335	4p56-assembly3_C	0.079	351	5.482E+00	13	0.009	1.986E-01	0.758	0.990	4p56-assembly3_C CRYSTAL STRUCTURE OF A TRAP PERIPLASMIC SOLUTE BINDING PROTEIN FROM BORDETELLA BRONCHISEPTICA, TARGET EFI-510038 (BB2442), WITH BOUND (R)-MANDELATE and (S)-MANDELATE
TeuB_maduro_1-335	7spy-assembly1_A-2	0.093	288	4.872E+00	13	0.009	1.780E-01	0.684	0.752	7spy-assembly1_A-2 Get3 bound to ATP from G. intestinalis in the closed form
TeuB_maduro_1-335	7nr2-assembly2_BBB	0.084	332	8.287E+00	13	0.009	2.346E-01	0.612	0.948	7nr2-assembly2_BBB The structure of the SBP TarP_Sse in complex with coumarate
TeuB_maduro_1-335	4wvl-assembly1_A	0.112	301	3.627E+00	13	0.009	1.461E-01	0.812	0.656	4wvl-assembly1_A Structure-Guided DOT1L Probe Optimization by Label-Free Ligand Displacement
TeuB_maduro_1-335	8h8p-assembly1_D	0.116	224	9.325E+00	13	0.009	2.292E-01	0.463	0.617	8h8p-assembly1_D Crystal structure of thiomorpholine-carboxylate dehydrogenase from Candida parapsilosis.
TeuB_maduro_1-335	7dib-assembly1_B	0.149	255	7.364E+00	13	0.009	1.928E-01	0.624	0.542	7dib-assembly1_B Crystal structure of D-threonine aldolase from Filomicrobium marinum
TeuB_maduro_1-335	5fac-assembly2_C	0.105	247	4.593E+00	13	0.009	1.564E-01	0.627	0.527	5fac-assembly2_C Alanine Racemase from Streptomyces coelicolor A3(2)
TeuB_maduro_1-335	1szg-assembly1_B-2	0.118	371	6.544E+00	13	0.009	1.828E-01	0.904	0.736	1szg-assembly1_B-2 A198G:L230A flavocytochrome b2 with sulfite bound
TeuB_maduro_1-335	8sl9-assembly1_A	0.102	302	8.790E+00	13	0.009	2.099E-01	0.764	0.566	8sl9-assembly1_A Crystal structure of Francisella tularensis HPPK-DHPS in complex with HPPK inhibitor HP-73
TeuB_maduro_1-335	6hun-assembly1_A-2	0.108	324	8.790E+00	13	0.009	1.879E-01	0.761	0.600	6hun-assembly1_A-2 Dimeric Archeal Rubisco from Hyperthermus butylicus
TeuB_maduro_1-335	1k6m-assembly1_A	0.086	475	5.816E+00	13	0.009	1.914E-01	0.907	0.986	1k6m-assembly1_A Crystal Structure of Human Liver 6-Phosphofructo-2-Kinase/Fructose-2,6-Bisphosphatase
TeuB_maduro_1-335	3vi3-assembly2_D	0.099	292	8.790E+00	13	0.009	2.348E-01	0.660	0.581	3vi3-assembly2_D Crystal structure of alpha5beta1 integrin headpiece (ligand-free form)
TeuB_maduro_1-335	6rfu-assembly1_A	0.126	315	3.627E+00	13	0.009	1.569E-01	0.794	0.587	6rfu-assembly1_A In cellulo crystallization of Trypanosoma brucei IMP dehydrogenase enables the identification of ATP and GMP as genuine co-factors
TeuB_maduro_1-335	6u7l-assembly2_C	0.110	298	6.942E+00	13	0.009	2.101E-01	0.651	0.596	6u7l-assembly2_C 2.75 Angstrom Crystal Structure of Galactarate Dehydratase from Escherichia coli.
TeuB_maduro_1-335	4b3z-assembly1_D	0.105	274	7.812E+00	13	0.009	1.984E-01	0.704	0.449	4b3z-assembly1_D Structure of the human collapsin response mediator protein-1, a lung cancer suppressor
TeuB_maduro_1-335	1bli-assembly1_A	0.081	330	8.287E+00	13	0.009	2.009E-01	0.684	0.565	1bli-assembly1_A BACILLUS LICHENIFORMIS ALPHA-AMYLASE
TeuB_maduro_1-335	8tz0-assembly1_A	0.080	325	7.812E+00	13	0.009	2.101E-01	0.606	0.550	8tz0-assembly1_A Structure of a bacterial E1-E2-Ubl complex (form 1)
TeuB_maduro_1-335	1tt5-assembly2_C	0.142	182	7.364E+00	13	0.009	2.327E-01	0.484	0.262	1tt5-assembly2_C Structure of APPBP1-UBA3-Ubc12N26: a unique E1-E2 interaction required for optimal conjugation of the ubiquitin-like protein NEDD8
TeuB_maduro_1-335	6lx1-assembly1_A-2	0.118	237	5.816E+00	13	0.009	1.891E-01	0.621	0.353	6lx1-assembly1_A-2 Potato D-enzyme complexed with Acarbose
TeuB_maduro_1-335	5dez-assembly2_B	0.130	168	8.790E+00	13	0.009	2.103E-01	0.436	0.263	5dez-assembly2_B Crystal structure of AcMNPV Chitinase A
TeuB_maduro_1-335	6o04-assembly1_C	0.098	294	9.891E+00	13	0.009	2.240E-01	0.684	0.481	6o04-assembly1_C M.tb MenD IntII bound with Inhibitor
TeuB_maduro_1-335	3ua4-assembly1_A	0.106	243	8.287E+00	13	0.009	1.943E-01	0.585	0.322	3ua4-assembly1_A Crystal Structure of Protein Arginine Methyltransferase PRMT5
TeuB_maduro_1-335	1q8i-assembly1_A	0.176	68	8.287E+00	13	0.009	2.444E-01	0.188	0.083	1q8i-assembly1_A Crystal structure of ESCHERICHIA coli DNA Polymerase II
TeuB_maduro_1-335	3mbc-assembly2_B	0.100	409	7.364E+00	13	0.009	2.168E-01	0.833	0.468	3mbc-assembly2_B Crystal structure of monomeric isocitrate dehydrogenase from Corynebacterium glutamicum in complex with NADP
TeuB_maduro_1-335	3k5n-assembly1_A	0.134	119	7.364E+00	13	0.009	2.382E-01	0.266	0.148	3k5n-assembly1_A Crystal structure of E.coli Pol II-abasic DNA binary complex
TeuB_maduro_1-335	5iud-assembly2_D	0.071	126	7.812E+00	13	0.009	2.101E-01	0.307	0.133	5iud-assembly2_D Human DNA polymerase alpha in binary complex with a DNA:DNA template-primer
TeuB_maduro_1-335	4nbu-assembly1_D	0.054	259	6.169E+00	12	0.008	1.677E-01	0.603	0.868	4nbu-assembly1_D Crystal structure of FabG from Bacillus sp
TeuB_maduro_1-335	5ycv-assembly1_D	0.093	266	6.544E+00	12	0.008	1.674E-01	0.615	0.948	5ycv-assembly1_D X-Ray Structure of Enoyl-Acyl Carrier Protein Reductase from Bacillus Anthracis (Apo form)
TeuB_maduro_1-335	3ngf-assembly1_A	0.114	263	8.790E+00	12	0.008	1.728E-01	0.627	0.895	3ngf-assembly1_A Crystal structure of AP endonuclease, family 2 from Brucella melitensis
TeuB_maduro_1-335	3frj-assembly1_A	0.096	259	9.325E+00	12	0.008	1.964E-01	0.672	0.718	3frj-assembly1_A Crystal Structure of 11b-Hydroxysteroid Dehydrogenase-1 (11b-HSD1) in Complex with Piperidyl Benzamide Inhibitor
TeuB_maduro_1-335	2tsy-assembly1_A	0.099	312	8.287E+00	12	0.008	1.607E-01	0.764	0.916	2tsy-assembly1_A CRYSTAL STRUCTURES OF MUTANT (BETAK87T) TRYPTOPHAN SYNTHASE ALPHA2 BETA2 COMPLEX WITH LIGANDS BOUND TO THE ACTIVE SITES OF THE ALPHA AND BETA SUBUNITS REVEAL LIGAND-INDUCED CONFORMATIONAL CHANGES
TeuB_maduro_1-335	3e03-assembly3_A-4	0.120	332	8.287E+00	12	0.008	1.884E-01	0.845	0.899	3e03-assembly3_A-4 Crystal structure of a putative dehydrogenase from Xanthomonas campestris
TeuB_maduro_1-335	3ioy-assembly1_B	0.091	350	6.942E+00	12	0.008	1.545E-01	0.899	0.930	3ioy-assembly1_B Structure of putative short-chain dehydrogenase (Saro_0793) from Novosphingobium aromaticivorans
TeuB_maduro_1-335	3ioy-assembly1_A	0.082	266	6.942E+00	12	0.008	1.755E-01	0.669	0.693	3ioy-assembly1_A Structure of putative short-chain dehydrogenase (Saro_0793) from Novosphingobium aromaticivorans
TeuB_maduro_1-335	4cmx-assembly1_B	0.074	242	9.325E+00	12	0.008	1.840E-01	0.594	0.646	4cmx-assembly1_B Crystal structure of Rv3378c
TeuB_maduro_1-335	4cmx-assembly1_A	0.067	237	8.790E+00	12	0.008	1.913E-01	0.576	0.621	4cmx-assembly1_A Crystal structure of Rv3378c
TeuB_maduro_1-335	7soy-assembly1_P	0.119	360	9.891E+00	12	0.008	2.126E-01	0.866	0.944	7soy-assembly1_P The structure of the PP2A-B56gamma1 holoenzyme-PME-1 complex
TeuB_maduro_1-335	6n6m-assembly1_A	0.115	252	5.168E+00	12	0.008	1.564E-01	0.627	0.567	6n6m-assembly1_A Crystal Structure of ATPase delta1-79 Spa47 R189A
TeuB_maduro_1-335	8vs6-assembly1_B	0.102	282	6.169E+00	12	0.008	1.605E-01	0.669	0.728	8vs6-assembly1_B L-TGF-b3/avb8
TeuB_maduro_1-335	6wyq-assembly2_B	0.104	298	9.325E+00	12	0.008	1.917E-01	0.740	0.732	6wyq-assembly2_B Crystal structure of Danio rerio histone deacetylase 6 catalytic domain 1 (CD1) K330L mutant complexed with 4-iodo-SAHA
TeuB_maduro_1-335	3i6e-assembly4_H	0.144	283	9.891E+00	12	0.008	2.014E-01	0.779	0.632	3i6e-assembly4_H CRYSTAL STRUCTURE OF MUCONATE LACTONIZING ENZYME FROM Ruegeria pomeroyi.
TeuB_maduro_1-335	1geh-assembly1_A	0.102	350	9.325E+00	12	0.008	1.806E-01	0.797	0.649	1geh-assembly1_A CRYSTAL STRUCTURE OF ARCHAEAL RUBISCO (RIBULOSE 1,5-BISPHOSPHATE CARBOXYLASE/OXYGENASE)
TeuB_maduro_1-335	2fkm-assembly1_X	0.092	402	6.942E+00	12	0.008	1.814E-01	0.821	0.762	2fkm-assembly1_X PMM/PGM S108D mutant with alpha-d-glucose 1,6-bisphosphate bound
TeuB_maduro_1-335	6jbi-assembly1_A	0.086	345	9.891E+00	12	0.008	2.173E-01	0.749	0.637	6jbi-assembly1_A Structure of Tps1 apo structure
TeuB_maduro_1-335	1kbi-assembly1_A-2	0.112	390	9.325E+00	12	0.008	1.814E-01	0.916	0.615	1kbi-assembly1_A-2 Crystallographic Study of the Recombinant Flavin-binding Domain of Baker's Yeast Flavocytochrome b2: Comparison with the Intact Wild-type Enzyme
TeuB_maduro_1-335	4dja-assembly1_A	0.110	352	9.325E+00	12	0.008	2.010E-01	0.764	0.593	4dja-assembly1_A Crystal structure of a prokaryotic (6-4) photolyase PhrB from Agrobacterium Tumefaciens with an Fe-S cluster and a 6,7-dimethyl-8-ribityllumazine antenna chromophore at 1.45A resolution
TeuB_maduro_1-335	7nxd-assembly1_B	0.072	289	8.287E+00	12	0.008	2.074E-01	0.699	0.341	7nxd-assembly1_B Cryo-EM structure of human integrin alpha5beta1 in the half-bent conformation
TeuB_maduro_1-335	5euv-assembly1_B	0.076	221	9.891E+00	12	0.008	2.349E-01	0.606	0.201	5euv-assembly1_B Crystal structure of a cold-adapted dimeric beta-D-galactosidase from Paracoccus sp. 32d strain
TeuB_maduro_1-335	3k5l-assembly1_A	0.112	169	6.544E+00	12	0.008	1.785E-01	0.361	0.183	3k5l-assembly1_A Crystal structure of E.coli Pol II-abasic DNA-dATP Lt(0, 3) ternary complex
TeuB_maduro_1-335	4fxd-assembly2_B	0.106	244	8.287E+00	12	0.008	1.929E-01	0.693	0.195	4fxd-assembly2_B Crystal structure of yeast DNA polymerase alpha bound to DNA/RNA
TeuB_maduro_1-335	7s6d-assembly1_B	0.083	417	5.168E+00	12	0.008	1.500E-01	0.893	0.387	7s6d-assembly1_B CryoEM structure of modular PKS holo-Lsd14 bound to antibody fragment 1B2, composite structure
TeuB_maduro_1-335	5cqj-assembly1_B	0.065	230	8.790E+00	11	0.007	1.831E-01	0.576	0.777	5cqj-assembly1_B Crystal structure of E. coli undecaprenyl pyrophosphate synthase in complex with clomiphene
TeuB_maduro_1-335	3sgv-assembly1_B	0.066	224	7.364E+00	11	0.007	1.628E-01	0.567	0.756	3sgv-assembly1_B Crystal Structure of E. coli undecaprenyl pyrophosphate synthase in complex with BPH-1290
TeuB_maduro_1-335	4cql-assembly1_F	0.093	321	9.325E+00	11	0.007	1.719E-01	0.830	0.965	4cql-assembly1_F Crystal structure of heterotetrameric human ketoacyl reductase complexed with NAD
TeuB_maduro_1-335	8r0c-assembly1_B	0.080	300	8.287E+00	11	0.007	1.491E-01	0.785	0.888	8r0c-assembly1_B Crystal structure of Borneoldehydrogenase ancestor N32
TeuB_maduro_1-335	5jc8-assembly1_C	0.112	347	9.891E+00	11	0.007	1.631E-01	0.857	0.988	5jc8-assembly1_C Crystal structure of a putative short-chain dehydrogenase/reductase from Burkholderia xenovorans
TeuB_maduro_1-335	3oif-assembly1_D	0.085	270	7.812E+00	11	0.007	1.689E-01	0.776	0.654	3oif-assembly1_D Crystal Structure of Enoyl-ACP Reductases I (FabI) from B. subtilis (complex with NAD and TCL)
TeuB_maduro_1-335	3s55-assembly2_E	0.097	268	6.544E+00	11	0.007	1.538E-01	0.660	0.729	3s55-assembly2_E Crystal structure of a putative short-chain dehydrogenase/reductase from Mycobacterium abscessus bound to NAD
TeuB_maduro_1-335	2clk-assembly1_A	0.123	315	7.812E+00	11	0.007	1.536E-01	0.764	0.921	2clk-assembly1_A Tryptophan Synthase in complex with D-glyceraldehyde 3-phosphate (G3P)
TeuB_maduro_1-335	3wql-assembly2_D	0.105	228	7.812E+00	11	0.007	1.743E-01	0.576	0.606	3wql-assembly2_D Crystal structure of Rv3378c with Mg2+ and PPi
TeuB_maduro_1-335	3c5w-assembly1_P	0.084	283	9.891E+00	11	0.007	1.652E-01	0.687	0.769	3c5w-assembly1_P Complex between PP2A-specific methylesterase PME-1 and PP2A core enzyme
TeuB_maduro_1-335	5ajy-assembly1_A	0.098	397	9.325E+00	11	0.007	1.897E-01	0.800	0.806	5ajy-assembly1_A Human PFKFB3 in complex with an indole inhibitor 4
TeuB_maduro_1-335	8a9c-assembly1_B	0.138	216	9.891E+00	11	0.007	1.691E-01	0.552	0.356	8a9c-assembly1_B Structure of truncated 1-deoxy-D-xylulose 5-phosphate synthase (DXS) from Klebsiella pneumoniae in complex with cofactor TPP
TeuB_maduro_1-335	4fvm-assembly1_A	0.117	247	9.325E+00	11	0.007	1.953E-01	0.693	0.187	4fvm-assembly1_A Crystal structure of yeast DNA polymerase alpha
TeuB_maduro_1-335	8foh-assembly1_1	0.101	157	9.891E+00	11	0.007	1.897E-01	0.415	0.129	8foh-assembly1_1 Cryo-EM structure of S. cerevisiae DNA polymerase alpha-primase complex in the RNA synthesis state
TeuB_maduro_1-335	9b6e-assembly1_A	0.075	318	6.942E+00	11	0.007	1.683E-01	0.836	0.226	9b6e-assembly1_A Cryo-EM structure of the mouse TRPM8 channel in complex with the antagonist TC-I 2014
TeuB_maduro_1-335	5exr-assembly1_C	0.112	124	9.891E+00	11	0.007	2.135E-01	0.296	0.107	5exr-assembly1_C Crystal structure of human primosome
TeuB_maduro_1-335	6vzz-assembly1_A-2	0.108	184	9.325E+00	10	0.000	1.882E-01	0.493	0.307	6vzz-assembly1_A-2 Crystal structure of glucokinase from Balamuthia mandrillaris in complex with glucose
TeuB_maduro_1-335	3k5o-assembly1_A	0.122	114	8.790E+00	10	0.000	1.812E-01	0.263	0.129	3k5o-assembly1_A Crystal structure of E.coli Pol II
